app_id,game_name,review_text,voted_up,votes_up,votes_funny,playtime_forever,playtime_at_review,steam_purchase,timestamp_created
730,Counter-Strike 2,"Even under the influence of drugs or alcohol, it is very difficult to tolerate monkeys on your team.",False,34,19,1352,985,True,2026-05-25
730,Counter-Strike 2,"I've been playing Counter-Strike for well over 20,000 hours, and at this point, it's more than just a game for me. I've played through different eras of Counter-Strike and experienced both the highs and the lows. Despite all the changes, CS2 still delivers something that no other FPS has managed to replace for me.

The gunplay is incredibly satisfying, movement feels great, and the competitive nature of the game keeps me coming back day after day. There are matches that make you want to queue again immediately, and there are matches that make you question your sanity. That's Counter-Strike.

Of course, not everything is perfect. Cheaters remain one of the biggest frustrations in the game. Running into suspicious players can ruin the experience, especially in competitive matches, and I genuinely hope Valve continues to improve anti-cheat measures because the community deserves better. Nothing kills the excitement of a close match faster than feeling like you're playing against someone with an unfair advantage.

That being said, I still believe CS2 has the best core gameplay in the genre. No battle passes, no gimmicks, no hero abilities can replace the simple formula that has kept Counter-Strike alive for decades. Every round matters, every clutch feels rewarding, and every mistake teaches you something.

I've taken breaks from the game many times, tried countless other shooters, sold skins, bought skins again, and somehow I always find myself coming back. There is just something special about Counter-Strike that is difficult to explain unless you've spent thousands of hours with it.

After more than 20,000 hours, I can honestly say that I'm probably addicted at this point, but I don't regret a single minute. Even with the problems, even with the cheaters, this is still my favorite competitive game of all time.

Valve still has work to do, but the foundation is fantastic, and I believe the game will only continue to improve.

20,000+ hours played. Still queueing. Still raging. Still having fun.

Highly Recommended. 👍",True,77,15,144190,135301,True,2026-05-20
730,Counter-Strike 2,"The game is much better after they removed the latency in bullets. It feels "" a little more "" like the Go but still not as close.. 

Yet they are still doing ♥♥♥♥♥♥♥♥ updates instead of a proper Anti-Cheat system. Which is the general downfall of this game.
Since 2017 they are being lazy against the cheaters. Even valorant has a better system than big old Cs..

Yet still feels good to play when there are no loser cheaters.",True,27,4,79987,78860,True,2026-05-22
730,Counter-Strike 2,"I grew up playing this franchise. It shaped my childhood, fueled my passion for gaming, and ultimately became my career. Transitioning from a kid playing for fun to competing as a professional player gives me a unique perspective on Counter-Strike 2.Valve had a massive task in replacing CS:GO, and while the transition hasn't been flawless, CS2 successfully modernizes the greatest tactical shooter of all time.The ProsStrategic Evolution: Volumetric smoke physics completely rewrite the tactical playbook. Displacing smoke with HE grenades adds incredible depth to professional play.Visual Clarity: The Source 2 engine provides vibrant lighting and vastly improved player visibility, which is crucial for high-level competitive integrity.Audio Engineering: Sound cues are sharper and more directional, allowing for precise, instinctual audio positioning.The ConsSubtick Consistency: From a professional standpoint, the subtick system still lacks the crisp, predictable responsiveness of legacy 128-tick servers.Performance Optimization: Higher hardware demands can cause occasional frame-rate drops, requiring a high-end PC to maintain stable tournament-level performance.Final VerdictCounter-Strike 2 honors the legacy of its predecessor while building the foundation for the future of esports. It preserves the unforgiving skill ceiling I fell in love with as a kid, while delivering the modern upgrades needed for the next decade of competition. Whether you are a casual player or a aspiring pro, this is still the pinnacle of tactical shooters.",True,596,136,42805,40022,True,2026-06-13
730,Counter-Strike 2,"The Source 2 transition brought reworked visuals and physics-based smokes that genuinely move the game forward; the smokes are so pretty now you almost want to get lost in them. The sub-tick system changed how shooting feels, and thanks to it I'm absolutely certain every death of mine is perfectly fair (it's not). Still, the movement and gunplay kept that classic bone structure, so veterans feel right at home immediately.
On the anti-cheat side, things are better than before now that VACnet has improved, but you'll still bump into the occasional ""suspicious"" people in Premier. To be honest, I also learned to check my own crosshair placement before blaming a cheater. Despite all that, the competitive depth, economy management, and team play are still the best in the genre.
That said, I genuinely miss CS:GO. There was something about its feel, its cleaner simplicity and that old-school identity, that CS2 hasn't fully recaptured for me. CS:GO was just better in a lot of ways, and a part of me wishes I could go back.
It's free, constantly updated, and has a massive community. You can spend hours trash-talking with your friends, what more could you want? It's a game every FPS fan should try.
Highly recommend, but consider this a warning so your life doesn't get derailed.",True,785,2,14494,11826,True,2026-06-15
730,Counter-Strike 2,"biggest piece of dogsh*t game ever
every single faceit match is filled with autistic turks or a 3-stack of polish morons who dont give info because they are circlejerking on teamspeak while listening to disco polo
even when you have good teammates the ♥♥♥♥♥♥♥♥ game mechanics make it so if you headshot someone they magically stand up like a f*cking shaolin sit up 
""subtick gameplay makes everything more accurate"" except even 64-tick felt smoother than this bullsh*t
premiere is a cesspit of bots who watched one nadeking video and think doing lineups for the first 30 seconds of a round will help them win a round while the enemy team has already cleared the rest of the map
wingman is full of cheaters who have the ego of alejandro garnacho but the skill of a silver 1
deathmatch is full of bots who farm cases for 3rd world monkeys who make the equivalent of 30 cents an hour working a real job

whole community is a circlejerk of eastern european depressed egomaniacs who are hardstuck 1400 elo on faceit along with balkan uncles who play in internet cafes and dont speak a lick of english

10/10 would recommend
",False,31,15,279140,277932,True,2026-06-04
730,Counter-Strike 2,"game is being neglected big time and valve are dumbing down the game and reducing the skill ceiling.

3 years after release they updated the old animgraph system and the game is out of alpha and now is in beta. 

still no achievements and most of the maps of CSGO are not present, and lets not talk about the subtick.

so yeah still beta garbage, i only play for the drop.",False,26,0,470,234,True,2026-05-22
730,Counter-Strike 2,"The “No Anti-Cheat” Experience
Playing CS2 in the beginning was pure anarchy in the best and worst ways:

Pros: -

Cons: The games were a coin flip between “this is the best FPS ever made” and “I’m getting blatantly aimbotted every death.” Spinning bots and rage hackers with triggerbots made casual queues almost unplayable for normal players.",False,126,5,6222,6112,True,2026-06-09
730,Counter-Strike 2,"dont install this game expecting a fun time. cheaters, trash inputs, retarded teammates. it can be fun sometimes but it usually doesnt last",True,24,4,44733,42847,True,2026-05-29
730,Counter-Strike 2,"Cons: 
-♥♥♥♥♥♥ premier teamates
-Grown men throw tantrums
-Worsens your gambling addiction
-Ruins your mental health
Pros:
+Too ♥♥♥♥♥♥♥ addicting

10/10 Absolute Cinema.",True,16,7,20762,20205,True,2026-06-04
730,Counter-Strike 2,bro i hate this game and it's archaic shooting system built by archaic cavemen snorting straight dinosaur teeth. Move at all and your bullet does a 180 faster than a highway patrol cop when he sees a red nissan altima going 160 with 3 kids in the back seat and then it kills the fool standing behind you because his big old head got in the way. I hate this game bro.,False,18,4,8823,8823,True,2026-05-29
730,Counter-Strike 2,"End of an Era. Requiem for a Legend

I grew up with this series. I personally loved CS 1.6, played it for over 14 years. That game was a masterpiece, endless mods, plugins, custom servers, a real community. That was Counter-Strike with a soul.
CS:GO was the last legend. CS 1.6, Source, GO, every entry was a step forward. CS2 is not a step forward. It's a rebrand. New engine? Sure. Better textures? Sure. That's it. Everything else is a downgrade.
ANTI-CHEAT: 3 YEARS OF SHAME.
Open Deathmatch and you see aimbots, triggerbots, wallhacks everywhere, farming accounts in plain sight. Report them and get silence back. You jump into Premier, run into a cheater, report him, match still counts, cheater keeps playing, Valve shook his hand and moved on. Yes, September 2025 had a big VAC update, lots of bans, cheat forums were crying. Nice. But by spring 2026 VAC Live is back in sleep mode, roughly 4,000 bans in March across tens of millions of players. That's a statistical error, not a fight against cheating. FACEIT became the norm not because people wanted it, but because Valve's own servers are unplayable.
SHOOTING: subtick that nobody asked for.
Aim at the head and the bullet goes nowhere. Shoot at a wall and get a headshot. The subtick system was supposed to make everything more precise. In reality visual feedback doesn't match what the server calculates, peeker's advantage is massive, and hit registration is still worse than it was in CS:GO. Pro players admit it, the community admits it, only Valve pretends everything is fine and drops a new skin collection.
CS2 = MARKETING. FULL STOP.
The new engine wasn't built to make the game better. It was built to make skins look prettier so they could sell for more. The skin market grew to $5.9 billion. AWP Dragon Lore sits at $70,000+. People hold pixels like stocks. They added character legs in a first person tactical shooter. Why? More body visible means more reason to sell clothing for your character. Agent skins already give real visual advantages on certain maps, cosmetics affecting gameplay. And in October 2025 Valve wiped $1.75 billion in skin market value in 24 hours with a single patch. People lost thousands of real money. That's the whole point, Valve runs the casino and changes the rules whenever they feel like it.
CS:GO was a legend. CS2 is its gravestone with better textures and a new case every two weeks. Play on FACEIT if you want a real match. Or go back to the memories of when Counter-Strike was a game, not a storefront.
Valve, you betrayed your own legend.",False,13,0,56047,56007,True,2026-05-17
730,Counter-Strike 2,IDK why people is so afraid of AI. Valve's Vac Live isn't even capable of detect spin cheaters,False,24,3,17586,17326,True,2026-05-29
730,Counter-Strike 2,"Great game, horrible player-base and not much is being done by Valve to properly combat these individuals ruining the game for everyone.",True,9,1,29122,26333,True,2026-06-11
730,Counter-Strike 2,They turned off Vac and cheaters are going nuts...,False,17,0,109103,108264,True,2026-06-07
730,Counter-Strike 2,"Counter-Strike 2 (CS2) stands as the successor to one of the most iconic tactical shooters in gaming history. By transitioning from the aging CS:GO engine to Source 2, Valve aimed to modernize the experience while preserving the core competitive integrity that defined the series for over two decades.

---

### The Good: Refined Mechanics and Competitive Depth

* **Source 2 Engine:** The visual overhaul is significant. Lighting, textures, and particle effects are drastically improved, making the game look sharper and more immersive.
* **Dynamic Smoke Grenades:** This is arguably the most impactful gameplay change. Smokes are now volumetric objects that interact with the environment. They react to bullets and explosions, allowing players to clear lines of sight temporarily—a feature that adds an incredible layer of strategic depth.
* **Sub-Tick Architecture:** Valve introduced a new ""sub-tick"" update system intended to bridge the gap between high-tick rate servers and lower-tick environments. While controversial at launch, it fundamentally aims to make movement and shooting more responsive and consistent across all player tiers.
* **The Premier Mode:** The revamped matchmaking system offers a clear, ELO-based ranking path that feels more professional and rewarding than the traditional matchmaking ranks.

### The Fun: The ""Culture"" of CS

* **Skin Economy:** The digital economy surrounding CS2 is unmatched. Collecting, trading, and showcasing skins is a game in itself, often keeping players engaged even when they aren't actively grinding ranks.
* **The Community & Custom Servers:** From intense ""Surf"" maps and ""KZ"" (parkour) servers to casual community modes, the social aspect of jumping into a server with friends remains the heart of the experience.
* **The ""Clutch"" Moments:** There is no adrenaline rush quite like being the last player alive in a 1v3 situation, successfully defusing the bomb, and hearing the roar of your teammates. These high-stakes moments are what make the game legendary.

### The Bad: Challenges and Frustrations

* **Anti-Cheat Issues:** Despite the introduction of ""VAC Live,"" the game continues to struggle with cheaters in higher ranks. Many long-time players feel that the current anti-cheat system is insufficient to handle the evolving complexity of external software.
* **Performance Inconsistency:** While the Source 2 engine looks great, it demands more from hardware than its predecessor. Many players with mid-range setups have experienced inconsistent frame rates (stuttering) that can be fatal in a competitive shooter.
* **Content Deficit:** Since its release, many legacy maps, community game modes (like ""Arms Race"" or ""Danger Zone"" variations), and specific tactical elements from CS:GO have been slow to return or are missing entirely, leading to a sense of ""less content"" compared to the refined state CS:GO reached before its retirement.

---

### Final Verdict

Counter-Strike 2 is a foundation-level upgrade. It successfully brings the franchise into the modern era with better visuals and smarter utility mechanics. However, it still carries the weight of a transition period. While the core gameplay remains the ""gold standard"" of tactical shooters, the community is still waiting for Valve to refine the anti-cheat and bring back the depth of content that made the previous iteration feel so complete.

---

*As you continue to climb the Premier ranks and manage your current loadout, do you feel that the recent balance patches have significantly impacted your personal playstyle or weapon preferences?*",True,6,0,17081,17081,True,2026-06-13
730,Counter-Strike 2,"Valve's automated Griefing Ban system is a complete joke.

As a Level 10 FACEIT / 25k Premier player with nearly 3,000 hours in this game, I am extremely frustrated. I just got queued with a toxic 2-man premade stack who harassed me, body-blocked my crosshair, and dealt team damage the entire match. I didn't retaliate, I didn't type a single toxic word, and I instantly muted them to focus on trying to win.

My reward? A 24-Hour Competitive Cooldown because they stacked false reports against me.

Your system doesn't check demos, logs, or damage stats—it just blindly hands out bans based on report spam. Toxic stacks are literally using your own report button as a weapon to grief solo players. Fix this broken system, Valve. Stop punishing innocent players who actually love and grind your game.",False,4,0,178259,177805,True,2026-06-05
730,Counter-Strike 2,The game has become a shelter for cheaters. I can't play one single game without someone cheating. It's sad how this community of cs has turned like. I hope Valve wakes up and shows those mf where they belong.,False,13,2,55941,54925,True,2026-05-23
730,Counter-Strike 2,"TLDR: CS2 is a no-no currently, lacks what CSGO had, community's infested with a major population of immature brats, problematics worming their way on both Casual and Comp modes, greed takes priority than the community, devs abandoned the game, and many other 99 problems we could list but am not going to tire myself with that.

Starting with the first and foremost cardinal advice, I recommend against playing Counter-Strike 2 in its current state.

It's the hollow promise that was never realized and also the reason that Counter-Strike Global Offensive deserved better than to be replaced by the game that's now left out to be severely rotten without any meaningful changes. The gameplay is as the same as you would've had it on Global Offensive, except this time it's practically turned into a barebones version that is not feeling the same. 2's Matchmaking modes are lacking where Global Offensive had much more on offer. You only have Casual, Deathmatch, Arms Race and Retakes. That, and the competitive modes such as Premier, Competitive and Wingman that I'm not ever keen on touching with a 10-foot pole because of the horrifyingly inconsistent anti-cheat that allows cheaters to illegitimately rank their way up through unprofessional means.

On Casual matchmaking modes, you'd be lucky to have some coherent individuals that know how to play the game, but chances are there are plenty of rotten apples who will go out of their way to completely sabotage your normal session and just attempt to votekick you out of the lobby because they suck and thrive off their bloated egos, or if you're playing way better than everyone on your team. Just because you happen to play better doesn't mean the immature runts have enough reason to do a votekick over it, yet they do.

Deathmatch? DON'T GET ME STARTED. Every map group has become infested with the botfarm problem that's been plaguing the mode for as long as it's still prevalent, yet nothing is done to outright use digital insecticide to brick the living daylights out of the lowly insect botfarm-operated accounts (with PRIME STATUS, mind you) that continue to worm their way into this mode for every weekly drop they can get.

Arms Race is just plainly stripped down two Gun-Game maps and two Shoots maps. Not worth the effort IMO, since it's just mindless gun-rolling and I don't care much for it.

Retakes is 4v3 straight-shot of the normal defusal mode but it's a genuinely 99% losing and 1% winning because you can't get teammates that constantly run into enemy players or sometimes get lucky if you have a team that aims to win. I even saw a duo of russian brats votekicking a singular teammate off the T side because they want to play duo and yet they lost because of it, that's how inept a harmfully immature majority of players are distinguished from the sane and mentally stable human players.

Like Global Offensive, you can have plenty of skins for your weapons, gloves, even agents to make you look distinguished from the default agents on every map because for some ungodly reason factions had to be removed and put back in as standalone agents that you have to buy. You can already guess that some high-tier skins and items even cost a lotta real world money and it's not feasible to save money on when you got cases that you have to buy untradable keys for.

The game may have stood solid in the beginning of its lifespan, but in the long-standing overtime it's worn out its welcome. No sane person should ever have to endure the majority of caustic dimwits within the playerbase who aim to sabotage your experience no matter the mode by being obnoxious and votekicking you for any reason to boost their bloated ego. And the fact that it's in a sordid state is inexcusable especially when greed takes priority within the high-ups and the devs have left the game and its players on life support.

You can try your hand at finding community servers as you wish if you want to get away from the matchmaking chaos, but it doesn't matter either way. Mileage may vary depending on every sane human person playing Counter-Strike 2 and looking for the community servers to play on.

Counter-Strike Global Offensive deserved better.",False,4,0,8859,8857,True,2026-06-14
730,Counter-Strike 2,"I wouldn't recommend this game. I only play it because of my boyfriend since I love playing with him, but the solo Premier experience is awful. You run into so many cheaters it's crazy. I don't understand how Premier matchmaking can be this bad. I’m level 25 with 12k elo, and I’m getting queued against 26k elo guys spinning around and hitting impossible jump shots with AWPs.

If it wasn't for that and the state of the game right now, I’d play it a lot more. I love the game, but I just can't recommend it with how things are. The cheater issue is insane, the game is in such a bad place right now. It's giving Call of Duty: Warzone vibes...",False,4,0,6747,6316,True,2026-06-14
730,Counter-Strike 2,"[h1]I always used to say ""I wish there was another game exactly like CS except it was actually fun""[/h1]

[spoiler]Years later I realized it's literally just going outside and living my life.[/spoiler]

[table][tr][th]I think Ive always circled back somehow, when living life becomes not so fun anymore, CS was always there to take care of this feeling I'd have about lacking in preparation or plans.

But somehow.. since I know nobody can ever be truly perfect at anything. I started sacrificing my body, organs, and mind, to the only thing in my life that was ever capable of letting me think I would eventually be ""good enough""; but even then, I dont think it would have ever actually been me. 

My heart can't belong to something that doesn't care about how I feel.

So Counterstrike has always just been a distraction that made me think 
""maybe one day I'll deserve to feel like I'm enough""
rather than being something that was capable of ever making sure I knew that I always had been enough.

And I think that's why this game is so addicting. Because if I just escape everything one more time; maybe this time I will finally feel like I'm doing something right.

When Im playing a match, nothing about my life matters anymore except my ability to perform well.
There is literally not a single moment in a round that I can waste on thinking about anything other than what my next move is about to be.

So everything just disappears and something more rewarding takes its place; but only if I can execute it properly.

I think this can become really dangerous, because it effectively replaces every feeling required for emotional growth with something that makes you only feel positively about practical growth.

It is a drug. It's a drug that teaches you how to commit responsibily, how to work with others, how to see things other people might not, how to abstain from things you desire, how to find motivation in devastation...

But the only thing it will NEVER be able to teach you is how to implement how you truly feel about these things into who you are as a person.[/th][/tr][/table]

Maybe I just miss when it was my innocent escape from highschool rather than my devastating escape from how I feel about myself.",False,3,1,136945,136192,True,2026-06-13
730,Counter-Strike 2,"The game is good, the only downsides of the game are cheaters, movement nerf, aim punch, more and more noob friendly, more cheaters. Ah and let's not forget bot farms. Good days we live. If ur sane, don't play the game. I am not sane (anymore)",True,10,5,11819,10474,True,2026-05-26
730,Counter-Strike 2,"Game sucks... Full of cheaters and trust factor is broken for everyone. Support doesn't help at all either, bunch of rude people who don't care about the community.

Better than Valorant but that's about it.",False,7,0,23982,23747,True,2026-06-02
730,Counter-Strike 2,"Do I play this game everyday? YES (BEKUZ OF FRENS).
Do I enjoy playing? NO (I hate everything inside the game)
Will I suggest this game to anyone? YES (WHY NOT? LET THEM FEEL HELL LIKE I DO EVERY SINGLE DAY)",False,2,0,35997,35817,True,2026-06-10
730,Counter-Strike 2,Was the best game at the time of csgo but now fully ruined by hackers full time waste,False,5,0,153029,151485,True,2026-06-04
730,Counter-Strike 2,Cant play this game so many cheaters. Also cant fix trust factor if it becomes Red. Dont buy just play different game or play faceit.,False,2,0,182488,182488,True,2026-06-15
730,Counter-Strike 2,"Game is ♥♥♥♥, people report me and trust factor goes down and I get cheaters.",False,3,0,1332,1200,True,2026-06-15
730,Counter-Strike 2,"This is game is just a gambling simulator normal matchmaking is bad if u pay for prime its even worse valve only cares about cases and items not about cheater dont ever EVER play this game
",False,2,0,10890,10331,True,2026-06-12
730,Counter-Strike 2,"used to run csgo with the boys, shi was lowkey legendary. now we on cs2 years later… still gaming, still chillin. tuff game fr.",True,2,0,456,315,True,2026-06-12
730,Counter-Strike 2,"Counter-Strike 2 is a really fun and competitive game. Every match feels exciting, and the gameplay rewards teamwork, skill, and quick decision-making. It's easy to learn the basics, but it takes a lot of practice to master. Whether you're playing with friends or climbing the ranks, the game stays engaging and challenging. Overall, it's one of the best competitive shooters I've played. 9/10.",True,2,0,30509,30509,True,2026-06-10
730,Counter-Strike 2,"Counter Strike 2 is an exciting and highly addictive shooter that elevates the classic gameplay to new heights. The graphics are stunning, providing a more immersive experience, while the gameplay remains fast paced and strategic. The improved mechanics and smooth controls make every match feel thrilling and rewarding. It's a fantastic update that keeps the spirit of the original alive while offering fresh elements for both new and veteran players. Highly recommended for anyone looking for a competitive and fun shooter!",True,2,0,2794,2705,True,2026-06-11
730,Counter-Strike 2,"I'd rather play this gay Valorant, which comes with Chinese malware, than this cheap game where 40% of players use cheats and exploits. Go fix your stupid anti-cheat, I'm almost sure VAC stands for Valve Allows Cheats. At least in Valorant you play fair, instead of tearing your hair out trying to get a headshot while the other team, devoid of maternal love, spins around with an SSG to suddenly shoot you in the head mid-air.",False,3,0,4384,4189,True,2026-05-24
730,Counter-Strike 2,"Fun game for the friends! I enjoy this computer game. 

Very many good havings with others!",True,2,0,10903,10504,True,2026-06-11
730,Counter-Strike 2,Almost every premium game has a cheater. I hope Gabe is having a good time on his expensive yacht.,False,5,0,29895,29351,True,2026-05-29
730,Counter-Strike 2,"I ABSOLUTELY HATE THIS GAME!

If I solo queue on premier, I get 4 of the most down syndrome teammates on earth.
If I full stack queue on premier, we get matched against 5 of the greatest players EVER.
There's a cheater every other game I play in with green trust factor 
No I will not install Faceit, because I shouldnt need a 3rd party client to play a game I ALREADY PAID FOR

I spend all this money on skins, just to get treated like im some kind of homeless veteran who served in Iraq and who's legs got blown up and lives on a wheel chair.
I have to spend hundreds of dollars on keys and cases, just to get the most shi ass navaja knife. 
I have to go to a 3rd party website just to buy the skins I want for a 20% cheaper price than buying it off Steam.
THEN WHEN I BUY THE SKINS, THE MARKET CRASHES AND I COULDVE BOUGHT IT FOR WAY LESS!

dont waste your time with this masked casino pretending to be a ""game""
",False,4,0,81292,79930,True,2026-05-30
730,Counter-Strike 2,The most popular and well known FPS game in the world and it's for a good reason. The classic 5v5 bomb defusal mode makes your heart rate go higher in clutch moments. Endless hours of fun with many game modes and community maps. The game plays well on my system.,True,9,1,73679,69405,True,2026-05-22
730,Counter-Strike 2,I very much like this game! You can get the feeling of being a true terrorist and also have the power to stop it. Teamkilling is also very effective to use for ragebait. WHOA! WHOA! WHOA!,True,3,0,1506,1137,True,2026-06-10
730,Counter-Strike 2,"Absolute ♥♥♥♥♥♥♥ game - infested with cheaters and bots. I used to play it once a week in deathmatch to get the weekly drop, but now even that is impossible because deathmatch is only played by cheating bots. And the geniuses at valve cs2 team decided to punish regular players by implementing a deathmatch XP cap, so you only get 250–300 XP per match. So now it takes [b] 17 MATCHES [/b] to get the level up which takes about [u] 3 hours [/u] before you could get 500 exp per match with 300 bonus weekly which would take 6-7 matches with only [u] 1 hour [/u] of playtime.",False,4,0,6529,6529,True,2026-05-28
730,Counter-Strike 2,"ON PRIME Competitive: cheaters VS cheaters.
ON PRIME Premier: cheaters VS cheaters.
MY RECORD: I played with 2 cheaters in my team VS 4 cheaters in enemy team.
This game is dead...",False,3,0,1247,1094,True,2026-05-25
730,Counter-Strike 2,"I want Valve employees to play their own game and, when they encounter five cheaters on the enemy team, smile with pride because their game is so well made.",False,3,0,5181,4808,True,2026-06-05
730,Counter-Strike 2,"♥♥♥♥♥♥ ass game,i always get ♥♥♥♥♥♥♥ teammates,Valve ffs fix your game and give me teammates equivalent to my skills",False,2,0,45675,43255,True,2026-06-12
730,Counter-Strike 2,"⭐ 0/10 — The Cheaters Have Better Matchmaking Than Players

Counter-Strike 2 feels less like a competitive shooter and more like a social experiment designed to test how much suffering a player can endure before uninstalling.

The anti-cheat situation is so bad that every match feels like a coin flip between playing Counter-Strike and starring in a live demonstration of ""How Walls Work."" Trust Factor? Nobody knows what it does anymore. Good players get punished, questionable players get rewarded, and everyone gets thrown into the same digital dumpster fire.

Then there are the servers. Nothing says ""premier competitive experience"" quite like dying three business days after reaching cover. Every gunfight feels like you're arguing with the server about what actually happened.

And let's talk about communication from Valve. The community reports problems for months, and the response often feels like a mysterious silence broken only by another case release. Bugs survive longer than most esports careers.

As for Gabe Newell, at this point I picture him as a giant greedy fox sitting on a mountain of case keys, occasionally peeking down at the player base and saying, ""Have you considered opening another crate instead of fixing the game?""

CS2 somehow took one of the greatest competitive games ever made and turned it into a trust-factor lottery running on servers powered by wishful thinking.

Recommended? Only if your hobbies include packet loss, existential despair, and trying to determine whether your opponent has incredible game sense or just a second monitor showing the entire map.
",False,5,1,23973,22887,True,2026-05-30
730,Counter-Strike 2,Nice gameplay for OG's and rookies. take some time to get better.,True,5,1,18661,15544,True,2026-06-08
730,Counter-Strike 2,"Great game. Terrible for your life.

1,000 hours in and I still haven't peaked. The game is polished, competitive, and dangerously addictive. One round always becomes ten.

Only install if you're unemployed or have genuinely given up on having a life. You've been warned.

Your Mom's one and only Ex,
Supreme_SARMAJI",True,2,0,60141,60117,True,2026-06-12
730,Counter-Strike 2,This is really sad when VAC cannot detect spinning bot.  Cheaters are not even hiding it...,False,3,0,44462,44060,True,2026-06-09
730,Counter-Strike 2,"♥♥♥♥ ass game many cheaters and laggy
",False,3,0,37203,36415,True,2026-05-30
730,Counter-Strike 2,"Come play CS.

We have deathmatch mode full of bots advertising bots, cheats, and skins.
We have anti-cheat that is based on ""trust"".
We have cheaters who cant win at anything else in life, so lord gaben pities them and allows them to keep playing.

Valve says ""It is fun game every other game. Good enough. Open more cases goldgoldgold""",False,2,0,35569,35416,True,2026-05-28
730,Counter-Strike 2,"the game ♥♥♥♥♥♥♥ sucks, but the anticheat sucks even more. Spinbotters hitting countless perfectbhops whilsty flying and hitting 4 consecutive headshots dont evben get flagged. All this so gaben can pocket a few more pennies. All european servers are filled with cocky, ""edgy"", unfunny spiteful russians. The ranked system is incredibly ♥♥♥♥: lose a game agiasnt real legit players u lose 100/200 elo, but ifg u lose to a cheater of which u cant compete agianst? u lose 400. I ghet qued up agiasnt people whom have played the game since i was 4, got 8x my playtime and skins worth more than a car. ♥♥♥♥ valve, ♥♥♥♥ and also ♥♥♥♥ cs2. the game should be REQUIRED to refund me the time wasted playing this social experiment of a game. ""Banana shooter"" has better mechanics than this game. Excecute valve with an AA-12 the fist of god",False,4,0,18909,15504,True,2026-05-23
730,Counter-Strike 2,"might be one of the worst games ever made, gunplay horrible, the fanbase is almost subhuman, bullets dont even follow your crosshair, (shooter btw). R6, Apex, Ow2, Marvel Rivals, Cod, these are all better games than this, matchmaking doesnt exist. no anti cheat.

the only good thing to come out of this game after 30 years is its esports scene and ohnepixel",False,2,1,7507,6952,True,2026-05-22
730,Counter-Strike 2,"Game was dead ten years ago when they changed all the maps and implemented automated admins that get you banned for being reported by people who don't like you beating them (and they are cheaters). VAC is worthless, game is full of cheaters. Then they made the game free. Do not take Counter-Strike 2 serious, this is not 1.6, source or Global Offensive, just a terrible game, sold all the skins and crates and bought worthwhile games off-steam. Thanks Steam for ruining another game.",False,2,0,49943,49943,True,2026-05-22
730,Counter-Strike 2,"this game is ♥♥♥♥♥♥ , u better not to buy this game,  full of cheaters n not a single fair match",False,3,0,4194,3733,True,2026-05-29
730,Counter-Strike 2,"alot of cheaters and valve doesnt care about it, because the devs themselves run bot farms to make money from gamba",False,3,0,2914,2665,True,2026-06-07
730,Counter-Strike 2,"the most cheating transgender pc gaming rejects come here to ruin gameplay experiences for the legits and quite frankly valve doesn't give a ♥♥♥♥ as long as you keep buying crates, keys, skins, and whole loads of their cosmetic ♥♥♥♥♥♥♥♥. Trans pc gaming nerds inject copious amounts of third party kernel level malware into their piece of s h i t prebuilds for an advantage in a virtual war game. 

Can you even fathom how pathetic that is?
I know I can and honestly that will never stop me from playing this excruciating game because at it's core level it is still one of the most iniutive and precise gameplay experiences I have ever played, they have stuck with a simple formula and it just works. 

TOTAL HACKER DEATH
ALL HACKERS MUST DIE!!

PROS
-some skins are nice to look at

CONS
-too many cheaters
-graphics are unacceptable for a 2026 game
-no modding community
-tick rate is unacceptable
-lag is unbearable
-0/10
-not a fun gameplay experience especially for legits
-hackers get catered to by valve
-unplayable
-F U C K this game
-no singleplayer campaign
",False,2,0,39437,38583,True,2026-05-23
730,Counter-Strike 2,"full of cheaters, and Valve does nothing for it",False,3,0,90725,89883,True,2026-05-26
730,Counter-Strike 2,"honestly this game is unplayable, so many cheaters
on deathmatch you will have 50% of bots and im not even exaggerating 
glad i sold everything i had",False,3,0,22592,22592,True,2026-06-15
730,Counter-Strike 2,The best competitive shooter to exist with more life yet in it and an amazing community.,True,1,0,25708,25641,True,2026-06-16
730,Counter-Strike 2,"I am the safest player in the lobby.

I have played for 34 hours and I can confidently say the enemy team has absolutely nothing to fear from me. My bullets hit the walls, the sky, the floor, and occasionally my own teammates—but never the enemy.

Great game, but I am legally blind. 10/10.",True,1,0,2081,2081,True,2026-06-16
730,Counter-Strike 2,"Too many Cheaters. Vac-Live dosent work, oh sorry it works(bans not guilty people for 30 days) but not banning actual rage cheaters. This is nonsence. No content. Casino simulator. 
Steam support not helping whit not deserved ban from vaclive.",False,1,0,60694,60501,True,2026-06-16
730,Counter-Strike 2,"Very good game, i broke two monitors and my sister and my mental health, i recomend this game if you want your family to hate you",True,1,0,11650,11495,True,2026-06-16
730,Counter-Strike 2,"Best FPS game of all times. I love playing this game, also the free weekly drops system is so good i even purchased some other games by selling those drop items. Just play for fun and ignore the cheaters. Have a nice day. W devs.",True,1,0,2281,2232,True,2026-06-16
730,Counter-Strike 2,"great game/
the best multiplayer fps game ever made/
but it doesnt have a good anti cheat:
plz valve do some thing about it.",True,1,0,77465,77028,True,2026-06-15
730,Counter-Strike 2,Worst game ever created. The bullet trajectory is totally broken and no intention of fixing it. All it got is Skins. Broken anti cheat,False,1,0,14382,14282,True,2026-06-15
730,Counter-Strike 2,"Man, I have been playing this game for far too long. Valve, please fix your game! I'm tired of playing with the same bot teammates all the time. I'm posting this review hoping to unbox a knife on my third account, since you made me buy 3 accounts just because I got banned for simply trying to kill my friends. Also, fix your report system. I've had a low Trust Factor for 2 years now and I only say the N-word a couple of times per game, wym im toxic man, gaben move your fat ass and give me another knife pweaseee",False,1,0,115500,115403,True,2026-06-15
730,Counter-Strike 2,"people this game are so good its unreal, how can human achieve that kind of power.
every game u play u will see people spinning and still hitting u headshots every single shot even in deathmatches. absolute cinema",True,1,0,39922,39411,True,2026-06-14
730,Counter-Strike 2,"nice game in mechanics but after buying prime more hackers come so they should 
be banned",True,1,0,15968,15871,True,2026-06-14
730,Counter-Strike 2,Good game just need an improving on the anticheat on premier the hackers are getting out of hand,True,1,0,2274,2264,True,2026-06-14
730,Counter-Strike 2,very good competitive game but sadly very poor Anti Cheat system and Premier any other gamemodes are bad expierenced,True,1,0,11645,11006,True,2026-06-14
730,Counter-Strike 2,"I've played CS in some shape or form for most of my life. I took a break for a couple of years but started playing again pretty recently.

What is up with this game right now? There are blatant cheaters every other game and VAC live or whatever isnt doing ♥♥♥♥.
And its not like my trust factor is low; I cant even imagine what the game is like for new players. Is this really how Valve wants new players, or anyone for that matter, to experience the game? People have to resort to third-party matchmaking pools to even attempt playing a fair game.
They fully embraced the infinite money printing machine that is skins and cases, and went full corporate-greed-mode. There is NO other reason CS2 exists, because they clearly do not care anymore.

Its such a shame honestly. Fix your ♥♥♥♥♥♥♥ game.",False,1,0,76867,76480,True,2026-06-14
730,Counter-Strike 2,"Game is very pay to win, people are paying for good gaming chairs, and ergonomical keyboards to  see and shoot trough ♥♥♥♥♥♥♥ walls.",False,1,0,20845,20516,True,2026-06-13
730,Counter-Strike 2,"One of the best FPS games of all time, to play with friends, randoms or solo.",True,1,0,1934,1539,True,2026-06-13
730,Counter-Strike 2,"Any thing is better then this games, dont waste your time!

 100% bot and cheater infested.

Skins market is manipulated and you will lose money!",False,1,0,1078,1020,True,2026-06-13
730,Counter-Strike 2,The game itself can be fun when you have  friends. But being consistently harassed by the same player is not fun.,True,1,0,2634,612,True,2026-06-13
730,Counter-Strike 2,This first person shooter game is tactical and creates a unique immersive experience to enjoy for hours!,True,1,0,8408,8268,True,2026-06-13
730,Counter-Strike 2,"Counter-Strike 2 is a fun and competitive shooter with great gunplay and teamwork. The updated graphics and smoke effects improve the classic Counter-Strike experience.

However, matchmaking can feel inconsistent, and cheaters are still a frustrating problem in some matches. Despite that, I’d still recommend it to players who enjoy tactical FPS games.

-JTL",True,1,0,64539,64280,True,2026-06-13
730,Counter-Strike 2,"good solid project form indie small company, totaly no bots in dm. there is no cheaters like anti cheat is work sooo cool + good funny helpfull positive community + new Yacht recomend!",True,1,0,3774,3273,True,2026-06-13
730,Counter-Strike 2,u is peple and kil other peple with gun so very ok . but peple make chet for this game and peple spin and shoot peple while look up and it very no,True,1,0,15331,14822,True,2026-06-12
730,Counter-Strike 2,"spin-botter here, spin-botter there, but funny Russian guy on our team makes it ok.",True,1,0,4572,4286,True,2026-06-12
730,Counter-Strike 2,"After 350 hours I can tell you that this game is the worst you have ever seen. Hackers almost every round (which never get banned btw), overly toxic and griefing teamates and a the worst community you have ever seen overall. So if you have no experiences in this game, just do yourself a favour and never install it.",False,1,0,21413,21382,True,2026-06-12
730,Counter-Strike 2,"does it really need a review? Iconic game, pushed forward PC gaming in so many ways and has evolved to always be a leader.",True,1,0,11714,11714,True,2026-06-12
730,Counter-Strike 2,"lay back and relax, this game will take you through the stages of harmony and utopia",True,0,0,45514,44865,True,2026-06-12
730,Counter-Strike 2,"Best Game Ever I just need to work on my crosshair placement, aim, counterstrafing, grenades, gamesense, and more!",True,1,0,404814,404794,True,2026-06-12
730,Counter-Strike 2,"Lots people telling me useful directions to my kitchen, which i didnt rlly ask for nor need but i guess people just wanted to help me :D. Very polite community and clean hacker free gameplay :D What made me a lil confused tho was that like a couple of months ago my steam inventory value went very down, i dont know where they money went, but im sure whoever took them needed then more<3 10/10 game :D:D:D",True,1,2,248511,246332,True,2026-06-12
730,Counter-Strike 2,"Genuinely a contender for the worst game oat. Cheaters in quite literally every lobby, zero anti cheat to go with it. The worst aim registration system of all time. Most greedy money hungry Mr Krabs lootbox system ever. And deathmatch is the most horrid thing ever put out by valve, and their solution to get people to play it is amazon prime where you can get a ♥♥♥♥♥♥♥♥♥ and case youre just going to sell. My solution to fixing this ♥♥♥♥♥♥♥ is making every map office and put in a ♥♥♥♥♥♥♥ anit cheat.

Otherwise dont download this piece of ♥♥♥♥.",False,1,0,10251,9770,True,2026-06-11
730,Counter-Strike 2,this game is good it just cheater who ruin it cuz i dint have much skin so my lobby is low trust factor. u need to buy skin to up ur trust factor! what a joke. pls valve fix ur anti cheat,False,2,0,4857,4857,True,2026-06-11
730,Counter-Strike 2,to many cheaters for a company thats apparently got good security why cant they keep out cheaters? would be a good game if this wasnt the case.,False,2,0,1735,1685,True,2026-06-11
730,Counter-Strike 2,"If you enjoy being ♥♥♥♥ on by better players who queue with low elo players like ourselves. Well do i have the game for you.

Hard Locked Casual Silver :(",True,1,0,40246,40022,True,2026-06-11
730,Counter-Strike 2,"this game cost your life, sanity, mental, time, and many more.  but it's worth it",True,1,0,42887,41825,True,2026-06-11
730,Counter-Strike 2,"The name of this game is, accurately pointed out by others, Cheater Strike 2. Blatant hacks being used in all games modes, be it casual or comp or premier. Don't know what does VAC do in the game exactly besides nothing. Its just hackers galore and ruins the game entirely for everyone. Don't know when will VAC actually start doing its job and make the game playable.",False,3,0,95780,95341,True,2026-06-11
730,Counter-Strike 2,"I really like his game but unfortunately cheaters ruin the experience and they are rampant! you should find good hosts that block cheaters from their server. 
The game itself is amazing, good memories from my childhood.",False,2,0,7749,7749,True,2026-06-11
730,Counter-Strike 2,"Great game, still need some work :( im big fan of oldschool 2014 era) 
Biggest con : lot of cheaters / smurfs and trolling in this game.

Anti-cheat need a lot of improvements. I understand they win a lot of money from cheaters - buying new accounts... But this just ruin the game.",True,1,0,112,112,True,2026-06-10
730,Counter-Strike 2,"This week I wanted to get a drop. I look at the missions, and there is a P90 mission in a community server, on a map called Warden. I had to go for 80 P90 kills. I go in, I dominate my opponents in 5 minutes. This guy votes me off, and now I cannot do my missions as I was voted off because I was hitting my shots better than him. Now, Valve does not allow me to continue doing my missions. After this I felt isolated and lonely, just because I played better did not mean I had to be verbally abused, kicked from a room. Simply from this experience I do not recommend this game, as the game does not protect the user from other malicious users.

Editing the Review

For the past two days now, I have encountered wall-hacking, aim-hacking, bunny-hopping players in Premiere matchmaking. I am now seriously considering uninstalling the game. I feel regretful to buy full price for this experience. I have reported the users multiple times in-game & on the steam profile reporting system. There was a cheater where they already had a VAC ban.

Considering the two instances above, I do not think I can recommend this game for a fresh user wanting to play multiplayer FPS.",False,1,0,3144,3144,True,2026-06-10
730,Counter-Strike 2,"love this game but cheaters ruin the experience, unplayable at low trust.",False,2,1,6411,4685,True,2026-06-10
730,Counter-Strike 2,"The anti cheat in this game is very phenomenal, it is very rare that I play against cheaters and I really recommend this game if you want to chill after a hard day",True,1,0,14856,13107,True,2026-06-10
730,Counter-Strike 2,"I moved to CSGO after playing Valorant for 6 years. But yeah it's called CS2 now. Such a great game, great mechanics, good recoil patterns, and valuable skins too. I've been playing competitively since April 2026 until now June 2026 and it's so addicting. I just love everything about this game. It's way more better than Valorant (probably because Im into rifles). But yeah it's a great experience!!!!!",True,1,0,16879,13919,True,2026-06-09
730,Counter-Strike 2,"CS is one of a best game that ever made but there is point:
Valve all PC players love you bot please make vac work 😭",True,1,0,1908,1847,True,2026-06-09
730,Counter-Strike 2,"no subir de plata, una cumbia fuerte, un microfono saturado, un equipo de enfermos y los contrarios br, es todo lo que esta bien.",True,1,0,45651,45560,True,2026-06-09
730,Counter-Strike 2,"Addictive game, sadly little to no care for any form of (effective) anti-cheat. Be prepared to spend some money on ingame skins if you care about the  game even just a little bit :steambored:
",True,1,0,2625,1572,True,2026-06-09
730,Counter-Strike 2,Such game much wow +1 thumbs up for gamble addict from laos,True,1,0,67208,65021,True,2026-06-08
730,Counter-Strike 2,"Žiauriai gerai nervus, prapisi ♥♥♥♥ savo gyvenimo laiko, degraduoji nuo teameitu, tampi žiauriai piktas, rėki ant visų namų... I love it, recommend this game)))",True,1,0,39297,39057,True,2026-06-08
730,Counter-Strike 2,"Very good game , most important communicate & teamwork .",True,1,1,242712,239779,True,2026-06-08
730,Counter-Strike 2,"Had nostalgic moments with this game. This is  game is perfect, enjoying, addictive too!",True,1,0,2674,2515,True,2026-06-08
730,Counter-Strike 2,"Well, this is the legendary game I played since high school. It is awesome but still need to work on the security system on hackers because this game has many hackers in competitive game and bots in wingman mode or other modes. Hope they can fix this.",True,1,0,8381,7568,True,2026-06-08
730,Counter-Strike 2,"i just got fisted by some tryhards on  a ♥♥♥♥♥♥♥ competetive when i tried to chill with my friends 
absolutly do not reccomend playing this game if you dont want to lose your anal virginity",False,1,1,31625,29860,True,2026-06-08
730,Counter-Strike 2,"Good gameplay though sometimes may have stuck too much to realism - would be nice to have some more skilful movement type plays possible, e.g. the crouch bounce from 1.6",True,1,0,120182,119750,True,2026-06-08
730,Counter-Strike 2,"Good game and fun to play with friends, but beware of your sanity <3",True,1,0,11515,11503,True,2026-06-08
730,Counter-Strike 2,Best game if you ever wanted to learn russian slurs be called heinous words and meet helicopters +rep gaben fix vac pls,True,1,0,28814,28355,True,2026-06-08
730,Counter-Strike 2,It is one of the best games I have played. At first as a beginner it was pretty hard but playing more will pay off and improve ur skills,True,1,0,3173,1895,True,2026-06-08
730,Counter-Strike 2,I get the nostalgia factor. But this game is crazy dated. lack of modern controls make this a rage-bait wet-dream. Play this if you hate yourself.,False,2,0,943,943,True,2026-06-08
730,Counter-Strike 2,"Triple the cheaters than in CSGO, mediocre maps, 15k rating encompasses every skill level in the game for some unknown reason. There is nothing ""new"" about CS2, just a shell of what it once was.

Give us legacy CS with Dust 2, Cache, inferno, cobble, overpass and mirage. Aztec was available to play for so long and removed entirely. 

",False,1,0,263925,263736,True,2026-06-07
730,Counter-Strike 2,"The game sucks... the developers have given up on this game... they decided that the best anti-cheat is the players themselves, meaning if you train on master maps, try to play, then you get reported and you go to the cheaters... immediately download cheats, no one will ever ban you in this dump, there's apparently no such function",False,2,0,39362,38971,True,2026-06-07
730,Counter-Strike 2,worst game oat maybe besides like overwatch and pubg,False,1,0,13870,13189,True,2026-06-07
730,Counter-Strike 2,"still an amazing game but the cheaters are a huge problem and hopefully one day valve will do something, for the mean time its faceit FTW",True,1,0,9866,8216,True,2026-06-07
730,Counter-Strike 2,"Counter-Strike is, without a doubt, the greatest game of all time for me. I've been playing Counter-Strike for over 20 years, and no other game has managed to keep me coming back for so long.

Over the years, I've met some amazing people through this game. Some of them became close friends, and a few I even met in real life. Very few games can create connections like that.

The gameplay is still fantastic. The movement feels responsive and satisfying, and the hit registration and feedback are usually instant and accurate. It's easy to get into, but incredibly difficult to master, which is one of the reasons why Counter-Strike remains relevant after all these years.

The maps are excellent, ranging from timeless classics to the occasional new and exciting community-made maps that keep things fresh. The graphics and the Source 2 engine are also a clear improvement and provide a modern look without sacrificing the core Counter-Strike experience.

Would I recommend Counter-Strike 2?

Honestly, I would — if it weren't for several major issues.

The cheating problem remains one of the biggest flaws of the game. Even worse, casual modes such as Deathmatch and Arms Race have become infested with bots to the point where they are practically unplayable at times. The overall selection of casual game modes is also surprisingly limited for a game of this size and age.

What makes this especially frustrating is the impression that Valve is either unwilling or unable to meaningfully address the cheating and bot problems. From a player's perspective, there seem to be very few effective measures being taken, while update after update focuses heavily on new skins and cosmetics.

What started as an incredible local multiplayer experience during my youth now feels like it's slowly crashing into the ground. Meanwhile, players are expected to get excited about the next case, sticker, or weapon finish.

Another thing that has changed for me is the whole case-opening experience. It simply doesn't feel rewarding anymore. What used to be an exciting little bonus has become something I barely care about nowadays. Opening cases no longer gives me the sense of anticipation or satisfaction it once did, making the constant focus on skins and cosmetics feel even more disconnected from the issues that actually affect the gameplay experience.

In the end, Counter-Strike 2 is still an amazing game at its core. The foundation is as strong as ever, and I will continue to play it. However, in its current state, I simply cannot recommend it to new players.

**Great game. Poorly managed problems.**",False,2,0,151680,149779,True,2026-06-06
730,Counter-Strike 2,Valve doesn't care about the game. This games has a lot of cheaters and some ♥♥♥♥ players who shoot their own teammates. Can't even vote surrender when the game is already 5 vs 3,False,2,0,3764,3764,True,2026-06-06
730,Counter-Strike 2,"Only bad thing about the game is that when I buy the NEGEV I destroy everyone and it is too easy.
Otherwise great fun!",True,1,0,20144,19600,True,2026-06-06
730,Counter-Strike 2,"install the game
play the game
plays with random ass teammate (mostly russians)
crashout
uninstall the game
regret life choices
gets pregnant
10/10",True,2,0,20270,19913,True,2026-06-06
730,Counter-Strike 2,Nice game + vac needs an upgrade cuz of some cheaters ruin game despite the game is good other than that nothing bad needs only skill,True,1,0,16255,16069,True,2026-06-05
730,Counter-Strike 2,"Best game i spend so much quality time here, my family is really happy i wake up everyday and play against other really good players",True,1,0,41209,36787,True,2026-06-05
730,Counter-Strike 2,"I highly recommend playing CS2. It is an exciting and competitive game that improves teamwork, communication, and strategic thinking. The graphics and gameplay are much better than previous versions, making the experience even more enjoyable. If you like action and skill-based games, CS2 is definitely worth trying.",True,1,0,6273,5259,True,2026-06-05
730,Counter-Strike 2,Get ♥♥♥♥♥♥♥ use one good anti cheat man all match use hack and ♥♥♥♥♥♥ this game and game greator gg ♥♥♥♥♥♥♥ game,False,2,0,3151,2343,True,2026-06-05
730,Counter-Strike 2,"Nice,Good Game,one of the best FPS,if you have some good friends and extra time,please lets ♥♥♥♥♥♥♥ go",True,1,0,80556,79448,True,2026-06-05
730,Counter-Strike 2,"w game, the community is very kind and uplifting. i love spending my whole paycheck on opening cases and getting blues. also, safari mesh is goated. cs is lit!",True,1,0,5744,4350,True,2026-06-05
730,Counter-Strike 2,its my longest played game on steam cuz i played mc and back then fortnite or rocket league with like togeder 5k hrs but now i see the waste of time this is peak game but pls kick all women and people that cant aim at head (dont look for ants if you are my team),True,1,0,17154,16598,True,2026-06-05
730,Counter-Strike 2,"Fun sometimes there is hackers but really fun with friends, the thing is my friends almost never wanna play with me :(",True,1,0,376,296,True,2026-06-05
730,Counter-Strike 2,Valve presents this game as a heavily polished upgrade to CS:GO but it couldn't be farther from the truth.,False,2,0,101881,101881,True,2026-06-05
730,Counter-Strike 2,"Every single match has 1+ cheater, genuinely unplayable in its current state",False,2,0,1267,1267,True,2026-06-04
730,Counter-Strike 2,Avoid this game... Full of cheaters and all they do is adding new skins to steel your money,False,2,0,305702,304583,True,2026-06-04
730,Counter-Strike 2,"Best game ever, but please make the anticheat better.",True,1,0,12287,9496,True,2026-06-04
730,Counter-Strike 2,"Full of cheater , broken trust factor system , scam container openings , no anti cheat , only thing that interesting thing about this game is every week free case and on random drop that also is trash item and low price case's.",False,2,0,8796,5161,True,2026-06-04
730,Counter-Strike 2,"Great game, high skill level. Problem is this game has been completely ruined by the sheer amount of allowed BLATANT cheaters with wallhack almost every single game. The odd of getting a cheater in your team/enemy team is basically the same as getting a mild-spec tier weapon in a case (which is now starting to disappear because Valve has been sued for lootbox system).
It's extremely unfun to play this game vs cheaters and with them. Takes all funs out of the game.",False,2,0,167053,166762,True,2026-06-04
730,Counter-Strike 2,"there is no diference in having prime enabled or playing non prime, there will always be at lest one cheater in game.",False,2,0,2206,1980,True,2026-06-04
730,Counter-Strike 2,Worst company to ever exist. You will get a cheater EVERY single game do not download and let them kill their own company,False,1,0,24480,20151,True,2026-06-04
730,Counter-Strike 2,"Gonna feel like a bot for awhile until you learn the mechanics, but its a fun game and you meet lot of dope people 9/10",True,1,0,3664,2345,True,2026-06-04
730,Counter-Strike 2,"more worst anti cheat then ROBLOX 
can't even play a casual game without meeting a hacker Just your casual stroll of wall hacks or aimbot
:P",False,1,0,14620,14606,True,2026-06-03
730,Counter-Strike 2,Very good game russians scream at me for no reason i find less cheaters on tinder 10/10 game i recommend it also makes u gambling addiction and make your account bankrupt very nice guud game!,True,1,0,20244,18779,True,2026-06-03
730,Counter-Strike 2,"spent 30 bucks on cases and got fried dog liver and pigeon toes.
hopped in a game, went 0 n 8, got yelled at by russian people and votekicked.
Incredible",True,1,0,1838,1813,True,2026-06-03
730,Counter-Strike 2,"CS2 is truly an incredible competitive experience.
Every match is a beautiful mix of missed smokes, 400 IQ teammates, and someone explaining why dying first was actually part of the strategy.
Valve clearly created a psychological experiment instead of a video game.
10/10 would lose elo again.",True,1,1,158407,155664,True,2026-06-03
730,Counter-Strike 2,"Counter-Strike 2 is a sequel to the CS series. It's a first person shooter game, with a lot of different possibilites. After all, the game isn't much glitchy and offers an emotional experience. There are many game modes available, altogether with many maps and various player count. If you have a squad of friends, it's a great way to spend your time together. You can find voice chat and quick messages in the game to keep in touch even when things get hot. Needless to say the workshop community works pretty well and offers a lot of free adons and mods to the game. Pretty reccommended.",True,1,0,6396,5550,True,2026-06-03
730,Counter-Strike 2,"nice game, there`s a lot of cheater wich is something that should be fixed",True,1,0,17342,14325,True,2026-06-02
730,Counter-Strike 2,yes this game has a cheater and bot problem...but 1 million people still grind this game every day for a reason,True,1,0,30420,27793,True,2026-06-02
730,Counter-Strike 2,"Got absolutely destroyed by people who have insane gamesense and intellectual brilliance. It's almost like they can see me through walls, but hey! I made 60 cents this week. W game.",True,1,0,6195,5911,True,2026-06-02
730,Counter-Strike 2,good game except some dudes tries to spin and headshot using ssg,True,1,0,23705,22867,True,2026-06-02
730,Counter-Strike 2,"Counter-Strike 2 Review: 1/10 - Actual Digital AIDS

Bought this game thinking I'd relive the glory days of CS. Instead I got 45 minutes of getting headshotted through three walls by a Russian with 2 hours played and a $0.03 inventory.
The cheating is so bad that even the bots feel like they're toggling. Half the lobby is spinbotting, the other half is ragehacking, and Valve is somewhere in the back doing absolutely nothing like a dad who went out for milk in 2017.
10/10 for making me touch grass out of pure depression. Would rather get actual aids than queue another match.",False,1,0,153765,153710,True,2026-06-02
730,Counter-Strike 2,Its great if you play faceit. Premier doesnt feel as competitive and that may just be because of the cheaters but graphics look way better than CSGO,True,1,0,9496,8964,True,2026-06-02
730,Counter-Strike 2,"One of the best, if not THE best, shooters of all time. The community may be horrid, but if you can work past that, it's a phenomenal game.",True,1,0,129166,125708,True,2026-06-02
730,Counter-Strike 2,"so many fun moments and ♥♥♥♥♥♥♥♥♥ happened in this game but in the end it was a game carried by friends. dont buy skins its not worth it, just enjoy the game with your pals",False,1,0,28895,28360,True,2026-06-01
730,Counter-Strike 2,"AntiCheat does not work, insane amount of cheaters, run and gun simulator. Overall not a great experience for new players.",False,2,0,5390,3725,True,2026-06-01
730,Counter-Strike 2,"Classic First Person Shooter Game ruined by Valve's Greed. The Game is filled with Cheaters and non-existent Anti Cheat system. While the in game transactions,loot boxes make valve billions players are frsustrated by it, wouldn't recomend this game.",False,1,0,188777,186223,True,2026-06-01
730,Counter-Strike 2,"Great shooter with excellent gunplay and competitive feeling. Unfortunately, the game is full of cheaters which ruins the experience for normal players. Valve needs to do something about this as soon as possible.",True,1,0,21690,19562,True,2026-06-01
730,Counter-Strike 2,"200+ hours in and I can finally understand why Counter-Strike has remained popular for so many years.

CS2 is simple on the surface—plant the bomb, defuse the bomb—but the skill ceiling is incredibly high. Every match feels different, and there is always something to improve, whether it's aim, positioning, utility usage, or teamwork.

The graphics and lighting look great in Source 2, and getting that clean headshot never gets old. Premier can be frustrating at times, but winning a close match with friends makes it all worth it.

Still learning, still improving, and still queueing for ""one more game.""

200+ hours played and I'm nowhere near mastering it. Recommended.",True,1,0,14617,13618,True,2026-06-01
730,Counter-Strike 2,"11K hours in CS and I dont ever want to play it again. It is just filled with hackers, its gotten to the point where they dont even try hide it and no action is ever taken when the cheaters are reported.",False,1,0,706384,705136,True,2026-05-31
730,Counter-Strike 2,"well, tbh this game is fun to play, but what I hate most is the vibe in teams, everyone are just trolling each other, it makes me feel like some people just don't want anyone to feel happy while playing the game. even if I reported ""griefing""  or like telling him to stfu it just won't make that trolling thing stop, and I don't wanna kick someone, it just makes the battle situation imbalanced, I don't hate the game I just hate some players, and still I don't wanna see some political things or some racial slur or like some porn stuff coming in the chat, fking annoying.",False,1,0,55282,54096,True,2026-05-31
730,Counter-Strike 2,it is just really fun with friends and if you become better then you will enjoy the game A LOT,True,1,0,6740,5238,True,2026-05-31
730,Counter-Strike 2,"don't buy, it's 50% cheaters in this game, and valve does not do anything against it.

also, if you somehow get a red trust factor, theres no way out, even if you are not cheating. You then get only queued with cheaters from then on...
You get red flagged, as soon as a friend of a friend quueued up with a cheater by accident once in his life. Any future party member gets affected of this friend.

But I heard, you have to spend a lot of money on your account, which is the only way to make you a green person again.

Game - No reccomendation. 

Prime-Status is not helping btw...",False,2,0,3412,3137,True,2026-05-31
730,Counter-Strike 2,"Game by itself is pretty fun and definetely a revolutionary shooter, but it doesn't matter when half the community is using some kind of cheatware and valve seems to not care at all about it.",True,1,0,1346,57,True,2026-05-31
730,Counter-Strike 2,"The game is cool, you have guns, you have fun (sometimes), you can shoot enemy cool, but enemy has cheat, they jump and headshot, not fun, VAC live is good, the cheaters are just better, I would recommend!",False,2,0,36414,35672,True,2026-05-30
730,Counter-Strike 2,"I love this game it makes me depressed and it has a wonderfull community and its the most non toxic game ever i would recomend the game who hate their life
",True,1,0,1113,1112,True,2026-05-30
730,Counter-Strike 2,"CS2 is a fun and competitive shooter with good graphics and teamwork. It can be difficult for new players, but it's rewarding to improve and play with friends. Overall, I enjoy it.",True,1,0,11769,9843,True,2026-05-30
730,Counter-Strike 2,this game sucks but its funny so i keep playing it and spending money on it for some reason.,False,1,0,5944,4083,True,2026-05-30
730,Counter-Strike 2,"I like cs2
Raw gameplay .
pure skill based game.
 inputs .
i hope i help you , enjoy game and creat lot of memories",True,1,0,4819,2667,True,2026-05-30
730,Counter-Strike 2,game jelek jaman csgo isinya orang europe sama russia sekarang isinya ♥♥♥♥♥♥♥♥♥♥♥ ♥♥♥♥♥♥♥♥♥♥♥ binatangg idiot,False,1,0,45317,45050,True,2026-05-29
730,Counter-Strike 2,"Counter-Strike 2 is actually a pretty fun game… when you’re not getting headshotted through three walls by a guy named “TotallyLegitPlayer”.

The gunplay feels smooth, the graphics look great, and every match has that perfect mix of strategy and chaos. One second you’re pulling off a tactical masterpiece, the next your teammate is flashbanging the entire squad including himself.

Sadly, the biggest boss in the game isn’t the enemy team. Some players have better wall vision than my Wi-Fi router. I swear one guy knew my location before I even loaded into the map.

CS2 can be incredibly addictive and hilarious with friends. Nothing builds friendships faster than screaming “HE’S ONE HP!” while spectating your teammate miss an entire magazine.

Overall:
Great game.
Great mechanics.
Great memes.
Questionable humanity.

8/10 — would get destroyed by suspiciously talented Russians again.",True,0,2,1208,1162,True,2026-05-29
730,Counter-Strike 2,"Counter-Strike 2 is still one of the most fun and competitive FPS games ever made. The gunplay is great, the maps are iconic, and there really isn't another game that scratches the same itch. When you get a good match, it's easy to see why people have been playing Counter-Strike for over 20 years.

The biggest problem is the cheating situation. VAC feels like it only works when someone is blatantly rage hacking and making it obvious. Meanwhile, there are plenty of players, including Prime accounts, who try to hide their cheats and make them look legitimate. Anyone who has spent enough time in Premier or Competitive knows exactly what I'm talking about.

What's frustrating is that Valve is a billion-dollar company with more than enough resources to improve anti-cheat, yet it often feels like the issue isn't a priority. Legitimate players are left questioning whether someone is just having a good game or quietly using assistance that never gets detected.

CS2 is still a great game at its core, but it's sad to see it in its current state. The potential is there, the gameplay is there, but the cheating problem continues to hold it back.",False,1,0,1703,1703,True,2026-05-29
730,Counter-Strike 2,trust system is ♥♥♥♥♥♥ every new player thats decent is gonna fall in with cheaters. and talking about cheaters vac anti cheat is the worst piece of ♥♥♥♥ ive ever seen. faceit admins abuse their right of power banning you after accidentally saying the f word. This game is a piece of ♥♥♥♥ filled with stupid russians and turks. have a nice time getting addicted playing with russian cheaters and getting banned on faceit for verbal abuse;),False,1,0,4181,4009,True,2026-05-28
730,Counter-Strike 2,"Best FPS Game, I've ever played but too many cheater problem. Fun to play if you are just chilling and don't care about ranks.",True,1,0,4422,1366,True,2026-05-28
730,Counter-Strike 2,"Come play CS.

We have deathmatch mode full of bots advertising bots, cheats, and skins.
We have anti-cheat that is based on ""trust"".
We have cheaters who cant win at anything else in life, so lord gaben pities them and allows them to keep playing.

Valve says ""It is fun game every other game. Good enough. Open more cases goldgoldgold""",True,1,0,10850,10234,True,2026-05-28
730,Counter-Strike 2,"servers run worse than csgo. half my matches if not more get nothing but stutter regardless of a wired or wireless connection. really would've appreciated the revamp more if they actually worked to get their servers up to speed with their vision. there should be no world where i shoot a guy twice with an awp and have zero damage registered but die instantly behind cover.

anyways i love this game it's fun but i think i'd rather pull my teeth out with a pair of rusty plumbing pliers. anyways ima hop on cs see yall.",False,1,0,3882,3404,True,2026-05-28
730,Counter-Strike 2,"Game is unplayable. Randomly got 'substantially lower trust factor' and now every match is against cheaters. If I want to attempt to 'continue playing Counter Strike 2' and hop in Deathmatch, I'm fighting case farming aimbot robots. 

Thanks, Steam Support.",False,1,0,12373,10815,True,2026-05-28
730,Counter-Strike 2,"I've spent 142 days of my life on this game. I'm at peace with that.

3,500 hours buys you specific things: throwing a smoke that lands on the pixel; hearing the first footstep and knowing  which agent skin they paid £15 for; recognising from the opening AK shot whether the player ahead of you has 50 hours or 5,000.

  A few things I now believe:

  - The best CS players aren't the fastest, they're the calmest. Anyone can flick. Almost nobody can hold an angle for
  45 seconds without flinching.
  - Every player has 60ms ping until they die, at which point they had 200ms.
  - ""Drop me"" is spoken in this game more than any voice line Valve has ever written.
  - A good teammate is the rarest cosmetic in the game.

  Counter-Strike is craft. Most of the time it doesn't love you back. Then it does, for one round, and that pays the
  bill for the next six months.

  Recommended. Obviously.",True,1,0,209450,204620,True,2026-05-28
730,Counter-Strike 2,"The gameplay in CSGO was already a downgrade compared to 1.6 and Source (prior to version 63), but now its somehow even worse. it just feels bad as if aiming is actively fighting against you. Its degraded to just skins and cheaters.",False,1,0,22372,22144,True,2026-05-27
730,Counter-Strike 2,"Used to be the premier competitive shooter. Now it's cheat and drop-farming bot infested. And the devs seem mostly focused on monetizing content. That being said, I have had a lot of fun in this game.",False,3,0,285219,284898,True,2026-05-27
730,Counter-Strike 2,"Pretty good no russians or cheaters in game, family friendly community also;)",True,1,0,48723,48631,True,2026-05-27
730,Counter-Strike 2,"Devs are consistently stalling and trying on player's patience for updates. 6 weeks of last chance on Armory? Reducing XPs on DeathMatch resulted with more bots in the game since they needed more uptime. L updates.
Update: Animgraph update sucks, even with TrueView on replay, the crosshair is precisely on it and yet it randomly ""misses""",False,1,0,38161,37955,True,2026-05-27
730,Counter-Strike 2,"Valve is continuing to gouge the player base for more money with every update while failing to give us any reason to spend our money on the game. Between terminal pricing and the new sticker pricing, it is very clear the only plans left for this game are to extract every dollar possible and dump it into Deadlock development. Most of the patches lately have been things that the game should not have launched without, such as Animgraph 2 and the spray update, and the Cache update was extremely underwhelming - just got the map alone with nothing else. Train was a great map that got pulled from prem shortly after updates, which is a very strange decision, and it was replaced by the same map they pulled for it before. I am very convinced the CS2 dev team is two monkeys in a broom closet. 

Things could have been better to deal with if we had real community servers to play on while the mainline game was slow to update, but community servers got nuked on CS2 launch and we are only now starting to see any improvements in that department. We barely even have a server browser, and only recently did we get the community scripting update. The variety in community servers that we saw in the old days has been long gone for years because Valve can't sell us skins on a community server, so they don't care to develop features that benefit them anymore.

I hope you enjoy your new superyacht GabeN, maybe the new $1000 gold Cologne 2026 stickers can cover some maintenance costs for you, can you pick up the diamond studded phone resting upon your solid 24k gold conference table and call the two developers in the CS department to get us some real gameplay updates pretty please?",False,1,1,129219,126146,True,2026-05-27
730,Counter-Strike 2,"Absolutely amazing game. I have been playing since 1999, and it is still one of my favorite games.

However, I cannot give it a perfect score, because I constantly have a red Trust Factor and apparently Steam thinks I deserve to play against every cheater currently available on the internet.

4/5",True,1,0,272356,271522,True,2026-05-26
730,Counter-Strike 2,"This game feels crisp, I one tap anyone in this game. Maps look incredible, better lighting than csgo. Overall, best fps i played",True,1,0,4970,3169,True,2026-05-26
730,Counter-Strike 2,Logged in to Deathmatch and the first thing I heard was 3 people calling each other the n word. Fun game,True,1,0,31510,31039,True,2026-05-26
730,Counter-Strike 2,Very sad to have such a game and cannot play it cuz of cheaters every game...,False,3,0,1926,900,True,2026-05-25
730,Counter-Strike 2,It was better back in the day. Still fun to play. Needs more maps. 6/10!,True,1,0,49345,38827,True,2026-05-25
730,Counter-Strike 2,"Very addictive, but damn fun, however with a low trust factor there is a high probability of playing with cheaters, and this is a problem that is being solved, but very slowly. (And just because some kid absolutely destroyed you with an SSG 08 doesn't mean he's cheating, ""bek1nd"", so turning your trigger-bot to max after the second round doesn't negate that, it just ruins the game!)",True,1,0,5846,5846,True,2026-05-25
730,Counter-Strike 2,A pillar of gaming and culture that everyone needs to experience. Each time I play premier I wanna pull my balls through shards of glass. Good game 9/10 (-1 for the cheaters that make me wanna commit mass ~love~bombing),True,1,0,18956,16304,True,2026-05-25
730,Counter-Strike 2,"Don't waste your money on ""prime status"". With or without it, there are hackers in every game.
It's a shame how Valve treats this game, Valve doesn't get rid of hackers simply because they don't want to. Money talks!",False,2,0,22552,22207,True,2026-05-25
730,Counter-Strike 2,"After 23 years of playing, it's official: Gabe is so fat that he doesn't care about this game full of cheaters and bot farms, and Gabe thinks he can hide his obesity behind his ugly glasses. Choke on a chicken bone, you fat bastard...

Don't play this game - it's a 100% online gambling site for kids disguised as a game!",False,2,0,8488,8287,True,2026-05-24
730,Counter-Strike 2,"shoot gun
bullet go to sky
die to little gay man with shotgun
cry
grab shotgun
shoot it
bullet no shoot
get 1 tapped 
close game
open subnautica 2",True,1,1,38193,38185,True,2026-05-24
730,Counter-Strike 2,"The community is extremely friendly, all movement is simple, the IEMS and Majors are overrated, the spike planting sound is cool but loud. You don't really need headphones for this and 60 fps is fine.",True,1,0,51642,45880,True,2026-05-24
730,Counter-Strike 2,"volvo noob anticheat , please fix this and ban everyone who s spinning and shooting because it s not fair ....",False,1,0,4201,1237,True,2026-05-24
730,Counter-Strike 2,♥♥♥♥♥♥♥ ♥♥♥♥♥♥ game so bad i want to cry. Dont recommend,False,2,0,42790,42790,True,2026-05-24
730,Counter-Strike 2,Started to enjoy the game even more but SCrew the hackers make better security engine or battleEey anticheat idk would be amaazing,True,1,0,3097,2450,True,2026-05-24
730,Counter-Strike 2,"nice game, good for gays and cheaters, unplayebale for all this time. My advice- start training it from 8 yrs old, than u can show smth
",True,1,0,33185,29456,True,2026-05-24
730,Counter-Strike 2,"Rage Quit > Uninstall > Install > Rage Quit (Never Ending Cycle)
It is not perfect but at its core it is still the best tactical shooter on the market. 

Rating: 8/10",True,1,0,2998,966,True,2026-05-24
730,Counter-Strike 2,Death match is over run with nothing but bots. sad to see the game fall this low,False,2,0,148058,147025,True,2026-05-24
730,Counter-Strike 2,"Никогда не прекращай играть в азартные игры. Если ты хотя бы на секунду подумаешь о том, чтобы не играть... ты просто сумасшедший, сынок.",True,1,0,13559,9226,True,2026-05-24
730,Counter-Strike 2,the game need to be updated for issue of performance and of a cheaters .,False,2,0,34927,33658,True,2026-05-23
730,Counter-Strike 2,"Honestly, it's the best competitive shooter out there. The Source 2 upgrade looks great, the new smokes are amazing, and hitting a clean clutch still gives a rush no other game can match.

Solo queue will absolutely test your sanity, but if you play with friends and have Prime, it's unmatched. Definitely worth it.",True,1,0,4854,3125,True,2026-05-23
730,Counter-Strike 2,"You'll get stuck in a loop:
download the game
encounter a hacker
get angry
delete the game
get bored
download the game",True,1,2,7828,5288,True,2026-05-23
730,Counter-Strike 2,"Counter-Strike 2 is still one of the best competitive FPS games out there. The gunplay feels sharp, the maps look cleaner than ever, and every round feels like it actually matters. It keeps the classic Counter-Strike formula that made the series legendary while giving it a fresh visual upgrade and smoother presentation. Whether you’re grinding Premier, playing with friends, practicing aim, or just trying to hit clean clips, CS2 has that addictive “one more game” feeling. It can be intense, frustrating, and sweaty at times, but that’s also what makes winning feel so rewarding. If you enjoy tactical shooters with real skill expression, teamwork, and clutch moments, CS2 is absolutely worth playing.",True,1,0,25466,6583,True,2026-05-23
730,Counter-Strike 2,"Играю в пк клубе, из за клоунов которые не умеют играть и высераю что я с вх бегаю. Кидают репорты, как итог красный транс фактор и играю против реальных читаков с вх и аим ботом! Как это исправить я хз! не кому не советую это игру пока эту херню не пофиксят! и не выпустят норм анти чит",False,1,0,291250,283763,True,2026-05-23
730,Counter-Strike 2,Over 20 years of existence . Still can't build up an anticheat system . This is ♥♥♥♥♥♥♥ mental . Every game ruined by cheaters.,False,2,0,29733,22960,True,2026-05-23
730,Counter-Strike 2,Game runs terrible it isnt optimised at all and it doesnt have a working anti cheat 90% of games on new account will be against cheaters save your time and money and dont support the scammers working for valve,False,1,0,36675,35301,True,2026-05-23
730,Counter-Strike 2,Nice game really good players and very nice community!!!!!!!!!!,True,1,0,18286,15211,True,2026-05-22
570,Dota 2,"After 4,800 hours in Dota 2, I can confidently say this is the best game I absolutely do not recommend to anyone.
The strategy? Amazing. The gameplay? Endless depth. The community? A live psychological experiment.

I’ve met geniuses, comedians, future war criminals, and at least 12 people who apparently have intimate relationships with my mother.

10/10 game.
0/10 for mental stability.
Queueing again.",True,100,88,294459,293058,True,2026-05-24
570,Dota 2,"Free game. Costs you your sanity, your friends, and your will to live.",True,85,21,11832,11614,True,2026-05-18
570,Dota 2,"The behavior score system is completely broken. After 15 games without receiving a single report, I only gained +280 behavior score. But after getting 9 reports in just 2 games — including 5 reports from a full enemy stack — I received a low priority penalty and lost -1200 score.

At this point, it feels less like a game and more like a report-abuse simulator. Players are forced to grind endlessly for tiny behavior score gains, while coordinated reports instantly destroy your progress. Meanwhile, account buyers, smurfs, and cheaters can freely play on 12k behavior score accounts because they do not care if the account gets ruined or banned.

The current system punishes normal players far more than actual offenders.",False,166,45,334297,330856,True,2026-05-18
570,Dota 2,"I haven't had a communication score allowing me to chat, ping or voice chat in about 2 years on this game. We used to  be able to talk, meet random funny people, friendly people or not so nice people in the game and play together. Not anymore. 
 
On the rare occasions my communication score jumps up to a level where I can talk or ping. A simple 'wp' in chat (and I'm talking a legit one, not a flamer one), a 'hi' or  a ping on an enemy ratting a tower is enough to get you a communications ban. 

The system didn't 'Make the game less toxic', they just effectively removed ALL communication. I've had game after game after game where NOBODY can ♥♥♥♥♥♥♥ talk, voice chat or ping. Its ridiculous. EVERYONE is communications banned. It's so retarded. Griefers know they can get you comms banned and will immediately mass report at the start of the game or as soon as you say or ping anything regardless of whether its friendly, useful, toxic, it doesn't matter you're getting reported and muted. The system is so massively broken that the game feels like a solo experience against bots now, it's really ♥♥♥♥♥♥♥ boring now. You can have a 15 win streak and said nothing in any of your games, have the best stats on your team, play healer, play supp, ward for everyone, whatever, there's nothing you can do to to not get comms banned. The enemy team will report you, your own team will report you. As soon as you come in, you're reported whether you deserved it or not. Just because people are banned themselves and wanna take it out on someone and it works.

There used to be a button more sensitive people could use, actually two buttons : Mute Voice and Mute Chat, and you could mute players who were raging ♥♥♥♥♥♥♥♥. And the regular players could have fun, talk and make friends. And half the time it was by talking ♥♥♥♥ too. Now to make sure the snowflakes don't have to move their mouse too far and tire their brittle little fingers out with that difficult mute button click, they've made it so nobody can talk, banter or have a good time at all in the game. It's so dumb.",False,26,1,999155,996745,True,2026-05-27
570,Dota 2,Every game would be awesome without toxic communities and low IQ monkeys.,True,19,1,932,359,True,2026-06-09
570,Dota 2,"full of cheaters and account sellers. dont even think starting this game... unless you wanna make money while cheating. 
good luck",False,11,4,413635,409656,True,2026-05-18
570,Dota 2,"I seriously suck at this game. When it comes to PvP, the adrenaline hits me, I freeze, forget to use the keys and become a total mess. I've played a lot of bots in normal mode with others until......Arcade.

Bruuuuuuuuuuh. Waste some time. Play these community made map modes. It's how DOTA started and honestly what it's all about.",True,17,0,387,387,True,2026-05-25
570,Dota 2,Great free game. Only play it if you want to sacrifice your social life.,True,6,2,324703,319932,True,2026-06-09
570,Dota 2,"Rating: 10/10, would willingly ruin my mental health again.

Dota 2 is a free-to-play game developed by people who apparently asked themselves, ""What if chess was played by five screaming strangers who all think they're military geniuses?""

The game starts simply enough. You pick a hero. Then within five minutes, you're being blamed for events that happened before you were born.

Missed one last hit? Trash.

Died once? Reported.

Won your lane? Doesn't matter. Your carry is currently farming the jungle while the enemy destroys your Ancient and typing, ""gg team no support.""

The learning curve of Dota 2 isn't a curve. It's a vertical concrete wall coated in cooking oil. New players enter a match and immediately discover there are 100+ heroes, hundreds of abilities, dozens of items, countless mechanics, and approximately 4 million ways to embarrass themselves in front of strangers.

The community is one of the greatest social experiments ever conducted. Nowhere else can you find five people with completely different backgrounds united by a shared belief that every loss is somebody else's fault.

A typical Dota 2 match consists of:

One guy who thinks he's the next world champion.
One guy playing music through his microphone.
One guy whose internet is powered by a hamster.
One guy who hasn't spoken all game but suddenly writes a 500-word essay explaining why everyone else is terrible.
And you, wondering why you didn't just watch a movie instead.

The game is so addictive that players will spend 60 minutes suffering through the most miserable match imaginable, swear they'll never play again, close the game, stare at the desktop for 30 seconds, and immediately queue for another match.

The heroes themselves are absurd. Some are gods, dragons, demons, and ancient cosmic entities capable of destroying worlds. Yet all of them can be beaten to death by a shirtless guy with an axe who runs at people screaming.

The matchmaking system deserves its own award. Somehow it consistently creates games where both teams are convinced they received the worse players.

Dota 2 isn't a game.

It's a relationship.

A toxic, emotionally damaging relationship that occasionally gives you one incredible victory just to keep you from leaving.

And that's why millions of players keep coming back.

Because deep down, every Dota player believes the next game will be different.

It won't.

Queue accepted. 🎮💀",True,4,2,424634,424353,True,2026-06-03
570,Dota 2,don't play dota .. it is bad for your social life .. bad for your school .. bad for your work .. bad for your relationships,True,3,0,239939,237540,True,2026-05-18
570,Dota 2,"Fix your ♥♥♥♥♥♥♥ matchmaking
Playing 12+ 1v5 games in a row with all the same 40% wr degenerates on my side and teams almost unshuffled
This is not fair, interesting, balanced or anything else falling into good
This is pure ♥♥♥♥♥♥♥, don't want to be a part of your personal army helping buyer apes win

Not even mentioning current behavior system which is probably more the reason for such cancerous grouping

upd
I've been trying my hardest to enjoy this game, but I guess it's just not possible anymore
Do not recommend to anyone
Do NOT waste your time
There is no winning as long as it's not given even if you are much above the current lobby rating, then your tryharding is rewarded with bans because apes together strong mass report you",False,4,0,18988,17098,True,2026-06-08
570,Dota 2,Came back after a long hiatus. Still the same old toxic community.,False,5,0,107418,107418,True,2026-06-01
570,Dota 2,"I approached Dota 2 with genuine interest, hoping to understand its celebrated complexity through Turbo matches—a supposedly lower-stakes environment. Instead, I was met with relentless toxicity. Despite making honest efforts to learn, I was spam-reported simply for not playing perfectly. The result? A communications ban, an 8-hour matchmaking suspension, and even an Overwatch penalty—all for the crime of being inexperienced.

The community doesn’t teach; it harasses. Every mistake is met with ping-spamming and verbal abuse. The automated systems don’t distinguish between intentional griefing and beginner struggles—they just weaponize mob rule against newcomers.

If Valve intends Dota 2 to have any future, this is a catastrophic failure. League of Legends, for all its flaws, offers a more constructive path to learning. It outclasses Dota in every meaningful way—approachability, community management, and basic respect for a player’s time.

As for Dota’s community: it deserves the same neglect Valve has shown Team Fortress 2—abandonment by developers, overrun by bots, and left to rot. Even that would be too kind.
",False,3,0,811,708,True,2026-06-08
570,Dota 2,"if you want to be mentally retarded and socially disbanded from outside world and also ruin your life, i completly suggest this game.
it can easily make you a stone hearted ru$$ian hater who gets destroyed by the community and get tipped for miss playing for a m/s 
well leave the whole above part behind, its a fun and enjoyable game which sometimes makes you angry for competition",True,2,0,167033,166481,True,2026-06-12
570,Dota 2,"Its a game with a dangerous combination, its quite addicting but fundamentally broken at a root level, perhaps by design.

The game itself at its core is fun, the heroes are fun to play, and the game is updated semi-often (although the quality and quantity of said updates has significantly declined in the last few years).

Theirs no game quite like Dota 2, theirs over 100 heroes, all of them play completely differently, with their own skills and item builds, no two heroes feel the game. When playing with a stack theirs quite alot of thought that goes into your draft, your item build and your skill build. When it clicks its very addictive and quite honestly very fun. Nothing gives you a better dopamine hit than getting a rampage. Or winning that really close 50 minute game. 

But good lord the games horribly designed, to begin with, this game is unbelievably complicated, staring at the screen, youll see numbers and graphics everywhere, even basic skills and abilities can have half a page of text explaining what they do, items can too.  

This isnt a casual game that you play for a little while and move on, this is a game you play for life, or you dont play it at all. Even before you pick a hero to play, the fundamental basics of the game take months to learn, your looking at years of investment before your anywhere close to ""good"", thats just how complicated and in-depth this game is. 

If you want to play a new hero for example, youll need to read guides, watch videos and replays. You might be ok on a hero initially, but without going off and doing a bunch of research, you'll just end up throwing games and having people rage at you, this isnt a game, its a second job, in most cases it feels like your primary job. 

Then theirs the large patches that come out every 2-3 months, Dota 2 patches can be quite big. Dozens of pages and notes affecting huge amounts of heroes, items and even the map. Every time a release comes out you may have your favourite item or hero completely reworked entirely, meaning you effectively have to learn them again every 6-12 months, depending on the hero. Even worse, some patches completely change the basics of the game so drastically it feels like your playing a whole new game, this happens often.  

But perhaps the biggest design flaw of this game is the way it handles advantages in the early and mid game. When you get kills, you get money and experience, same with towers. Money lets you buy items to get stronger, experience helps you level up so you can get more stats and abilities. If one team gets an early lead, assuming a somewhat equal draft, then coming back is almost impossible since just being ahead gives you an advantage so you can get even more ahead, Dota 2 is an EXTREMELY snowball heavy game, once the snowball starts rolling, stopping it becomes almost impossible. 

The old saying ""whoever gets ahead stays ahead"" should be the motto of this game. In the rare case you do manage to pull off a comeback, its because the enemy team has made a series of major mistakes to let your team back in, rarely is it because you “outplayed” anyone.

This snowball methodology becomes so laughable that even if you do outplay the other team, you often wont get a kill just because the enemy team is so tanky, and your own items are so far behind that kills becomes significantly more difficult. The game actively prohibits better teams winning if they lose the mid/eary game because they are just too far behind to catchup. Cores with a gold/experience lead can legitimately wipe 3-4 enemy heroes on their own. 

Think of it this way, your playing tennis and you get a break of serve, your now ahead, as a result of you getting that break of serve, your own serve is now 25% faster, you move 25% quicker and your 25% less tired. This is the basic premise in Dota 2, you get a significant advantage just for being ahead, this happens in no other sport, you dont get to move 25% faster just because you sunk a three pointer in basketball. You dont get to throw a pitch 25% faster because you just struck someone out previously in a game of baseball. 

Moreover, stomps are VERY common in this game. 4/5 games are stomps where you know whose going to win after the first 10 or so minutes, where Dota 2 shines is that 1/5 game that goes down to the wire and you win. The addiction comes when you try to chase that same feeling and game for the next 3 days in vain. 

The other critical flaw in this game is just how minimal you can feel in terms of impact. You are 1 of 10 players, so even though you may be playing a great game, it doesnt matter if two other people on your team are just playing for laughs and giggles and end up dying alot in the early part of the game. Conversely, youll often win games where you play terribly, because someone else in your team is stomping everyone else. The only role that is absolutely critical is the position 1 role, you can win games with bad supports or an average mid, but you wont win with a terrible position 1. This often means that support players often feel like wins are out of their hands, it can be incredibly deflating when your playing fantastic as a support, but your position 1 feed 5 kills in the opening 2 minutes. 

The other aspect of this game that often gets overlooked is just how toxic games can be. This isnt COD or BF2 where games last 15 minutes, you can leave whenever you want and no one really talks because its just a goofy, fun game where no one really cares that much. Dota 2 games can last 50 minutes, thats a long time to be stuck with the same 4 people on your team, if things are going badly, people can get toxic very quickly, and you cant leave or quit before the game ends  since theres no surrender button. If your behind as per my above point, comebacks just dont happen that often, and as a result its not uncommon to be sitting in a game that was over 15 minutes ago, just watching you and your team mates die over and over again for 20 minutes. 

This game brings out the worst in people, you absolutely have to have very thick skin to play this game, its not for the timid or shy. 

In the end, I have over 9000 hours in this game, most of the time I have not enjoyed, but due to how addicting it can be, stopping becomes challenging. If you do take the plunge and dedicate serious amounts of time and effort into this game, quitting becomes even harder because youve already dedicated a huge amount of time already, time you dont want to feel like youve ""wasted"". 

I often think about what I could have done with those 9000 hours, what skills I could have developed or interests I could have pursued. Dont be like me, I hate this game and I wish I never played it.",False,5,0,561643,561509,True,2026-06-05
570,Dota 2,"the game was fun i used to play unranked to avoid all the hate, but i noticed that unranked sometimes is filled with bots.
I played ranked and after playing a while i got an ad saying i cannot play that role anymore. no game must tell me what to play so i stopped playing. i do not recommend it",False,6,0,23469,23469,True,2026-06-06
570,Dota 2,"Great game, but not worth the time it takes to know at least something",False,2,0,6491,5831,True,2026-06-09
570,Dota 2,Trash game with trash ppl... i have 4 guys who dont know how to play this game... i think this ranked ♥♥♥♥ u made need to get fixed... every game i have 3 to 4 guys who afk farm.. they dont know what to pick dont know what to make dont know whjat to do ... also valve dont fix ♥♥♥♥ we have pudge rot dmg 200 it says ... it does to pudge 200 dmg xD but to ppl around you i deals 13 dmg .. xD better delete  rot and give him some other spell.,False,3,1,630574,626796,True,2026-06-01
570,Dota 2,Cheating in 2026 is OUT OF HAND. Russian players ( 90% of them are from Russia ) are using scripts/hacks.  And dota staff aren't doing anything about it. Cheater with 5000 hours is playing every day and reports are not doing anything.  Steam profile reports are also not doing much. This cheating problem needs to get fixed ASAP. VAC ban them ALL.  OR  better yet create a Russian steam version ( just like chinese ) and make them play with each other. For now in 2026 this game is unplayable because 1/3 games there is a cheater playing. Every 3rd game !!!. Valve do something about this...,False,2,0,78585,78194,True,2026-06-15
570,Dota 2,toxic bad game keeps changing. they should make the game's skill ceiling visible its way too complex unpredictable so hard i think they could make it a bit more predicitable like removing crit chance etc or bash chance these type of things so we could actually see why we are losing etc also maybe restricting some movements maybe idk also global teleportation should not be allowed maybe boots of travel tinker etc all these things should be also removed so we can actually ♥♥♥♥♥♥♥ play the game and see who is good who is not we dont wanna see people split pushing 40 mn then either winning or losing and we have no idea how we lost who is playing good who is not its so uncertain maybe u can predict the outcome or why u lost but its really hard to analyze this game so people end up learning the game in a wrong way its very frustrating to not being able to get better even starting items matter in this game just cuz u didnt buy one branch might ♥♥♥♥ your whole game there might  be multiple ways to play this game but there is only 1 logical ways to play the game probably its like a chess game but hard to analyze way too complex and toxic reducing the complexity would make people less toxic so they actually see why they lost and not blame others so we can enjoy the game,False,2,0,64477,64460,True,2026-06-12
570,Dota 2,Not bad game for being in beta for 15+ years. Absolutely unplayable ranked system,False,3,2,660560,658999,True,2026-06-10
570,Dota 2,"Huge smurfing problem.

Why do I have 3300 matches and almost every game someone on my team or enemy team has 100-200 matches on their account?",False,2,0,225382,221730,True,2026-06-06
570,Dota 2,"I play this game so much but this game give me absolutely nothing but mental unstability.  if you dont have any friend in real life to play then dont play this game because in game you dont have a real friend ever. 
dota 2's biggest fault is not see a player that he or she is wrong or right in a game. if a a noob or bot give you report in game then your communication score will melt from 6000 to 2000 like icecream. and in every game you have atleast 1 bot teammate if you dont play with your friend(5 player team), then most game you will lose because enemy have no bot or noob teammates. its not matter how much you  play good or rightly you will lose for that noob teammates because its a 5 vs 5 game. and then the noob teammates report you. 
dota 2 is absolutely lose of time, effort and money(if you buy any item). dota have too much high price in his some items that any normal class player cant afford that if want.
after your communication score rich 2000, theres no chance you got talk or message or any type of communication, so you cant guide a teammate if he goes for wrong item or wrong side of map in a match. then you have to play matches and win it to upward the score but its very negligible and tough. basically this game want your most time of a day to upward communication score or your rank.",False,3,0,50213,45821,True,2026-05-31
570,Dota 2,"It is with a heavy heart that I do this but I cannot recommend that anyone try to pickup Dota 2 now. Ranked games are a joke, played through herald -> crusader, and to be honest I think there is a smurf on either team  or even on both teams once every 2-3 games tops and it is just a miserable experience. Valve will most assuredly Low Priority you for being a potty mouth to some subhuman piece of ♥♥♥♥ smurf or cheater but in my last 3 months I have had zero actions taken against obvious smurfs, hell I've even had smurfs with  pedo game names and nothing was done about it so if you want to burn a few braincells, go for it, but as it is, the game is currently cooked.",False,2,1,116815,115065,True,2026-05-30
570,Dota 2,"This is officially the worst game ever ! The Behavioral and Communication scores are made by Satan himself ! Not being able to communicate with teammates is absolutely moronic in a TEAM BASED GAME ! ♥♥♥♥ off !

Edit: I just had a match, at one point we were losing 44 to 4... Yeah, ♥♥♥♥ this game !",False,2,0,243403,239289,True,2026-05-28
570,Dota 2,"stupid matching system, and allowing smurfing, endless report still there, ♥♥♥♥ this game",False,3,0,152895,152797,True,2026-05-26
570,Dota 2,"Um jogo divertido, um pouco tóxico. Mudanças radicais desde o seu lançamento. Mesmo assim, se a gente tem a mente aberta para jogar uma espécie de game diferente a cada ano... pode ter grande valor na sua coleção.",True,1,0,164700,164459,True,2026-05-25
570,Dota 2,"the classic was fun, now it's just league of legends with extra steps",False,3,0,661979,650894,True,2026-05-21
570,Dota 2,"Best of best, but unfortunately its wasting time. Community is dead and developer making it ♥♥♥♥. Bring back BP and event games",True,3,0,10704,7609,True,2026-06-04
570,Dota 2,"I played this game for over 10 years, The report system has got terrible. You get communication ban for disagreeing with people, you get sent to low priority for not doing what your team wants even if theyre wrong. I dont what is going on but this needs to be fixed.",False,3,1,562154,558768,True,2026-05-21
570,Dota 2,"Dota 2 - игра, которая одновременно является бесплатной, но стоит тебе жизни, психики, отношений, сна и, иногда, клавиатуры

Я начал играть в доту как человек. У меня были цели, амбиции, друзья, нормальный режим сна и вера в человечество.

Сейчас у меня осталась только ненависть к туману войны и привычка проверять миникарту даже когда я смотрю порно.


ПЕРВОЕ ЗНАКОМСТВО

Я помню свой первый матч.

Меня встретили 9 человек, которые уже явно закончили минимум по три университета по токсичности, психологии давления и искусству унижения новичков.

Я выбрал героя, нажал “рандом”, и игра сказала: «Поздравляем, ты теперь саппорт без понимания, что ты саппорт».

Мой керри написал:

 “удали игру уёбок”


Я ещё не знал, что это не совет. Это была философия.


ОБУЧЕНИЕ

Обучение в доту это когда тебе объясняют, как играть, а потом бросают в лес, как ребёнка в экономику.

«Купи варды»

Купил варды

Поставил варды

Умер, потому что поставил варды

Керри: “репорт уёбку на саппе”


Логика ясна. Варды нужны, чтобы ты видел момент своей смерти в пиздатом качестве.


РАНГОВАЯ СИСТЕМА

ММР - это не рейтинг.

Это психологический эксперимент валв над тем, как долго человек может верить, что он поднимется, прежде чем начнёт пикать пуджа из принципа.

Каждый матч - это:

Один человек, который играет как TI победитель

Один человек, который только что проснулся

Один человек, который играет ногами

И я, который пытается понять, почему мы все в одной команде


ГЕЙМПЛЕЙ

Dota 2 - это единственная игра, где:

ты можешь выиграть 45 минут

и проиграть за 7 секунд, потому что кто-то пошёл бить древних без байбека, трезвости и совести


Каждая драка выглядит так:

1. Кто-то кричит «го выебем их ща»


2. Половина команды не готова


3. Вторая половина уже умерла


4. Я нажимаю телепорт на таверну, которого уже нет


СОЮЗНИКИ

Союзники в доте - это не команда.

Это 4 незнакомца, объединённые только общей болью и отсутствием взаимопонимания.

Типы союзников:

Мидер: «Я смурф даблите» → 0/5 на 6-й минуте

Керри: фармит лес, пока несут трон

Саппорт: купил варды один раз и теперь философ

Оффлейнер: ушёл в лес, потому что  захотел


ВРАГИ

Враги всегда:

знают тайминги

читают карту

любят тебя

особенно когда ты на 10 HP и без телепорта


ОБЩЕНИЕ

Чат в доте — это место, где:

советы выглядят как угрозы

угрозы выглядят как религия

и каждый второй — будущий участник судебного разбирательства, если бы валв добавила суд


ПОБЕДЫ

Иногда ты выигрываешь.

Это происходит случайно, примерно как найти деньги в старой куртке.

Ты не понимаешь почему победил, команда не понимает почему победила, и никто не чувствует, что это заслуженно.


ПОРАЖЕНИЯ

Поражения — это не конец.

Это начало следующего матча, где ты уже морально сломан, но всё равно жмёшь поиск, потому что мозг уже подписал контракт с зависимостью.


ИТОГ

Dota 2 - это не игра.

Это:

психологический тренинг

симулятор коллективной ответственности без ответственности

школа терпения, злости и принятия неизбежного

и единственное место, где фраза “gg ez” звучит как объявление войны


Рекомендую.

Не потому что хорошая игра, а потому что уже поздно её удалять",True,3,1,212258,207423,True,2026-06-10
570,Dota 2,"too many bot player, report system so bad, matchmaking quality getting sht. so many trash player. game not playable anymore",False,2,0,361620,359578,True,2026-06-07
570,Dota 2,I was given a 2-week ban without any warning for leaving a game on a custom map in a lobby created by a friend. Imagine my surprise as a new player. Wanted to restart a lobby because we had one other friend who just downloaded the game but I guess dota 2 doesn't like new players.,False,2,0,879,313,True,2026-05-28
570,Dota 2,"I can’t recommend this game anymore.

The community is one of the most toxic I’ve ever experienced. The matchmaking and ranking system feels completely broken, no matter how much you improve, it often feels like you're stuck in the same place forever. Climbing MMR rarely feels rewarding, and too many games are decided by factors outside of your control.

Cheaters seem more common than ever, and the game is full of griefers, trolls, and players who clearly have no interest in winning. The worst part is that many matches feel decided within the first 10 minutes because someone gives up, starts feeding, or intentionally ruins the game. Yet you're still forced to sit through another 40+ minutes of a miserable and completely unwinnable match.

Dota 2 is still a great game at its core, but the overall experience has become exhausting. Too many matches are ruined by toxic behavior instead of being decided by skill. After thousands of hours, I no longer have fun playing it.

I'd rather spend $100 on another game than queue up for another match of Dota 2.
",False,3,0,296112,295709,True,2026-06-09
570,Dota 2,"This game is like a disease. Suddenly your head goes fuzzy and dota2 just starts, then an hour later, it stops... Rince and repeat.",False,1,1,154186,152820,True,2026-05-22
570,Dota 2,"The game gets updated — but that's where Valve's effort ends. Behind the polished patches and shiny new heroes lies a company that has completely abdicated its responsibility to the player base. Smurfs run rampant with no consequence, the matchmaking punishes honest players, and the reporting system is essentially decorative. Valve collects billions from this community through cosmetics and battle passes, yet can't be bothered to enforce basic standards of fair play. At this point, the gameplay is being held together by the developers, while the community is being left to rot by management. That's not a game with problems — that's a game being actively mismanaged by people who stopped caring a long time ago.

The good: Constant patches and evolving metas keep the game fresh and balanced. Genuinely commendable.

The bad:
-The ranking and matchmaking system is a joke. Hit a win streak, then get thrown into an unwinnable losing spree packed with smurfs and toxic players. Which I strongly believe they do it on purpose - otherwise it will be impossible to explain this suffering from this loop many times. Escaping this loop alone is nearly impossible — and smurfs face zero real consequences. Many openly admit buying accounts and have never been penalized once.

-The communication system is absurd. You get provoked, stay silent, and your communication score drops anyway. You end up muted or restricted regardless.
",False,3,0,188259,185144,True,2026-05-24
570,Dota 2,"I seriously suck at this game. When it comes to PvP, the adrenaline hits me, I freeze, forget to use the keys and become a total mess. I've played a lot of bots in normal mode with others until......Arcade.

Bruuuuuuuuuuh. Waste some time. Play these community made map modes. It's how DOTA started and honestly what it's all about.",True,5,0,390,390,True,2026-05-24
570,Dota 2,"NOT RECOMMENDED!!!

This is the greatest game I have ever played, and I absolutely hate it.

I’ve spent almost 800 hours of my life in this digital trenches, and I can confidently say the gameplay is a masterpiece. The depth is insane, the mechanical ceiling is somewhere in Earth's orbit, and winning a hard-fought 60-minute match gives you a high that no other game can match.

Unfortunately, you have to play it with other human beings. The community is a toxic radioactive wasteland where your teammate will throw a massive tantrum and destroy all their items because you missed one spell 3 minutes into the game. It is less of a video game and more of a psychological endurance test. You will log off angry, sleep poorly, and then boot it right back up the next day.

Don't install this unless you want your faith in humanity thoroughly tested. See you guys in lane tomorrow.",True,1,0,48791,47750,True,2026-05-27
570,Dota 2,"game is good, but the community sucks.",False,1,0,215409,214232,True,2026-05-29
570,Dota 2,"When it's fun it's fun but it definitely shows it's age. Almost every character has a touch of absolute bull in their kit, and the items in the game only serve to exacerbate it. Certain characters are only viable with certain items you don't pilot the champ you play the shop. Unless you lose the coinflip for which team has more point and click CC the chains are ridiculous. But oh! guess where the counter to that is? $$$(in game lol not real) Cannot say I recommend it :/",False,1,0,11647,10580,True,2026-06-03
570,Dota 2,"Trying to get 100 hour playtime through normal games and turbo, to unlock ranked might the worst 100 hours ive ever spent in any game, 100 hours of pure misery and suffering.
Only getting matches with smurfs or people who plays like its the first time theyve ever touched a keyboard.",False,2,0,10823,10677,True,2026-05-22
570,Dota 2,"Until 2022, it was an excellent game. 
After 2022, it has been in constant decline. 
Constant small and major “updates” keep making the game worse.

Matchmaking
The matchmaking randomness is insane — the chance of winning or losing feels like 50/50.
You can lose 10 matches in a row, then win 10 in a row.
Your personal skill has almost no impact on the outcome. 
There is a constant feeling that you have no control over the game, even if you receive the “Best Player of the Match” title more often than other players.

Hack-and-slash
The game has turned from a strategy game into a hack-and-slash.
From “play smart” to “play as a crowd.”
Victory no longer goes to the more skillful player, but to the team that can bring more allies to a fight at the right moment. You have become COMPLETELY dependent on your teammates.

The International 2025
This led to The International 2025 becoming the longest tournament in the game's history.
The best players of the world - Teams were so afraid to take fights without all five players present that five matches turned into around ten team fights stretched across five hours. Even the commentators did not seem happy, because there was almost nothing happening in the game to talk about.

Play every day
Every “update” drastically changes several random heroes.
So if you don’t play every day, but only once a week, you will constantly be unpleasantly surprised when your hero suddenly dies for no apparent reason.
The reason is simple: you were not prepared for the “new mechanic” introduced in the latest weekly update.
And yes, you will have to search YouTube for information about the “new updates” just to understand why your hero died.
The experience and mastery you accumulated with a character become meaningless because of the constant radical changes introduced in weekly “updates.”",False,4,0,40994,40994,True,2026-05-26
570,Dota 2,"I started playing the game back in 2013. I’ve grinded and grinded while infusing my whole being into the game. After years and years of ups and downs, I’ve decided it's time to make a change. 

So I quit Dota for good. After that, I got a well-paid job, a wife, and two kids. 

The Selemene smiled upon me, but then an ill thought came to my mind. 

Go back! Conquer your demons! 

So since life was way too good to me, I’ve come back to balance things out, to suffer for the greater good. I’ve reclaimed my immortality once again. Met the whole animal kingdom at once. Met so many different cultures who are trying to end my life, and yet here I am. 

So,

Are you going to conquer your demons? 



Or


Are you going to turn your head away from all the pain and suffering and live a good life as I once did?



It’s up to you!

",True,1,0,829615,829079,True,2026-06-11
570,Dota 2,"This game is SCAMMMMMM.
I play more than 10 years and countless account yet never reach to ARCHONNNNNNNNNNN.
",False,1,0,81629,79288,True,2026-05-24
570,Dota 2,"Probbably the most toxic player base in the univerce. 0 out of 10
Not made to be played as a solo gamer. Must be in a team of 3 in orther to get a microdose of enjoyment.",False,2,0,122614,122614,True,2026-05-24
570,Dota 2,"somehow i play vs perfect players denying everything as a noob and nobody helps me with questions about the game... arguably bad experience for new players, uninstalling",False,1,0,1294,1294,True,2026-05-24
570,Dota 2,"Fix the ♥♥♥♥♥♥♥ bots, they are so bad that it wastes time and if WE abandon we're still punished. You make how much each year and you cannot make a game without bots. Well done",False,1,0,1538,1538,True,2026-05-24
570,Dota 2,"absolute trash game, I hope ice frog would never create a game the only purpose of which spread angry around",False,1,0,117813,115551,True,2026-05-24
570,Dota 2,"игра оч хуевая, хз зачем в нее играть, игра чисто для аутов которым нечем заняться",False,1,0,19095,12981,True,2026-05-18
570,Dota 2,"Don't touch this ♥♥♥♥♥♥ game, it punishes you for being a better player than your teamates, you can play well and do great and have a positive mindset but if your teamates just gives up and reports you, you will get a ban up to 1 day which is so dumb... I don't even touch league but I recommend you plaything that game instead. Matchmaking also takes forever since no1 plays this game but you can switch region to russia and E.U servers which isnt bad for my experience... though the players are outrageously toxic they have a child mindset... this game is dog valve destroyed this game",False,2,0,140274,137351,True,2026-05-18
570,Dota 2,"too many toxic player. cant read role, idiot pick, etc. uninstall it for good. get 1k mmr and you wont get anywhere. trust me, uninstall it.",False,2,0,301999,296831,True,2026-05-24
570,Dota 2,"Matchmaking is completely BROKEN, thousands of players complain about it but all they focus on is  being polite to other players. U even get a reminder to be nice and understanding to new players that HAVE no idea how to play the game, but the matchmaking puts them in games way above their level, ruining the game for EVERYBODY. Vast majority of the games end in absolute STOMPS not fun even if u are on the winning side. 

There is a phenomena described by everyone and i mean EVERYONE that i know that plays this game:
After a win streak (where u get coherent teammates) u get matched for several games with really really bad teammates (borderline dysfunctional ppl) forcing an artificial lose streak NOT because u advanced in the skill ladder but because the skill of everyone around u suddenly tanks like a brick. Dota is a team game there is no way u can win by yourself so u are forced to stay in a 30-40-50 min game and grind against all odds just to lose when u knew from the first 15 min. It's a miserable experience and u get it like 40-50% of the time. I don't want play a game that makes me feel miserable for almost half of the time by DESIGN.

Players that are rude are not the problem in DOTA.
There is nothing more TOXIC in DOTA than the MATCHMAKING itself for effectively RIGGING games, and IT should be banned not ""rude behavior"".
I have 12k (perfect) behavior score and 10k+ communication score just to be clear, u can be as well behaved as u can be u still get the ""TREATMENT"" 

For years and years and years ppl have been complaining about the same problems and it doesn't get fixed.

DOTA is dying and it deserves it.",False,1,0,80019,75466,True,2026-05-28
570,Dota 2,"toxic game full of braindead team-mates and toxic russians in the opposite team that play like for the international. stupid matchmaking, zero balance, 100 patches a day that you never know what beta version of dota you're on.
don't recommend, sell your computer instead of playing this unbalanced and unfair game ty",False,3,0,128703,126604,True,2026-05-26
570,Dota 2,"This used to be a great game but the devs have abandoned the playerbase. We get 3 ♥♥♥♥♥♥ skins as quartero's curios for grinding over a 100 hours of gameplay in the time when we used to get a battlepass (around TI). Toxic players actually used to get banned or punished, and role abusers had the same fate. They mess numbers around and call it ""balancing"" and name it a ""patch"" to try and keep the gameplay fresh, but this game is only held up by the addicts that can't stop playing (like me). 

Do yourself a favour and help kill this game. Stop playing, stop purchasing, stop trading in the marketplace.",False,2,1,317358,315020,True,2026-06-06
570,Dota 2,Love this game. LoL doesn't play on linux but i don't think I would play LoL again after playing Dota 2,True,0,0,769,722,True,2026-06-16
570,Dota 2,Dont do it... Save yourself while you can... Dont even play other rts games it'll trigger your addiction,True,0,0,35687,35394,True,2026-06-16
570,Dota 2,"Best game ever created. If you want a stress reliever game, check this out. My life changed because of this game <3. Thank you DOTA for making my life easy...easy to get angry!",True,0,0,103105,102855,True,2026-06-16
570,Dota 2,"Enjoyed the game for a little while, but I feel like I had the rug pulled out from me after a character I enjoyed playing got changed in an update that basically gutted them. Having to deal with that feels like I'm wasting my time.",False,0,0,20709,20709,True,2026-06-16
570,Dota 2,"Ego will be unraveled by game and you will learn a lot about yourself. You will become addicted to entering flow states from clashing or good dota. Said experiences will forever have you chasing the dragon. Game rewards both mechanical skill and theoretical game knowledge - it will require you to be intimate with applying both to win but the latter to really go far. 

You will be constantly tested by your peers emotionally at all levels - This will quickly help you find out whether or not you really care about other people's opinions. Much like life, there are many scenarios that dota will put you in where you will have little to no control over, outside of your own actions and how you react to others in that situation. Once you finally understand enough to be able to express yourself through your character, you will be able to create a bigger impact on the game. 

Remember, as much impact as you have on the game, anything can happen and you will have to accept the reality of the outcome no matter what it is; good, bad or in-between. Many people get trapped in one aspect of Dota samsara and will never escape or face parts of themselves to really overcome emotional or mental barriers that may or may not affect them in real life. 

If you choose to play the game despite the warnings of myself and others. Understand that dota just happens and you willingly chose to be there - Try to make the most of it with what little time you have",True,0,0,413968,413913,True,2026-06-16
570,Dota 2,"incredibly toxic, racist playbase but thats nothing new. Valve just isnt making content for this game anymore so its hardly worth getting into or sticking around for.",False,0,0,75618,75618,True,2026-06-16
570,Dota 2,its good. but some one of the players now are toxic. they dont even know the essence of the game . Please ban them,True,0,0,61308,61042,True,2026-06-16
570,Dota 2,this game brings me to the highest highs and lowest lows. PEAK,True,0,0,8614,8409,True,2026-06-16
570,Dota 2,"Every day, millions of players worldwide enter battle as one of over a hundred Dota heroes. And no matter if it's their 10th hour of play or 1,000th, there's always something new to discover. With regular updates that ensure a constant evolution of gameplay, features, and heroes, Dota 2 has taken on a life of its own.",False,0,0,465,465,True,2026-06-15
570,Dota 2,"Incredible game, I would really recommend it for it's beautiful graphics, fun mechanics, very rich map and very good paid content (such as skins, which are awesome). However, I can't recommend a game for someone who is not used to the game already since it's horrible for beginners. Although it has a very good tutorial at the start and the possibility to train with good programmed bots, the player experience with other players is very bad: the community can be very toxic, sometimes even more than games like league of legends, and the matchmaking is simple terrible, it will sometimes pair you with people way more experient than you and you'll just get crushed without the possibility to surrender or end the game earlier, and just waste 1 hour of your life. 
Speaking of the complexity of the game, it's very complex but it's also very good. In that sense, is the peak of MOBAs in my opinion, but it's a painful entry for beginners and honestly it's not worth to invest your time on a game that is not welcoming for new players and will make you just waste your times mostly of the times.",False,0,0,4443,4443,True,2026-06-15
570,Dota 2,"Dota 2 is a deep and highly competitive game with a huge hero pool and endless strategy possibilities. Every match feels different because of item builds, team coordination, and hero matchups. It has a very steep learning curve, but once you understand the basics, it becomes very rewarding.",True,0,0,497474,497223,True,2026-06-15
570,Dota 2,Best game I ever played in a lifetime of gaming.. but what if I studied Organic Chemistry instead.,True,0,0,252167,252129,True,2026-06-15
570,Dota 2,Fix snapfire cookie-fly - it should not stun when being interrupted ( stun e.t.c ),False,0,0,51703,51472,True,2026-06-15
570,Dota 2,Just started playing and completely lost. Definitely not a game for new players. Will take time to learn.,True,0,0,171,89,True,2026-06-14
570,Dota 2,"Dota 2 is one of the most complex and rewarding MOBAs ever made. Its deep strategy, unique heroes, and high skill ceiling create unforgettable matches, but the steep learning curve can be intimidating for new players. Despite its age, it remains a legendary competitive game with a passionate community.",True,0,0,301,301,True,2026-06-14
570,Dota 2,"I tried to play 1 game after a year, my account has one LP game, I played 5 , lost every game. I tried my best, played well,  supportive, didn't even say a single word that could hurt someone. One match, someone deleted his item because someone took one of his jungle creeps. Another match, someone afk every 2-3 minutes. Another match, someone trolled because he didn't get to pick carry role and we lost within  12 minutes. Another two matches, I had noobs in my team and enemies had stronger/higher ranked players. 
This game is literally broken, took my morale and just full of kids or mentality broken people. The community is really broken. I still love watching pro games, I play this game since TI 2-3. until now Ti16, but I believe after this current pro players' generation, this game will be totally gone. Max 5 years.",False,0,0,41588,41525,True,2026-06-14
570,Dota 2,"If anything is bad this is worse absolutely horrible the game is destined to just make u hate it from start lol is much better , they just make people lives miserable people dodge all the time when i dodge i get git with a single queue which for a new player needs u to win games and randoms r horrible and they dont punish that",False,0,0,939,717,True,2026-06-14
570,Dota 2,"Dear Valve Team,

I would like to give you a suggestion that concerns all Dota 2 players.

I believe the current reporting system should be reconsidered because it has made the game very frustrating. At the moment, anyone can report anyone, and in my experience this creates many unfair situations. I have been playing in what many players call the ""hidden pool"" for almost two years, and I have not been able to get out of it. Whether I win or lose, I continue to receive negative reports regardless of how I actually play.

I think there should simply be a mute option for communication issues. If someone does not like the way another player communicates, they can mute that person and continue playing. However, when a player becomes completely muted by the system, they can no longer communicate with teammates, which often makes teamwork much harder and can negatively affect the outcome of the game.

Please take this feedback into consideration. I have been playing Dota since the very beginning, dating back to the original Dota map in Warcraft III: The Frozen Throne. I care deeply about this game and want it to remain enjoyable for everyone.

Thank you for your time and consideration.

Sincerely,
A longtime Dota player ❤️
",True,0,0,640412,639150,True,2026-06-14
570,Dota 2,"u stomp or get stomped

no real games anymore where teams are even and you have fun playing

really sad and valve is doing nothing against this

dota 2 was once a great game but now its getting more and more worse

may the last put the lights out",False,0,0,235224,235125,True,2026-06-14
570,Dota 2,"been playing this game for more than 10 years from multiple different accounts, and I just cannot get out of this game ever. Shaped me, helped me, stressed the SH out of me, but I still and will always love this game.",True,0,0,110287,110287,True,2026-06-14
570,Dota 2,"Pros
- Toxic Community
- High paced moba game

Cons
- Toxic Community",True,0,0,232335,232257,True,2026-06-14
570,Dota 2,"A well~made game, built by its community for its community, you can even play the game without playing the game through arcade, and if you came from LoL, turbo mode will give you the similar feel",True,0,0,204024,204024,True,2026-06-14
570,Dota 2,"Playing since 2015, just started again and still has the addictive nature to it.
",True,0,0,45501,45318,True,2026-06-13
570,Dota 2,"Solid game. The lower ranks can be full of toxic players, but once you rank up, there will be toxic players, too.",True,0,0,60323,60266,True,2026-06-13
570,Dota 2,"Great games, some people say this game is confusing and stick to other mobas instead. After 1.5k hours I can say this game is confusing, a little less once you get accustomed to the mechanics. Trying different heroes or learning to do different builds is always a very humbling experience. Never in my game time have I gotten to think that ""This game is getting boring"" which is usually something that has happened in a lot of other games.",True,0,0,89915,89661,True,2026-06-13
570,Dota 2,"fukcing game why LP or single draff to win 2 game ??? when i dont even have time to play turbo
and ♥♥♥♥ they should only givve 2 game SD win or lose mf game
",True,0,0,28162,27645,True,2026-06-13
570,Dota 2,Still the undisputed king of tactical shooters after all these years.,True,0,0,416,416,True,2026-06-13
570,Dota 2,although this game has given me severe PTSD from the random Zeus ults from the enemy fountain it is some of the most fun I've ever had playing with friends and getting your first rampage is a different experence.,True,0,0,21348,20470,True,2026-06-13
570,Dota 2,"I just don't feel like it has evolved to stay fun. It's so hardcore, the community is a toxic group that has been playing so long that is it doesnt hold up to more approachable mobas.",False,0,0,389,389,True,2026-06-12
570,Dota 2,Fun game for strategy and learning.,True,0,0,203480,202532,True,2026-06-12
570,Dota 2,"This game has a lot to do and learn, so it's good to have plenty of time for it. But it has too much unnecessary things. It's not for new players who don't have much time to waste. And the character controling is too annoying to keep playing until finish the tutorial.",False,0,0,109,109,True,2026-06-12
570,Dota 2,This game is Fun and all . just as long as you playing with Friends who Will work with you ... most random players think this is singleplayer and they go alone and you lose XD,True,0,0,2235,1843,True,2026-06-12
570,Dota 2,Been playing this game since Dota 1. Game changes drastically but the core experience remains..,True,0,0,10937,10937,True,2026-06-12
570,Dota 2,Huge patch drops always change the game in the best ways possible.,True,0,0,64,64,True,2026-06-12
570,Dota 2,"The reviews in a nutshell: ""Toxic community learns the hard way that they are all toxic ♥♥♥♥♥♥♥♥♥♥ and are refusing to accept the fact the only reason they can still play the game is because Valve refuses to have an actual ban system.""",False,0,0,122,122,True,2026-06-12
570,Dota 2,after 6k hours I can say that this game is better than League of Legends and mobile legends combined.,True,0,0,362357,361265,True,2026-06-12
570,Dota 2,Friendly and informative community full of happy joyous people from around the world (:,True,0,1,648063,647591,True,2026-06-11
570,Dota 2,"Spent a lot of time with Dota, starting with dota 1 and then going to dota 2.
I love the game, I love the concept, enjoyed a lot of matches in the game, but lately I feel like I am taken for a fool.
It seems the developers, pms, bas or whoever should be responsible for this is unable to figure out how to detect smurfs. You know, those accounts that have 200 matches with 60+ mvps, they get rampages every 2-3 matches and so on; I wish there was any way to detect them, any way they could be brought up by various filters and statistics that the whole corporate industry is so attached to, but alas, we'll have to wait for more technological advancement before this would be possible. 
I am not by far a star player but it seems close to impossible to play games at my own level. Every other game is plagued by 1 or more smurfs that completely dominate the game. I reported hundreds of them and I am yet to receive any feedback that any action was taken for any of them. There were cases it was so bad the guys were also reported by their own teammates and, you guessed it, still no feedback that any action was taken.
I can only conclude that they are either extremely incompetent or give a rat's ass about your and my experience and enjoyment in the game. And yes, I was a 'plus' player, aka I actually paid for the game...",False,0,0,433786,433786,True,2026-06-11
570,Dota 2,"Dota 2 is one of the most rewarding games I’ve ever played. Every match feels different, and there’s always something new to learn. The game has a steep learning curve, but once it clicks, it’s incredibly fun and addictive. Great teamwork, endless strategies, and unforgettable moments make it a masterpiece of the MOBA genre.

10/10 — I keep coming back for “one more game.”",True,0,0,119546,118291,True,2026-06-11
570,Dota 2,"The best MOBA! Have been playing for 22yrs, always entertaining and challenging!",True,0,0,163520,162408,True,2026-06-11
570,Dota 2,This game is Gabe's middle child and just like the middle child he has forgotten about it and is now focusing on his brand new baby deadlock. We miss you old compendium,False,0,1,355207,355207,True,2026-06-11
570,Dota 2,its a great game but a very steap learning curve so i only recomend this game if u have alot of moba exp,True,0,0,250342,250243,True,2026-06-11
570,Dota 2,"Love the game, I get to spend about 45 minutes trying to keep four strangers happy, healthy, and mana hydrated. I also learned how to achieve world peace with a budget of 40 gold and very low but active passive gold as additional financial training. 
They say Dota2 is a game of strategy, but for a support player, it’s a game of psychology. If my team wins, it's because the carry is godlike, and if we lose, I get blamed for not pulling the small camp at exactly :14 while simultaneously blocking the enemy camp, ganking mid, and saving everyone's ass. 
P.S. All of this just to get obliterated by an enemy mid-laner or core with a 98% win rate on a below level 5 steam account.",True,0,0,144688,143437,True,2026-06-10
570,Dota 2,"I have a big problem with this game and i want the developers to see this message. The game itself is fine. The problem is the behavior score. If you use bad words or toxic in vc or get reported by the other players, your score got low. I get it. But i never use vc or chat while playing let alone swearing or typing bad words and somehow my scores got so low that i cant use vc or chat. I still dont mind but since then it's like a few years now and my score never went up even though i dont talk or being toxic. In fact my scores got more lower that i cant play rank games anymore. Is there a ♥♥♥♥♥♥♥ bug here or every ♥♥♥♥♥♥♥ players i met are ♥♥♥♥♥♥♥♥ who always report me? Anyway i want someone to check my problem if possible. If reports are the main source, it can't be helped but if it's bug, i want you to fix it. 
I WONT RECOMMEND THIS GAME TO OTHERS! Why? The game itself is fine but the players? There are lots of (not all) ♥♥♥♥♥♥♥ ♥♥♥♥♥♥♥♥ you dont wanna meet in this game",False,0,0,22248,22024,True,2026-06-10
570,Dota 2,"Every major Dota 2 update feels like Valve is reinventing the game from scratch. They keep introducing mechanics, balancing around them for months, then removing or overhauling them entirely. After more than a decade, you'd think the development cycle would be more structured and consistent. Instead, it often feels like one giant experiment. Shame.
",False,0,0,448437,447132,True,2026-06-10
570,Dota 2,"I have played this style of games a lot and I do really love them and Dota 2 is the best among them all. I can play all day and through months non-stop without fatigue. Great gameplay, great characters, great items, great controlling and ability use. I do love everything of this game.",True,0,0,5329,3906,True,2026-06-09
570,Dota 2,"game is free. dota+ is not. but wont need for first 1000 hours. first 100 hours steep learning curve. next 900 hours less steep learning curve. 
once you hit 1000 hours you will be comfortable, but this doesnt make the people you will play against any easier. 
If you like thinking, but also have mechanical skill, you will never stop learning new things.
very frequent gameplay updates that changes the whole way every hero/item/map works. 
warning: can be frustrating at times(you play with other hhumans and their opinions/iQ might differ from yours), if your willing to tough it out, will be rewarding sometimes. 
playing with friends makes game ++++++more enjoyable,",True,0,0,87071,84650,True,2026-06-09
570,Dota 2,"addicting gameplay loop, stands the test of time!",True,0,0,68589,64873,True,2026-06-09
570,Dota 2,It's maybe one of the best games ever made but the lack of advertising on valve's side plus the insane barrier to entry due to it's complexity and the saltiness of it's community when dealing with new people makes it so hard to grow. If you can get past the first 1k hours of torment to learn the game and to withstand the flame of the community you are gonna be playing one of the best games ever made.,True,0,0,287492,286426,True,2026-06-09
570,Dota 2,"unless you have 20 hours a day to study spreadsheets, analyze data, and read up on metas, you might as well be signing up to get your head caved in for 30+ minutes a match while 12 year olds yell at you. its definitely a kick you while your down game",False,0,0,6481,6060,True,2026-06-08
570,Dota 2,"Extremely high skill cap. Strategic complexity that never gets boring. Game platform is very well designed to  make learning feel linear, once you've crossed the beginner threshold (i.e. it's easy to 'move up' in small increments, rather than huge leaps where you feel like you're starting from scratch again). Tons of supportive online content from players (i.e. YouTube How to's). Large player pool and relatively effective matchmaking that doesn't take too long.",True,0,0,24791,23100,True,2026-06-07
570,Dota 2,"If you want to sink many hours in and feel bad about it every time, but have the time of your life, download this. You'll still suck after 2k hours, but it's the best gaming experience out there.",True,0,0,150583,150081,True,2026-06-07
570,Dota 2,"good game, but i think it will better if ppl not try so hard and agry if lose, some people are here to have fun and some of them are tryhard players (they better match together, not for me)",True,0,0,63185,63185,True,2026-06-07
570,Dota 2,"I seriously suck at this game. When it comes to PvP, the adrenaline hits me, I freeze, forget to use the keys and become a total mess. I've played a lot of bots in normal mode with others until......Arcade.

Bruuuuuuuuuuh. Waste some time. Play these community made map modes. It's how DOTA started and honestly what it's all about.",True,0,0,1530,1530,True,2026-06-07
570,Dota 2,"the game is awesome - but the community sucks as hell . you will be judge by small mistakes , its very sad",False,0,0,137015,135765,True,2026-06-07
570,Dota 2,"I seriously suck at this game. When it comes to PvP, the adrenaline hits me, I freeze, forget to use the keys and become a total mess. I've played a lot of bots in normal mode with others until......Arcade.

Bruuuuuuuuuuh. Waste some time. Play these community made map modes. It's how DOTA started and honestly what it's all about.",True,0,0,393,393,True,2026-06-07
570,Dota 2,"I seriously suck at this game. When it comes to PvP, the adrenaline hits me, I freeze, forget to use the keys and become a total mess. I've played a lot of bots in normal mode with others until......Arcade.

Bruuuuuuuuuuh. Waste some time. Play these community made map modes. It's how DOTA started and honestly what it's all about.",True,0,0,1534,1534,True,2026-06-07
570,Dota 2,"I seriously suck at this game. When it comes to PvP, the adrenaline hits me, I freeze, forget to use the keys and become a total mess. I've played a lot of bots in normal mode with others until......Arcade.

Bruuuuuuuuuuh. Waste some time. Play these community made map modes. It's how DOTA started and honestly what it's all about.",True,0,0,1545,1545,True,2026-06-07
570,Dota 2,"I seriously suck at this game. When it comes to PvP, the adrenaline hits me, I freeze, forget to use the keys and become a total mess. I've played a lot of bots in normal mode with others until......Arcade.

Bruuuuuuuuuuh. Waste some time. Play these community made map modes. It's how DOTA started and honestly what it's all about.",True,0,0,1546,1546,True,2026-06-07
570,Dota 2,"I seriously suck at this game. When it comes to PvP, the adrenaline hits me, I freeze, forget to use the keys and become a total mess. I've played a lot of bots in normal mode with others until......Arcade.

Bruuuuuuuuuuh. Waste some time. Play these community made map modes. It's how DOTA started and honestly what it's all about.",True,0,0,1541,1541,True,2026-06-07
570,Dota 2,Used to love this game but the community is full of ♥♥♥♥ heads and they will make sure you're not having any fun. Save yourself the headache and just watch YouTube videos of it.,False,0,0,1547,1547,True,2026-06-07
570,Dota 2,"What I used to enjoy most about DotA 2 was playing ranked games with friends. Lately, though, that fun has faded. The game feels overcrowded with smurfs, boosters, and account buyers, and it’s hard to have a genuinely competitive or enjoyable match when either team can be completely distorted by those factors.

If you want somewhat fair games, you’re basically forced into solo queue, which is far less enjoyable. Even then, many matches end up feeling like a waste of time because there’s almost always a smurf or an account buyer influencing the outcome.",False,0,0,342640,340406,True,2026-06-07
570,Dota 2,"I seriously suck at this game. When it comes to PvP, the adrenaline hits me, I freeze, forget to use the keys and become a total mess. I've played a lot of bots in normal mode with others until......Arcade.

Bruuuuuuuuuuh. Waste some time. Play these community made map modes. It's how DOTA started and honestly what it's all about.",True,0,0,401,401,True,2026-06-07
570,Dota 2,"I seriously suck at this game. When it comes to PvP, the adrenaline hits me, I freeze, forget to use the keys and become a total mess. I've played a lot of bots in normal mode with others until......Arcade.

Bruuuuuuuuuuh. Waste some time. Play these community made map modes. It's how DOTA started and honestly what it's all about.",True,0,0,1546,1546,True,2026-06-07
570,Dota 2,"game is for insane people. game  made in  the way, where u need to play non stop to boost your level or game will throw u in team with less skilled people against very skilled people but the same rank or smurfs or boosters
",False,0,1,100086,98426,True,2026-06-07
570,Dota 2,"i hate this game, I wish I had never found out about it, I think its being abandoned anyway. Do not play it. I hate deadlock with a passion too. It feels even more bitter that is the replacement valve has chosen.",True,0,0,53909,53592,True,2026-06-06
570,Dota 2,"Very good competitive game, too addicting game becareful young people.",True,0,0,243020,241091,True,2026-06-06
570,Dota 2,"Absolutely the worst, mentally-taxing game I have played.



Will play again. 10/10",True,0,0,2471,2471,True,2026-06-06
570,Dota 2,greatest game in the world if ur team is nice and plays together ♥♥♥♥♥♥♥♥ if there toxic and grief,True,0,0,230089,228896,True,2026-06-06
570,Dota 2,"Current state of game: load into a match, lose connection, relaunch game, get a 3 minute ban for abandoning game.",False,0,0,80442,78968,True,2026-06-06
570,Dota 2,"Used to be fun, devs have literally abandoned this to piss their resources into Deadlock, smurfs run rampant and are embarassingly common. At least fat boy Gabe gets a yacht out of it?",False,0,0,455338,453637,True,2026-06-06
570,Dota 2,"Dota 2 — это буквально лучшая и худшая игра из когда-либо созданных. Стратегия и механика геймплея непревзойденны, но сообщество невероятно токсично, а матчи длятся слишком долго. Если, конечно, вы не хотите потерять тысячи часов своей жизни и постоянно испытывать стресс.",True,0,0,8964,8964,True,2026-06-05
570,Dota 2,"I never knew I would actually like this kind of game. I always tought these MOBA games were wierd and boring. Until I tried DOTA 2, as soon as I saw Valve making it i knew it could be good. And now I have 15h ingame and it is really addicting and fun. Again never tought I would ever play a game like this but hey, first time for everything and i do not regret this one at all. Would recommend to everyone especially to those who never tried this type of game!",True,0,0,1706,852,True,2026-06-05
570,Dota 2,keeps getting error sending me to low priority matches. steam needs to get their ♥♥♥♥ together,False,0,0,411713,411651,True,2026-06-05
570,Dota 2,"It's the best game ever, have dedicated my whole life to playing it. Waiting to teach my daughter to play it.",True,0,0,198021,195854,True,2026-06-04
570,Dota 2,"It's a classic for a reason. Close to impossible to get into alone, but with friends, some effort and patience, it's very rewarding. There is a reason why 20 years later, DotA is still the pinnacle of competitive MOBA",True,0,0,210407,208607,True,2026-06-04
570,Dota 2,"Been playing this all my life, nothing beats this game, I have spent so much money on other games still this is the best",True,0,0,84161,80367,True,2026-06-04
570,Dota 2,"9.1 Overall Score

Dota 2 is less a game and more a discipline. It will humble you, exhaust you, make you question your decisions at 2am — and then reward you with moments of coordination so clean they feel like art. It is not for everyone, and it does not pretend to be. But for those willing to put in the hours, it's the most intellectually demanding competitive game available, and it's completely free. You don't play Dota. You endure it until you love it.",True,0,0,83933,81651,True,2026-06-04
570,Dota 2,"No, after playing several games, I honestly do not enjoy this game. The balance is not fair. Highly punitive. Would strongly recommend not playing it. This game is where free time goes to die. No no, Sir Gabe I shall vote with my feet --> exits stage right.",False,0,0,1253,1223,True,2026-06-04
570,Dota 2,"One lifetime isn't enough to master this game. I'll see you guys in the next life with In Game AR Dota experience, def gonna be Immortal then",True,0,0,3858,2688,True,2026-06-03
570,Dota 2,"funny ass game.. good for chud ppl like me... ♥♥♥♥ my chud life
",True,0,0,8555,7312,True,2026-06-03
570,Dota 2,Best game to improve mind thinking and learning more about ancient charachters and more,True,0,0,1586,1005,True,2026-06-03
570,Dota 2,"A very fun game with a steep learning curve. If you really love MOBAs, this is the game for you. Has a very diverse set of characters to choose from, and each is incredibly specialized and unique.",True,0,0,1620,1492,True,2026-06-03
570,Dota 2,"Great game, playing with my brother, always a classic",True,0,0,7754,7644,True,2026-06-03
570,Dota 2,if you want to loose your sanity play with idiots and griefers play the game dota is not like it was before,False,0,0,128351,127142,True,2026-06-02
570,Dota 2,That specific toxic relationship you simply just can't get out of...,True,0,0,19801,19136,True,2026-06-02
570,Dota 2,A very cool and strategic game with a very questionable matchmaking system but i still recommend it.,True,0,0,4894,4734,True,2026-06-02
570,Dota 2,"Just play Deadlock, unless you're an unc or you can't aim... not a bad game but Deadlock exists.",True,0,0,328,328,True,2026-06-02
570,Dota 2,Great for character development after you delete the game,True,0,0,60692,60415,True,2026-06-02
570,Dota 2,5k+hrs played. if you like to complete your day with stress i recommend this game! lets go!,True,0,0,306016,304393,True,2026-06-02
570,Dota 2,"I’ve been playing Dota since 2007, back in the Warcraft III days, long before it became what it is now.

Over the years, I had the chance to play with and against many of the biggest names from the early Dota scene. I met a lot of friends through this game, followed its evolution, and watched it grow from custom lobbies into one of the greatest esports titles in the world.

I haven’t actively played for the last 4–5 years, but Dota is still a huge part of my life. I still watch every major tournament, follow the teams, the players, the stories, the drama, and the history behind it all. This game shaped a big part of my youth, my friendships, my competitive mindset, and even the way I think about games.

This summer I’m flying to Shanghai for The International, and honestly, that says everything. Even after all these years, Dota still matters to me.

It’s more than just a game. It’s a world I grew up in.
",True,0,0,240059,239314,True,2026-06-02
570,Dota 2,I've played league of legends for 20+ years and the differences in dept of everything is actually refreshing. there is a lot to take in. the game has excellent tutorials to bring you up to speed on the different mechanics.  I'm only 48 hours in and there is still tons for me to learn.,True,0,0,3054,2911,True,2026-06-02
570,Dota 2,"Don't Play this game, you don't have any reason too, you can go ask this game players that are they having fun, they will answer hell nah cuz they just playing the game, that's it, no reason, they hate it and still play the game...",False,0,0,1137,1002,True,2026-06-01
570,Dota 2,"The game is rigged. You get to see people cheating in your face, and noone does anything. Some alternative skins or items are an instant red flag that the player will be cheating. And I don't feel like the ""report for cheating"" actually does anything. I recently encountered a cheating player, with different picks in different matches and the result was the same. He owned everyone with no items and another of his teamates ""leaped"" with no skill or item to do it.",False,0,0,65821,65821,True,2026-06-01
570,Dota 2,"A very very life-deteriorating game, despite its few social perks.",False,0,0,761276,753959,True,2026-06-01
570,Dota 2,"Не скачивайте эту игру,после 100 часов этой параши у тебя в жизни все меняетс,тебя начинают бить,обзывать,ссать на тебя и унижать,а потом ты выходишь из дома",False,0,0,37714,34338,True,2026-06-01
570,Dota 2,it is good game but i know how my watching these people so always so bad but because i never being do that.,True,0,0,28,28,True,2026-06-01
570,Dota 2,very addictive very cancerous very stressful but still makes u want to play it,True,0,0,57064,55991,True,2026-06-01
570,Dota 2,its like league of legends but worse and more clunky.,False,0,0,276,66,True,2026-05-31
570,Dota 2,"**Recommended**

Dota 2 is an absolute masterpiece-of-♥♥♥♥ if you want a game that perfectly mirrors your own internal existential dread. Every 40-minute match offers a beautiful opportunity to feel an overwhelming disappointment in your teammates that perfectly matches the disappointment you feel in yourself and your own life choices. It provides a therapeutic, toxic outlet where you can scream and rage at four strangers for their mistakes, which is incredibly cathartic since it distracts you from wanting to scream and rage at yourself for your own shortcomings. The game even boasts unmatched realism; my in-game Behavior Score is currently sitting in the absolute gutter, which serves as a wonderfully accurate reflection of my actual social standing and personality in real life. They say a good game challenges you, but Dota 2 goes a step further by completely dissolving your sanity until you forget what peace or mental stability even feel like. 10/10, it has completely ruined my life and stolen my soul—I highly recommend it.",True,0,0,174217,169984,True,2026-05-31
570,Dota 2,"Dota 2 is an awful, and complex game and you should absolutely play it",True,0,0,405955,403066,True,2026-05-31
570,Dota 2,"после 1 часа игры уже задумался сделать себе прическу «шторы» и покрасить волосы в белый. на улице просят пояснить за zxc, я лысый в стонике делаю габбу и даю в лицо кулачиной. выучил новые оскорбления и уже троллюсь с кентами из 6г",True,0,0,2409,767,True,2026-05-31
570,Dota 2,"The most unbalanced game in the world in terms of player selection! You literally have to deal with smurfs in enemy team or teamates who don't know the basics of the game mechanics.
Instead of fixing this problem, the developers just release new updates with boxes and hero sets.

Ignore this crap, you won't like it, it's better to play LOL",False,0,0,69057,66543,True,2026-05-30
570,Dota 2,"This game taught me about the diversity of cultures that our small little corner of the universe offers
Then it taught me to hate them all",True,0,0,15299,12922,True,2026-05-30
570,Dota 2,"approximately i spent 2000 hours to become senior software engineer (working hours not included)
spent 3000 hours on this game and still in mid rank. 
don't waste your life on this game.
",True,0,0,176423,173678,True,2026-05-30
570,Dota 2,to many toxic players in this game and you're being forced to play 50-60mins with the toxic players,False,0,0,23278,16226,True,2026-05-30
570,Dota 2,multilingual curse word anger control and patience but NO GIRL and no clue about the game,True,0,0,125932,124738,True,2026-05-30
570,Dota 2,I play this game every few months with friends who are better than me as a form of ♥♥♥♥ and ball torture.  9/10,True,1,1,120289,118609,True,2026-05-30
570,Dota 2,"As many have said, you play this game at your own risk. It is very good, but you play it with an ""all that matters"" mindset. As with all things very good, discretion is advised",True,0,0,743919,743523,True,2026-05-30
570,Dota 2,"Dota...a game thats been around for years and god knows why. community is toxic, games so difficult is un playable to the new players, so frustrating that it ruins your day. 
Honestly if you want to play a game like this, play smite 1 (Smite 2 is terrible) or League of ledgends. both of thoes games are also free and 100x better than this load of S***
Ive given this game loads of chances and its just as S*** as the 1st time i played it....dont play it even if they pay you! its not worth the pain and suffering this game brings you",False,0,1,3278,3278,True,2026-05-30
570,Dota 2,I tend to accept the fact that my own countrymen (Filipinos) are the reason why I lose in this game,False,0,0,58326,53213,True,2026-05-29
570,Dota 2,"Incredible game , but every other update introduces some new way to game freeze , mostly on game loading screen and behavioural score is ♥♥♥♥♥♥♥
Matchmaking is skewed aswell",True,0,0,156393,147536,True,2026-05-29
570,Dota 2,"jogo muito bom, tipo um xadrez, melhor que o concorrente",True,0,0,5155,2894,True,2026-05-28
570,Dota 2,"you dominate a lane whole game and then the same guy comes back and 1 shots you without you being able to interact while you're 10 levels behind and he has 3 items while you were killing him under turret whole game. what's the point? just play league, avoid this garbage",False,0,1,13296,13296,True,2026-05-28
570,Dota 2,"Играю в доту с 2013 года, с тех времен, когда она была еще платной и ключ стоил 20$, по- этому могу достаточно рассказать. Игра - стала куском абсолютного, неиграбельного говна. Забудь про личный скилл и качества, ты никогда не поднимешь рейтинг из-за конченных тиммейтов, которые не понимаю как двигаться и что делать во время игры, какие айтемы покупать в какой ситуации. Я не хочу уже говорить о гейм-дизайне в последних патчах и выхода новых героев, которые никак не уместны в лоре доты. Самое обидное, когда стараешься, коллишь тиммейтов( потому что по другому уже невозможно выиграть, солло скилл в этой игре больше ничего не значит) играешь 45+ минут и проигрываешь игру из-за одного или 2х тиммейтов, которых ты не выбирал и после этого - теряешь заветные 25 ренйтинга. С 2013 года, у меня было 3500-4000к рейтинга, сейчас же - 1237 и как бы я не старался, выбраться с этого рейтинга - просто невозможно. Не нужно говорить про бустеров с 10к которые могут вылезти с этой помойки, я не они, я играю на 4000к и хочу быть на своем рейтинге, а играть с аборигенами нет никакого удовольствие( у меня 12к поряды). Тратить по 6 часов в день на эту игру, что бы аппать рейтинг - больше нет возможности, так как я начинал играть в нее когда мне было 13, а сейчас уже есть и другие заботы. Я потратил на эту игру - 13 лет своей жизни и с уверенностью могу сказать - не стоит даже начинать)",False,0,0,346619,344574,True,2026-05-28
570,Dota 2,"Long time palying this game since pre dota 2. Everything is good BUT. It has the worst penalty rules if you have bad internet or your game bugs out (Recently changed to linux). Say your searching for a match. Then it changes to offline mode due to internet issues. The game still thinks your searching and if you get presenting with a match to join you will not know.. Because your offline. You fail to join, then you get penalised. It should stop you from searching for a match as soon as you go offline and disconnect from the servers. Surely that isnt difficult to implement.

Also if your game bugs out, you should disconnent then reconnect. Figured that out after trying a bunch of stuff but it was too late and team thought I was griefing which I wasnt. It was my computer.",True,0,0,129674,128653,True,2026-05-28
570,Dota 2,"good game to waste time, and sometime it not fun play with friends if we lose, ♥♥♥♥ happen, haha.",True,0,0,504278,503853,True,2026-05-28
570,Dota 2,"5+ minutes wait time for a game and if you fail to join because you looked away for 10 seconds, you get punished with 30 minutes ban. joke",False,0,0,14387,9935,True,2026-05-28
570,Dota 2,Game took half of my student days just to look back on it and forget what made me love this game seeing the convoluted mess that it is right now. No offense its still great but with a lot of things added its overwhelming especially on a new player perspective.,True,0,0,102254,102254,True,2026-05-28
570,Dota 2,"It is the most difficult 5v5 MOBA game but once you learn the game mechanics it is so fun, although the learning curve is super steep but much more rewarding at the end. Last but not the least this game changes you to your true demon inside of you",True,0,0,22610,19991,True,2026-05-28
570,Dota 2,"I want to like Dota 2. I want to. Really. But my experience boils down to (200+hours of) frustration...and to this:

1) Queue times are in advance of 8 minutes. 

2) Sorry ~ its a team game and im connecting to the US- West and East only servers ~ why are 30+% of my games 100% lobies of Eastern European players? I'd like to be able to communicate. ♥♥♥♥♥ lame.

3) Statistically 30+% of my games have a leaver within the first 5 minutes... so you have to re-queue. (see point 1)

4) The sweat is so insanely off the charts... get ready for the chat spam.

5) If you're new, simply forget playing anything other than 'respawn simulator'. I *dont* wanna hear ""go check out the tutorials"" ~ Didnt do that with Civ 5, LoL, the C&C series, the AoE series ~ you name it ~ when a game has THIS MUCH thrown at the end-user and ♥♥♥♥ STILL feels like you need a textbook to play it ~ guess what? ~ The game is NEEDLESSLY convoluted. 200+ hours feel *wasted* when the end-user doesnt get any better or learn. 

6) This beats on the 'not-noobie-friendly' door but seriously having heros such an extremely small pool of ""non-complex"" heros doesnt help. It really only pushes people out. The extreme amount of map knowledge and the extreme amount of hero's that can REVOKE that knowledge or make it mean ♥♥♥♥-all makes for an extremely frustrating learning curve. You have grabs that can reach insanely far (Pudge), you have teliports, dashes, straight up going through terrain. Name it ~ it means learning the map feels ♥♥♥♥♥♥ useless and daunting. 

7) Vision. ♥♥♥♥ on a stick ~ I get it ~ shadows and elevation and ♥♥♥♥... if #5 stands then placing wards straight up feels like a waste of gold.

8) You do you but I feel the UI is a mess. Dont get me wrong, the information is *there*. But again.... to a new player its an absolute bombardment of menu's and mouse-over's for information that gets overlapped 1000000 times by asterisks. For crying out loud the mouse-over menu's include recent patch notes... like.... ffs clean this ♥♥♥♥ up.",False,0,0,12309,12309,True,2026-05-28
570,Dota 2,"


dota 2 has many details that make the game unique. And has many play stile and rules that make it excited.",True,0,0,498726,495613,True,2026-05-28
570,Dota 2,"NOT START THIS GAME. you have no idea how many combinations and variations it could have to keep your attention. you would not have fun on most time of interructing with this game and it would make you through the dirt words on your enemies and teammates.
But the main point is you have no idea what is in the mind of other players and why they perform some actions. `the only good approach is to have your own team that you trust but in the case you want to proceed you should have a lot of time to track the updates, what's changed in the entities and browse through the strategies of other players teams, so a lot of time spend with no gain.

omit it if you won't see yourself as a part of the pro team player",False,0,0,65986,65986,True,2026-05-28
570,Dota 2,the rank game algorithm is SOOOO broken especially for people playing by themselves (not in a party)!!,False,0,0,152183,151426,True,2026-05-27
570,Dota 2,"hi dota team, i love dota so much, but i realize sometime CORE player DC and abaddon (even we pause game)
i would like to suggest can we leave game without penalty or report? since CORE abadon, we are suffering & wasting time. 

Hope to hear from u soon, TQ",True,0,0,371475,367663,True,2026-05-27
570,Dota 2,Cheating is so popular it is basically i wonder if its a requirement. It's a game build on team communication that blocks team communication for all new players until 40 hours in. The numbers of active concurrent players are false since as a literal leve 1 noob I am playing against people with over  10 years experience in the game almost every single game and they are amazing. If the concurrent player numbers were accurate this would never happen much less happen literally every game,True,0,0,10527,4784,True,2026-05-27
570,Dota 2,"Good game, i like playing this game because it ruins my day winning or losing doesnt matter all i want is to ruin the match which is why im a teachies main",True,0,0,4631,4631,True,2026-05-27
570,Dota 2,Communicating with pinoy players in this lovely game gives you the experience of what it feels to be lobotomized in the 1940s <3,True,0,0,28181,28181,True,2026-05-26
570,Dota 2,"I've been playing this game everyday for the past 15 years and I can safely say:  its not addictive.
",True,0,0,361313,360617,True,2026-05-26
570,Dota 2,"you literally sold your soul to this kids-family friendly game the moment you decide to play, dont be fooled and get a life",False,0,0,125618,121812,True,2026-05-26
570,Dota 2,"has more in depth mechanics than the other game and it takes time to learn, but its very satisfying once you get the hang of it.",True,0,0,24146,23149,True,2026-05-26
570,Dota 2,"please create anti cheat. last couple of games, i played against PA with no bash yet bash percent is 100%. immortal puck with unlimited mana ulti hit 2k dmg",False,0,0,141441,137707,True,2026-05-26
570,Dota 2,"Still perhaps the most complex and exhilarating MOBA out there. A game worth returning to again and again no matter how long the hiatus because the devs keep it fresh, are not afraid to try new things, and ditch them if they don't work. To the last point, they have proven many times that they listen to their ever-loyal and aging community. 

Things to improve on:
-Banning smurfs
-Making it easier for new players to integrate into the community",True,0,0,172375,170617,True,2026-05-25
570,Dota 2,"I will nevr forgive this game for popularising the battle pass model. Stupid fomo garbage.

Prety good moba tho. WOuld play it over league IF ANY OF MY FRIENDS WOULD JOIN ME.",False,0,1,68597,68594,True,2026-05-25
570,Dota 2,"in dota 2 every match is brand new experience, there is no boring in this game. extraordinary",True,0,0,20396,20181,True,2026-05-25
570,Dota 2,"Honestly, it's really fun and exciting. The game is addictive in a good way, and I like that I can practice with AI or play solo anytime and quit whenever I want.

It feels quite similar to League of Legends to me, but the best part is all heroes are free, so no need to buy characters. The game also runs surprisingly well on my MacBook Pro M2 with 16GB RAM. It can get a little hot without air conditioning, but overall the performance is great.

Really good game for both new and experienced MOBA/ARTS players.",True,0,0,1085,1037,True,2026-05-25
570,Dota 2,"I seriously suck at this game. When it comes to PvP, the adrenaline hits me, I freeze, forget to use the keys and become a total mess. I've played a lot of bots in normal mode with others until......Arcade.

Bruuuuuuuuuuh. Waste some time. Play these community made map modes. It's how DOTA started and honestly what it's all about.",True,0,0,1120,1120,True,2026-05-25
570,Dota 2,"I seriously suck at this game. When it comes to PvP, the adrenaline hits me, I freeze, forget to use the keys and become a total mess. I've played a lot of bots in normal mode with others until......Arcade.

Bruuuuuuuuuuh. Waste some time. Play these community made map modes. It's how DOTA started and honestly what it's all about.",True,0,0,1514,1514,True,2026-05-25
570,Dota 2,"I seriously suck at this game. When it comes to PvP, the adrenaline hits me, I freeze, forget to use the keys and become a total mess. I've played a lot of bots in normal mode with others until......Arcade.

Bruuuuuuuuuuh. Waste some time. Play these community made map modes. It's how DOTA started and honestly what it's all about.",True,0,0,1517,1517,True,2026-05-25
570,Dota 2,"I seriously suck at this game. When it comes to PvP, the adrenaline hits me, I freeze, forget to use the keys and become a total mess. I've played a lot of bots in normal mode with others until......Arcade.

Bruuuuuuuuuuh. Waste some time. Play these community made map modes. It's how DOTA started and honestly what it's all about.",True,0,0,1519,1519,True,2026-05-25
570,Dota 2,"Title: The best game you will ever hate.Rating: 10/10 (1,500+ hours on record)""Dota 2 isn’t just a video game; it’s a lifestyle, a second language, and a form of voluntary psychological torture.The premise is incredibly simple: two teams of five, three lanes, destroy the enemy's Ancient. The execution, however, is a chaotic chess match where the pieces can turn invisible, teleport across the map, or burst you into pixelated dust in 0.5 seconds. With over 120 completely unique heroes and hundreds of items, no two matches are ever the same. You don't 'master' Dota; you just get slightly less bad at it over the span of five years.  It features some of the most rewarding highs in all of gaming. Landing a perfect five-man teamfight or turning around a 60-minute base siege gives you an absolute rush that no other multiplayer game can replicate. On the flip side, it also features some of the lowest lows—like when your teammate picks a carry hero as a support and leaves you to suffer alone in lane.The community is notoriously intense, but when you find a team that clicks, it’s magic. Best of all, it is truly free-to-play. Every single hero is unlocked from day one, and money only buys you cosmetic hats.If you value your free time, your sanity, and your sleep schedule, stay far away. But if you want the deepest, most complex, and brutally satisfying competitive experience ever created, welcome to the trench. See you at 3:00 AM.""",True,0,0,7,7,True,2026-05-25
570,Dota 2,"I seriously suck at this game. When it comes to PvP, the adrenaline hits me, I freeze, forget to use the keys and become a total mess. I've played a lot of bots in normal mode with others until......Arcade.

Bruuuuuuuuuuh. Waste some time. Play these community made map modes. It's how DOTA started and honestly what it's all about.",True,0,0,378,378,True,2026-05-25
570,Dota 2,i switched to linux not that long ago i have a Addiction to league of legends so i wanted to replace it and stop playing league safe to say now i have 2 Addictions and already bought skins great game not that different from league i would say its a bit easier to carry your braindead teammates on dota 2 then league since phantom Lancer exists. highly recommend if you like to drink and drive great for beginners,True,0,0,4913,4333,True,2026-05-25
570,Dota 2,"I seriously suck at this game. When it comes to PvP, the adrenaline hits me, I freeze, forget to use the keys and become a total mess. I've played a lot of bots in normal mode with others until......Arcade.

Bruuuuuuuuuuh. Waste some time. Play these community made map modes. It's how DOTA started and honestly what it's all about.",True,0,0,1523,1523,True,2026-05-24
570,Dota 2,"I seriously suck at this game. When it comes to PvP, the adrenaline hits me, I freeze, forget to use the keys and become a total mess. I've played a lot of bots in normal mode with others until......Arcade.

Bruuuuuuuuuuh. Waste some time. Play these community made map modes. It's how DOTA started and honestly what it's all about.",True,0,0,1528,1528,True,2026-05-24
570,Dota 2,"I seriously suck at this game. When it comes to PvP, the adrenaline hits me, I freeze, forget to use the keys and become a total mess. I've played a lot of bots in normal mode with others until......Arcade.

Bruuuuuuuuuuh. Waste some time. Play these community made map modes. It's how DOTA started and honestly what it's all about.",True,0,0,384,384,True,2026-05-24
271590,Grand Theft Auto V,"I've spent about 2,000 hours playing the Legacy version of GTA V, and overall, I really enjoyed the game. The storyline is a masterpiece. Los Santos still holds a special place in my heart, and GTA Online can be a lot of fun, especially when playing with friends and just hanging out in the city. There’s simply a ton of content here - you’ll never run out of things to do.

Unfortunately, the online economy is a complete disaster. Over time, everything started to seem absurdly expensive - cars cost several million dollars, sometimes almost as much as entire businesses. Progress in online mode slowly turns into endless grinding, and the balance between rewards and prices seems completely broken.",True,26,2,124092,124092,True,2026-05-19
271590,Grand Theft Auto V,"The game bundle locks out new players from using their premium content due to account migration age restrictions. It is unplayable as advertised.  In order to claim the Starter Pack and ""The Great White Shark"" card benefit, the players need to play the legacy version of the game to the point of after character creation, and then, migrate to the Enhanced version of the game.  BUT there's a big catch:  In order for migration to work, the account needs to be at least 30 days old due to the ""blanket way"" of bot prevention.

Huge payout missions are designed to make it almost impossible to complete.  For example, the nightclub's sell mission that is approximately 1 millions payout would include delivery point that the huge delivery truck cannot pass through the bridge's gates if the truck is equipped with weapons on the roof, and if the weapons are removed from the roof and are installed with lesser versions, the mission would include the criteria that requires you to lose the cops upon delivery, which has a very high chance of failure due to insufficient weaponry.",False,19,1,16861,16861,True,2026-05-19
271590,Grand Theft Auto V,The king of the games. Still so much fun. Still feels good to play. Definetely better with friends where there are no cheaters who puts you in the cages as a chichen :),True,5,1,22987,22987,False,2026-05-22
271590,Grand Theft Auto V,"Unbelievable game, get side tracked all the time as there is a infinite amount of things to do/achieve. If GTA 6 if anything like this game it'll be the best game ever.",True,6,0,111322,111322,True,2026-05-17
271590,Grand Theft Auto V,"First off I loved the game itself, more so the online play.  On the single player, main story, I mainly have an issue of flying out of the vehicle when crashing.  The game provides no option for buckling up the seat belt to prevent this, online play disabled this feature and allows you to drive around more recklessly.

Outside of the game, the support is trash.  I used an old email that became compromised to create my Rockstar account and I have submitted 6 tickets, now will be 7 just for them to address my issue.  I refuse to buy another Rockstar game on steam, as googling it I won't be able to play it.  My steam account needs to be linked to a new Rockstar account and I don't think any human is reading my issue and they are marking it as resolved, due to not being able to verify I am the owner of my steam account and/or old compromised email Rockstar account.

Now they blocked my submissions, this would probably have been resolved if I was able to directly talk to someone over the phone.

Found another thread of similar issues and apparently  Rockstar will make it so if they are able to unlink and relink your steam account you still might be permanently unable to play Rockstar games using the same steam account.
https://support.rockstargames.com/articles/1UjsMnPSkIDsNXlF8LRbKO/unlinking-your-steam-account-from-your-rockstar-games-account

Looks like I'll never be able to play Rockstar games on the PC in the future, as I refuse to create another steam account.  At least I found this out before purchasing another Rockstar game.",False,3,0,17556,17556,True,2026-06-14
271590,Grand Theft Auto V,"GTA V was the most ambitious video game ever made at the time of its release. The single player story is excellent and, alongside environmental features, much of the beloved satire associated with the franchise makes for a darkly humorous narrative. 

Most of the hours I’ve spent in this game is accumulated from modded online servers accessed through mod clients like RAGE MP and FiveM. Roleplay servers are fun to play and I would suggest text rp over voice rp for realism and to avoid metagaming and poor RP, especially if you take RP seriously.

No matter what your intentions are playing this game, GTA V is one of the best sandbox free roam games.",True,3,0,69250,69250,True,2026-05-30
271590,Grand Theft Auto V,"This game delivers chaotic fun, an exciting open world, and memorable characters. The missions, freedom, and online mode keep players entertained for hours despite the game’s age.",True,2,1,9305,9305,True,2026-05-24
271590,Grand Theft Auto V,its so nice to kill the npcs when im having a bad day and the driving is s tier graphics love this game,True,2,0,4742,3848,True,2026-06-06
271590,Grand Theft Auto V,"Unable to recover original account, Customer Support is useless in helping me gain access to this game again. ♥♥♥♥ em",False,1,0,148430,148430,True,2026-06-16
271590,Grand Theft Auto V,"GTA 5 Legacy is a blast to play with friends, and it gives you tons of things to do.

Massive World: Countless items, cars, and weapons are always available.
Multiplayer Fun: The online mode is a total blast with your friends.
Chaos Together: Doing missions and heists as a team feels amazing.
Customization: Character creation is okay, but it could definitely be improved.

If you love playing online with buddies, this game offers endless hours of pure fun!",True,1,0,46286,46186,True,2026-06-16
271590,Grand Theft Auto V,superb game ! I play like 24 7. its super addictive. Nice map Nice story and very good game.!! I would give it 10 on 10!! Must Buy!!,True,1,0,3034,607,True,2026-05-31
271590,Grand Theft Auto V,"After spending 2244 hours in Grand Theft Auto V, it honestly feels less like a game and more like a second home. I still remember the chaos of late-night heists with friends, random car meets at Los Santos Customs, and those moments where we’d spend hours doing absolutely nothing but somehow never get bored. Cruising through Los Santos while the radio played in the background hit differently back then, especially during the golden days of GTA Online. The game had this perfect mix of freedom, chaos, and unforgettable memories that very few games have ever matched. Even with all its flaws and grinding, GTA V created moments that felt genuinely special and kept me coming back year after year. No matter how many new games release, loading into Los Santos still brings back the same nostalgic feeling I had the first time I played it.",True,1,0,124454,124310,True,2026-05-26
271590,Grand Theft Auto V,"Pros and cons of GTAV Online.
Pros: Very fun, feels sandbox like, just with cops and players tryna slime you.
Very expansive map, tons of cool areas.
BEAUTIFUL weather and water systems.
Cons: Greifers
Almost ever heist/job requires a nightclub or smth like that.
Boring ways to get money, and 90% its not worth the work.",True,1,0,9029,8379,True,2026-05-20
271590,Grand Theft Auto V,"This is the game that changed everything — three protagonists, massive heists, an insanely detailed Los Santos, sharp satire, and side content for days.
Niko from GTA IV had depth, but Franklin, Michael, and Trevor together created something special. Each brings their own style — Franklin's grounded ambition, Michael's family drama, Trevor's unpredictable madness. The story hits hard, the heists are unforgettable, and the world feels real.
It may show its age with rough textures and long load times, but this is the version that broke records and defined a generation. GTA V Legacy is a masterpiece and one of the best open-world games ever made.
10/10 for its time - The game that proved Rockstar was untouchable. Three stories, one legendary city.",True,1,0,1834,1834,True,2026-05-22
271590,Grand Theft Auto V,"horrible support team. 150+ attempts to submit a request to log into my account that im locked out of despite my proof of purchase. i havent been able to play on for years now because horrible support and a website that only gives errors. rockstar support never works and ignores requests, dont buy anything from these scammers.",False,4,0,7176,7176,True,2026-06-10
271590,Grand Theft Auto V,No matter how good the game is the Rockstar Launcher and Rockstars sheer incompetence to make working online code just sours everything.,False,2,0,35788,35788,True,2026-05-20
271590,Grand Theft Auto V,Peakest game ever. Grew up watching videos of it on youtube and now finally got to play it and it was an amazing experience.,True,0,0,4375,4375,True,2026-06-16
271590,Grand Theft Auto V,this game was fun until my lspdfr started crashing everytime i went in the costumizations then i could get out of the locker room or move,True,0,0,310,261,True,2026-06-15
271590,Grand Theft Auto V,this game is very fun to play and grind all the missions  for money and then u can spend it all and it very fun to play with friends,True,0,0,324747,324514,True,2026-06-15
271590,Grand Theft Auto V,"Absolute cinema. Possibly one of the greatest game I've played for the past 2 years or so. [spoiler] Trever is a crazy person like bruh [/spoiler]
",True,0,0,3117,2314,True,2026-06-15
271590,Grand Theft Auto V,"I enjoy robbing a bank in the game, then being chased by the police. I love driving the car at full speed, escaping from them, and the most exciting part for me is getting away from the police chase.",True,0,0,4698,4557,True,2026-06-15
271590,Grand Theft Auto V,"can't abide having to download a launcher, create an online account and give away my personal data just to play a game. Rockstar and Ubisoft I'm looking at you",False,0,0,1209,1209,True,2026-06-15
271590,Grand Theft Auto V,"This game is pretty good but not without minuses. LETS BEGIN WITH PLUSES.
1. Amazing atmosphere of Los Santos.
2. Beautiful design of the game.
3. Interesting and memorable characters.
4. Realistic dialogues.
5. Fun and cool gameplay.

NOW THE MINUSES.
1. Plot of this game not good enough and its to quick without depth of plot.
2. The characters are not fully revealed. They are little bit flat.
3. All 3 endings are good but the game do not prepare you well for it.
4. There are bugs and soap. I mean sometimes this game looks like ps2 version of it. Textures quality are hit you right in eyes.
5. Not many details like everybody talking about it.

SO IN THE END
This game deserved fame and popular but little bit overrated.
My rate of GTA 5 is 8/10.",True,0,0,2517,2476,True,2026-06-15
271590,Grand Theft Auto V,Another rockstar slop game with terrible optimization,False,0,0,1894,1884,True,2026-06-14
271590,Grand Theft Auto V,"Great GTA Game, I am still a very new player been playing for 2 months. Love the open world feel, and bein able to drive in Los Santos and drive down the pacific coast highway! Im from Los Angeles and its cool seeing my area i a game!",True,0,0,4067,4001,True,2026-06-14
271590,Grand Theft Auto V,"Do NOT play GTA Online on legacy (the story mode is fine):

Countless cheaters every lobby has 1-3 or so and it's and ANOMALY if there are none, if your only playing this game for the story then that is 100% fine and you can continue to with no issue. Enhanced and legacy are identical in that, BUT if you dare play online on legacy, just, don't, enhanced has more features, slightly better graphics, and a far better online in terms of no cheaters, just a mass of sweaty nerds like you and me (probably)

If you just don't care then have fun but if your purchasing GTA 5 for the online, play enhanced or console edition because you will not have any fun on legacy with the mass cheaters unless you are one of them.

That is really the only reason that I rate this game as a ""negative review"" if steam had like a middle of the line type review i'd do that instead, the online just isn't playable, and don't even get me STARTED on how years ago you could be ddosed from it.",False,0,0,33494,33494,True,2026-06-14
271590,Grand Theft Auto V,"Grand Theft Auto V Legacy Edition is not just a game, it’s a timeless masterpiece.  
Rockstar has redefined open‑world gaming by blending cinematic storytelling, breathtaking visuals, and limitless freedom into one unforgettable experience.

From the bustling streets of Los Santos to the adrenaline‑pumping heists, every moment feels alive. The Legacy Edition enhances this with smoother performance, upgraded textures, and refined mechanics that make revisiting GTA V feel fresh yet nostalgic.

🎮 Gameplay Excellence:  
Whether you’re switching between Michael, Franklin, and Trevor or exploring the vast online world, the seamless character transitions and dynamic missions keep you hooked. The freedom to drive, fly, fight, or simply explore is unmatched.

🌆 Immersive World:  
Los Santos is more than a map—it’s a living city. The attention to detail, from neon lights to countryside sunsets, makes every corner worth exploring.

🔥 Why It’s Legendary:

Iconic storyline with unforgettable characters

Massive modding and online community support

Endless replay value with heists, races, and roleplay servers

Legacy polish that ensures smooth gameplay even years later

Verdict:  
GTA V Legacy Edition is not just the best GTA ever made—it’s one of the greatest video games in history. A true benchmark for open‑world gaming that will continue to inspire future generations.

⭐ Rating: 10/10 – A timeless legend.",True,0,0,11947,11639,True,2026-06-14
271590,Grand Theft Auto V,It's alot of fun to go on random rampages as each of the characters and such. Theres plenty to do even if it isnt a mission,True,0,0,40318,40033,True,2026-06-14
271590,Grand Theft Auto V,"play this game if u want to get addicted
price is very worth it, lots of funny easter eggs and lots of annoying glitches",True,0,0,11883,11745,True,2026-06-14
271590,Grand Theft Auto V,good game :) make sure to turn off v-sync in the settings for stable fps,True,0,0,548,333,True,2026-06-13
271590,Grand Theft Auto V,great gameplay and storyline,True,0,0,14630,14630,False,2026-06-13
271590,Grand Theft Auto V,"This Game is super fun but hard to get used to. I would recommend players 16+, so you could achieve the full game experience. But overall, it's a good game.",True,0,0,1049,889,True,2026-06-13
271590,Grand Theft Auto V,"I played this game a long time ago and I really miss those days, The online back then was perfect (None of the crazy stuff, except the mk2, that thing was already destroying my game). But I'll never forget how good of a time it was. 
The campaign is nice too.",True,0,0,70962,70962,True,2026-06-13
271590,Grand Theft Auto V,"bought the game played online for first time got kill spawned by oppressor MKII 
best game ever",True,0,0,1669,1637,True,2026-06-13
271590,Grand Theft Auto V,Gta makes me feel like putting a sticky bomb in my ass and blowing it up still fun tho but add more jiggle physics,True,0,0,1424,1407,True,2026-06-13
271590,Grand Theft Auto V,"its a very good game for a decade long very apriciate the story for a decade, cant wait for gta 6 tho
",True,0,0,11000,10534,False,2026-06-13
271590,Grand Theft Auto V,very fun  sometimes audio bug but easy to fix if u know what to do  overall verry fun would (and have) recommended to a friend(s),True,0,0,1538,691,True,2026-06-13
271590,Grand Theft Auto V,"hookers, vanilla unicorn and pink sildo launchers 10/10 would play again",True,0,0,1333,311,True,2026-06-12
271590,Grand Theft Auto V,"really good game i recommend it even tho money earning is kinda hard without cheats, even tho 70% of the players were using cheats and didnt get banned, just dont use them its not worth the risk.",True,0,0,16077,13202,True,2026-06-12
271590,Grand Theft Auto V,Fantastic game ever made by Rockstar Games..... Totally worth it even after 7-8 years. I played it 7-8 times. I love this game,True,0,0,3238,3100,True,2026-06-12
271590,Grand Theft Auto V,"i have no words for this game. what can i say is this game is amazing and it helps me improving stratergies and my focusness when doing shootings and stuffs precisely. moreover,it also improves my driving skills (in game) such as drifting, taking corners, racings others. it also helps me to think how to manage spending and money by doing math or so because items in gta online are expensive as hell. from playing this game, i made alot of friends overseas, and improved my quality spending time. ive been playing gta v since september 2025 and played almost entire gta series and no matter if i installed or played any other games, gta will be my fav game series of all time.",True,0,0,6745,6314,True,2026-06-12
271590,Grand Theft Auto V,"Grand Theft Auto V is one of those games that became massive for a reason.

The story is wild, the characters are ridiculous, the world is huge, and Los Santos is still one of the best playgrounds for pure open-world chaos. You can follow the missions like a normal person, or you can immediately get distracted stealing a car, driving off a mountain, starting a police chase, buying clothes, playing golf, or just roaming around causing problems because the map gave you too much freedom and not enough supervision.

That is the magic of GTA V.

The game gives you crime, comedy, action, satire, driving, shooting, chaos, and a city that feels alive enough to keep pulling you away from whatever you originally planned to do. One minute you are doing a serious heist setup, the next minute you are in a stolen sports car with three stars, no plan, and the confidence of someone who definitely should not be driving.

The three-character story setup works really well too. Michael, Franklin, and Trevor all bring something different, and switching between them makes the game feel bigger and more chaotic in the best way. Trevor especially is a walking public safety warning with dialogue.

GTA Online is its own beast, and honestly, that can either be amazing or deeply cursed depending on who you run into. But the base game alone is still packed with so much to do.

Grand Theft Auto V is messy, funny, violent, iconic, and ridiculously easy to lose hours in.

Sometimes you want a deep emotional journey. Sometimes you want to steal a car, launch it off a ramp, and pretend that was the plan.",True,0,0,1189,1189,True,2026-06-12
271590,Grand Theft Auto V,"I honestly saying this that i have download this game for only indian cars and more mods.
and it is worth it to buy this game, and i own legacy and enhanced both.
and it runs on 30fps with good graphics with no hesitation at all.",True,0,0,22839,21999,True,2026-06-12
271590,Grand Theft Auto V,"Used to mod the crap out of this game and have probably bought it on different accounts about like 15 times. Can't even play this version anymore because I dont have access to my old rockstar email so I can't unlink my account. I have an additional 1000+ hours on my new rockstar launcher version and have probably put over 10000 hours into this game since it's release in 2013 and maybe another 3000 hours on FiveM alone. This game is still great though honestly, I'm now just waiting for GTA 6 to drop if it ever does.",True,0,0,29836,29836,True,2026-06-12
271590,Grand Theft Auto V,"its amazing even when i started 2 days ago i already finished all the missions on story mode and played online and kept getting killed 100% worth it
",True,0,0,2536,2185,True,2026-06-12
271590,Grand Theft Auto V,Good game but story is a downgrade compared to the previous title. Everything else is good,True,0,0,1546,1446,True,2026-06-12
271590,Grand Theft Auto V,"Unable to get back into my old email to sign into my rockstar social account. Tried to get through to someone at Rockstar support and got stuck in a flow chart loop on their website just telling me how to reset passwords with my email. 

Finally just told them I was hacked, but they immediately closed the ticket when I explained what I needed. 
I literally just need them to un-associate my old email with this steam account and for some reason that is an impossible thing to get done. 

Now I am unable to play a game I paid full price for over 11 years ago.",False,0,0,1142,1142,True,2026-06-12
271590,Grand Theft Auto V,"good game helps me cope fr, shout out Life invader shout out 3600 hours of 30fps and not being able togo above 70mph without -20 frame drop but we lit",True,0,0,216194,216093,True,2026-06-11
271590,Grand Theft Auto V,"Hey guys,so it's my first time trying out any kind of PC game but yeah I'd say that I liked this one. DO give a try to this game if you not yet played any PC games
",True,0,0,3918,3064,True,2026-06-11
271590,Grand Theft Auto V,Hackers have taken my Rockstar account. There's a different email attached to it and Rockstar will not help me. This is what happens when you force people to be online and use your launcher.,False,0,0,557,557,True,2026-06-11
271590,Grand Theft Auto V,"Worst game ever.
Play modded Minecraft, you get real control over what's happening, and you can find all of the same stuff.
GTA 5 is a bad game, even though it might have been great once.
But now very bad, and full of hackers despise the spy, where they have you install
and don't bother with FiveM, either a waste of time, if you're not some RP loser.

You head me! 
In any other game, PR is fine; it does not make you a loser.
But here, you're just doing it because you can't play the real game. After all, Rockstar has ducked it up.

So don't bother with this crap.

Edit. Oh, and forgot to add, greed is in the air. 
Rockstar Games wants you to buy everything they can sell you.
So have fun being squeezed like a grape for every cent you have.
",False,0,0,2605,2605,True,2026-06-09
271590,Grand Theft Auto V,The best game I ever played with the sole exception of ghost of Tsushima off course.,True,0,1,4030,4030,True,2026-06-09
271590,Grand Theft Auto V,"gta online no longer works on linux because of battleye and modders can still be found in sessions, game requires seperate account and launcher but doesn't support any kind of cross platform progress migration",False,0,0,271368,271308,True,2026-06-09
271590,Grand Theft Auto V,"Just got back to this game after never actually finishing it. Its more polished and full of content, cut-scenes, and voice interactions than any other modern game... I'm hooked. Even the stock graphics are great, but with graphics mods its amazing.",True,0,0,4737,4248,True,2026-06-09
271590,Grand Theft Auto V,best game ever with realistic graphics,True,0,0,5204,1936,True,2026-06-09
271590,Grand Theft Auto V,"I've been playing this game for years, and somehow it never loses its charm. There are very few games that can keep me coming back for such a long time, but this is one of them.

Through the years, it has given me countless memorable moments, exciting experiences, and a lot of great memories. Every time I return to it, it feels familiar and enjoyable, yet there's always something that keeps it fresh.",True,0,0,1036,890,True,2026-06-09
271590,Grand Theft Auto V," Unable to play any Rockstar games due to old email not existing anymore
I have a Rockstar account that uses an email that does not exist anymore. I contacted Rockstar support to unlink the accounts so that I could link a new Rockstar account to my steam account. However, they keep asking for info that I can't obtain without logging in to the Rockstar account that I'm unable to log in.

I can't play the game and i can't get a refund. Nice",False,0,0,3169,3169,True,2026-06-08
271590,Grand Theft Auto V,"Lots to do, lots to adventure, fun and well written stories & characters.",True,0,0,4550,4099,True,2026-06-08
271590,Grand Theft Auto V,great game. Would recommend for children 4 and under.,True,0,0,506,411,True,2026-06-08
271590,Grand Theft Auto V,very good game and very tuff worth the 20  dollars pls help me in gta online,True,0,0,2973,909,True,2026-06-08
271590,Grand Theft Auto V,it is a long game of fun and there is so much to do if you have an imagination,True,0,0,35744,34564,True,2026-06-08
271590,Grand Theft Auto V,Great game ngl  just dont be toxic in the online servers atleast towards me,True,0,0,2898,153,True,2026-06-08
271590,Grand Theft Auto V,the best game ever yet i spent 33.5 hours getting the achivements Overrall Best,True,0,0,2196,2018,True,2026-06-07
271590,Grand Theft Auto V,♥♥♥♥ game never loads and if you lose rockstar account need to buy all over again,False,0,0,3859,3499,True,2026-06-07
271590,Grand Theft Auto V,Very good game in story mode and even more fun online with friends.,True,0,0,2118,512,True,2026-06-07
271590,Grand Theft Auto V,legacy is way better than enhanced and online is basically a giant piggy bank for Rockstar. still pretty fun to drive around with friends though,True,0,0,13469,13469,True,2026-06-07
271590,Grand Theft Auto V,"normal graphics stable on 50-65 fps,fun game
",True,0,0,1687,1455,True,2026-06-07
271590,Grand Theft Auto V,"To be completely honest this game is pretty fun even playing alone, sadly you wont have as much fun by yourself you'll still have a fun time",True,0,0,6927,5896,True,2026-06-07
271590,Grand Theft Auto V,"Very good game, it involves facinating storyline and characters with entertaining cutscenes. This is the best GTA",True,0,0,3486,2262,True,2026-06-07
271590,Grand Theft Auto V,"In short, buy it without hesitation; it's the best game you'll ever play in your life.",True,0,0,11404,9597,True,2026-06-06
271590,Grand Theft Auto V,"Yes, I remember playing this on the Xbox 360, and it was pretty enjoyable and worth my buck for an open-world game. I remember getting achievements like every day and playing nonstop. Now, I only purchase it for my PC to use for modding and FiveM.",True,0,0,1073,343,True,2026-06-06
271590,Grand Theft Auto V,"Story, graphics and optimization
",True,0,0,1929,1303,True,2026-06-06
271590,Grand Theft Auto V,really fun game even after a decade missions are awesome graphics are awesome and its perfection.,True,0,0,975,964,True,2026-06-06
271590,Grand Theft Auto V,"Been playing GTA V since it came out on all platforms and I still keep coming back. Amazing story, huge open world and endless fun with GTA Online. One of the greatest games ever made and easily worth every hour I've put into it.",True,0,0,3184,2458,True,2026-06-05
271590,Grand Theft Auto V,"This is still one of the best open-world games out there. Los Santos feels alive in a way most games still struggle to match. You can follow the story, drive around doing absolutely nothing useful, get distracted by side activities, or somehow turn a normal trip across the map into a small personal disaster with police helicopters involved.

The three main characters are a big part of why it works so well. Michael, Franklin, and Trevor all bring a different kind of chaos, and switching between them keeps the story moving without getting stale. The heists are still some of the most fun missions in the game, especially because they make you feel like you’re part of a proper crime movie that keeps going off script.

I also love how much random fun the world allows. Driving, flying, buying cars, messing around with friends, doing missions, exploring the countryside, or just enjoying the radio while pretending this time you’ll drive normally for more than two minutes. You won’t.

It’s huge, funny, messy, stylish, and packed with things to do. Even after all these years, it still feels like a game you can jump back into and immediately find something ridiculous happening.
",True,0,0,3501,3501,True,2026-06-05
271590,Grand Theft Auto V,"It's a fun game, it works really well on my laptop if you optimize the game with the settings. give a try if you haven't already",True,0,0,1344,1033,True,2026-06-05
271590,Grand Theft Auto V,"Its quite fun and best open world game i had ever played. Story is masterpiece, its been twelve years since it released but it still unbeatable.",True,0,0,709,709,True,2026-06-05
271590,Grand Theft Auto V,it has almost whole america good graphics and looks realistic and fun robbing banks dooing missions its so much fun!,True,0,0,2411,1583,True,2026-06-04
271590,Grand Theft Auto V,"This game includes a very interesting storyline, and it is overall very well optimized and people are able to mod the game as they wish. The story is immersive, and features intense moments.",True,0,0,1078,1077,True,2026-06-04
271590,Grand Theft Auto V,"it worth its price incredibly intersting game, it doesnt requiire that strong device! the best gtaa!!
",True,0,0,2860,897,True,2026-06-04
271590,Grand Theft Auto V,"The game is amazing, good graphics and I would recommend it to anyone",True,0,0,955,223,True,2026-06-04
271590,Grand Theft Auto V,kernel level anticheat that doesn't even stop cheaters. Online is boring af anyways.,False,0,0,944,944,True,2026-06-04
271590,Grand Theft Auto V,"pretty good hard to find people to play with, your console account doesnt merge, and it isnt a hard game to run I have a alright computer and dont get very many frame drops.",True,0,0,991,892,True,2026-06-04
271590,Grand Theft Auto V,So i got gta online for the first time and it is the best game i have ever played with endless things to do.,True,0,0,2412,841,True,2026-06-03
271590,Grand Theft Auto V,"Grand Theft Auto V Legacy remains one of the most iconic open-world games ever released. Despite lacking some of the visual and technical upgrades found in newer versions, it still delivers an incredible experience with its engaging story, memorable characters, and massive open world.

The game offers a perfect mix of action, exploration, and freedom, allowing players to enjoy countless activities across Los Santos and Blaine County. GTA Online also provides a huge amount of content, keeping the game relevant years after its original release. However, older graphics and longer loading times may be noticeable compared to more modern editions.

Even after many years, Grand Theft Auto V Legacy continues to set the standard for open-world entertainment and remains highly enjoyable for both new and returning players.",True,0,1,43016,32778,False,2026-06-03
271590,Grand Theft Auto V,"When i was in 9th and 10th class i used to watch videos of youtubers playing GTA5 and wondered when i would get to play this game and noe that i have bought this game I am enjoying it a lot , everything is perfect .",True,0,0,5051,3715,True,2026-06-03
271590,Grand Theft Auto V,i like the game because its very interesting game and very nice graphics. And this game was released in 2013! wow,True,0,0,28641,28586,True,2026-06-03
271590,Grand Theft Auto V,"Already beat the game at PS4 version back in 2024, now I buy it and replay it.

One of my favorite GTA games besides GTA SA. 👍",True,0,0,68,68,True,2026-06-03
271590,Grand Theft Auto V,I would ONLY recomend this game if you like the GTA games and only do 1 playthrough (the story is not as good fours) and online ruined the game in my opinon,True,0,0,14338,14331,False,2026-06-03
271590,Grand Theft Auto V,"the shoes in this game are AMAZING!  recccomend the shoe store, the one with the high heel icon on the map.",True,0,0,3774,2910,False,2026-06-03
271590,Grand Theft Auto V,how tf this game 13 years old and the online STILL crashes. Absolutely bonkers.,False,0,0,12637,11867,True,2026-06-03
271590,Grand Theft Auto V,"amazing game, storys amazing, onlines... ok. theres lots of exploiters and i almost got banned for someone teleporting me and got my friend banned as soon as he started playing for the first time

10/10 story 
7/10 online",True,0,0,10252,10252,True,2026-06-03
271590,Grand Theft Auto V,"good game but alot of sht that doesnt make sense also tons cheaters. ref do smth ToT
123.4h lucky number, no?
7/10 nice game",True,0,0,7665,7406,True,2026-06-02
271590,Grand Theft Auto V,"Fun game, make you pay to get in and beg you to spend $20 on a car or grind out 20 hours for it. Rockstar is shameless.",False,0,0,37868,37868,True,2026-06-02
271590,Grand Theft Auto V,So much ♥♥♥♥♥♥♥ loading when a simple restart mission on the spot could've made this game way better. 1/10,False,0,0,2419,1085,True,2026-06-02
271590,Grand Theft Auto V,"Uh,very good game I recommend this game to other players.It is a very high quality game tho it is hard to drive in my opinion.On my ps4 I got Trevor in 5 days,and on pc i got him in 2 days.
",True,0,0,570,570,True,2026-06-02
271590,Grand Theft Auto V,"One of my favorite GTA series after San Andreas. I was so happy when I was able to buy the game I wanted, one of which was GTA 5, or more precisely, almost all Rockstar games. For that price, it's very reasonable, with pretty impressive graphics, a good story, some sad and some cool. Well done to the developer 👍🏼🔥",True,0,0,3355,2855,True,2026-06-02
271590,Grand Theft Auto V,"Story mode receives a 4/5. Genuinely well crafted, alive, and well written. There's a lot of charm to GTA 5's world.

Online receives a 3/5. It's fun and even more fun with friends, but a lot of the content feels underbaked and the grind isn't fun.",True,0,0,7562,7562,True,2026-06-02
271590,Grand Theft Auto V,Awsome game and if you have any problems with the game just go to the rockstar support page they really help,True,0,0,3845,2357,True,2026-06-02
271590,Grand Theft Auto V,"---{Graphics}---
☐ You forget what reality is
☐ Beautiful
☐ Good
☐ Decent
☑ Bad
☐ Don‘t look too long at it
☐ Paint.exe

---{Gameplay}---
☐ Very good
☐ Good
☐ It‘s just gameplay
☑ Mehh
☐ Starring at walls is better
☐ Just don‘t

---{Audio}---
☐ Eargasm
☐ Very good
☑ Good
☐ Not too bad
☐ Bad
☐ Earrape

---{Audience}---
☐ Kids
☐ Teens
☑ Adults
☐ Human
☐ Lizards

---{PC Requirements}---
☐ Check if you can run paint
☑ Potato
☐ Decent
☐ Fast
☐ Rich boiiiiii
☐ Ask NASA if they have a spare computer

---{Difficulity}---
☐ Just press ‚A‘
☑ Easy
☐ Significant brain usage
☐ Easy to learn / Hard to master
☐ Difficult
☐ Dark Souls

---{Grind}---
☐ Nothing to grind
☐ Only if u care about leaderboards/ranks
☐ Isnt necessary to progress
☑ Average grind level
☐ Too much grind
☐ You‘ll need a second live for grinding

---{Story}---
☐ Story?
☑ Text or Audio floating around
☐ Average
☐ Good
☐ Lovely
☐ It‘ll replace your life

---{Game Time}---
☐ Long enough for a cup of coffee
☐ Short
☑ Average
☐ Long
☐ To infinity and beyond

---{Price}---
☑ when there's a deal
☐ It’s free!
☐ Worth the price
☐ If u have some spare money left
☐ Not recommended
☐ You could also just burn your money

---{Bugs}---
☐ Never heard of
☐ Minor bugs
☑ Can get annoying
☐ ARK: Survival Evolved
☐ The game itself is a big terrarium for bugs",False,0,0,1126,240,True,2026-06-01
271590,Grand Theft Auto V,"Fairly decent overall,

The story is great, there's a lot of activities and side missions you can do and i like driving around in first person in nice cars in this mode too

The online is... chaotic. But in a fun way (when theres no cheaters), the heists are okay, i want to rob a bank, not an island like in cayo perico, but thats just a me thing. Everything is also very expensive, too expensive, to get the stuff most people want it takes a looot of grinding to do so. But theres a ton of customisation options for the character and an overwhelmingly large amount of properties, guns, vehicles you can get. I would recommend this mode if you plan on playing with friends, but do play in an invite only lobby, else you will get spawnkilled by an oppresor mk2 user faster than you can say michael.",True,0,0,20303,19946,False,2026-06-01
271590,Grand Theft Auto V,"game is verry good and fun and easilly enjoyed with friends and family
",True,0,0,9494,9456,True,2026-06-01
271590,Grand Theft Auto V,great game nice to play with friends and hats off to rockstar for optimizing the game such it runs on low end pc,True,0,0,7321,2741,True,2026-06-01
271590,Grand Theft Auto V,"I've beat the game many times across platforms, probably the best game I've ever played",True,0,0,1398,1396,True,2026-06-01
271590,Grand Theft Auto V,"I can't say anything about online but story mode was very good, had a decent story, good characters and really felt alive",True,0,0,4897,2308,True,2026-06-01
271590,Grand Theft Auto V,I am late to the party again on this one although i don't think the writing is on par with GTA IV I had a lot of fun beating this game right before the release of GTA VI If you somehow have not played this game on any console in the last fifteen or so years I would say buy it on sale. I loved the story and progression,True,0,0,6477,6330,True,2026-06-01
271590,Grand Theft Auto V,"I must say, this is the most BEAUTIFUL and AMAZING game i have played (yet). I mean, i have a REALY bad pc, i have an intel i3 cpu and integrated graphics, but still, i get around 60 to 50 fps on medium graphics. The story is amazing, the graphics are stunning, and even okay fps. 10/10 would recommend even for the low spec gamers out there.",True,0,0,1570,1411,True,2026-05-31
271590,Grand Theft Auto V,"Even years after its initial release, GTA V remains the benchmark for open-world gaming. It is a sprawling, satirical, and adrenaline-fueled playground that offers endless hours of entertainment. Whether you are in it for the gripping narrative or the sheer chaos of Los Santos, this game delivers on every front.

Why I highly recommend it:

Three Protagonists, One Epic Story: The narrative structure of switching between Michael, Franklin, and Trevor is brilliant. It allows for a multi-layered story that keeps the pace fast and the perspectives diverse.

A Living, Breathing World: Los Santos is incredibly detailed. From the bustling city streets to the rugged wilderness, the world feels alive. You can lose yourself for hours just exploring or causing mayhem.

GTA Online: The online component is massive. With constant updates, heists, racing, and business management, it has evolved into a full-scale social and gaming platform that keeps millions of players coming back.

Sheer Variety: The gameplay variety is unmatched. You can pilot fighter jets, customize your cars, play golf, or pull off elaborate bank robberies. The freedom to do whatever you want is what makes this game timeless.

GTA V is a cultural phenomenon for a reason. It is polished, hilarious, and packed with content. If you haven't experienced the criminal underworld of Los Santos yet, you are missing out on one of the greatest games ever made.

Verdict: 10/10 – An absolute essential for every gamer's library.",True,0,0,924,924,True,2026-05-31
271590,Grand Theft Auto V,its a very good open world game by rockstar...masterpiece,True,0,0,18606,17814,True,2026-05-30
271590,Grand Theft Auto V,Best game OAT idk why anybody would even need to read reviews at this point. This game has lasted like what 12 maybe 13 years? I think its a timeless classic.,True,0,0,3793,2577,True,2026-05-30
271590,Grand Theft Auto V,"very good game, i only installed legacy version for mods... enhanced is great too",True,0,0,381,191,True,2026-05-29
271590,Grand Theft Auto V,This game give 100 to 60 fps and the story wow but some bugs in gta online but game is good,True,0,0,16334,14919,True,2026-05-29
271590,Grand Theft Auto V,I just lost 361 hours of gameplay because of your stupid launcher messing up my account. What do you mean I have to activate my account again? I already bought this game in 2017,False,0,0,21727,21727,False,2026-05-29
271590,Grand Theft Auto V,"just lacks emotional story
Gta has amazing story, thats undeniable but it focus's to much on gameplay that actual emotional story is near non-existant outside of  forgettable character dialoge that plays at the Most random times.
In other words if ur a gamer, this is for you.
if you want to think? this game is a horrible pick.",False,0,0,28454,28454,False,2026-05-29
271590,Grand Theft Auto V,"I loved this game, the controls makes a little worse. As playing this game a like it.",True,0,0,5214,268,True,2026-05-28
271590,Grand Theft Auto V,this is literally a low end work laptop and it runs at a steady 30fps on medium settings,True,0,0,4462,4428,True,2026-05-28
271590,Grand Theft Auto V,"Grand Theft Auto V is hands down one of the best open-world games ever made. Even after all these years, the graphics, story, gameplay, and attention to detail still feel amazing. Switching between Michael, Franklin, and Trevor keeps the story fresh and entertaining, and every character has their own unique personality that makes the game unforgettable.

The world of Los Santos feels alive — from random NPC interactions to crazy side missions and hidden activities, there’s always something to do. The driving mechanics, gunplay, and heist missions are incredibly fun, especially with friends in GTA Online.

What makes GTA 5 special is the freedom it gives players. You can follow the main story, explore the city, race cars, fly jets, start chaos, or simply relax and enjoy the environment. Rockstar truly created a masterpiece that still competes with modern games today.

Definitely worth playing if you love action, open-world exploration, and immersive storytelling.
",True,0,0,1708,192,True,2026-05-28
271590,Grand Theft Auto V,"A paradise for the most toxsic , bot-using , gamers .
      this game.... is where they all come to grief , without any consequences.
- paid/free cheats without penalty
- non-functional anticheat
- smurfs (game is almost unplayable at lower ranks)
- toxic community
- support that doesn't give a flying F*CK about the players",False,0,0,85491,85491,True,2026-05-28
271590,Grand Theft Auto V,The game is good... but i cant launch it same error i tried over 10 days everything nothing works dont buy it if you dont wanna spend hours infront of the monitor to launch anything.,False,0,0,4127,661,True,2026-05-28
271590,Grand Theft Auto V,grate game to mod gtA V STORY MODE NOT ONLINE THO AND IS NOT FOR UNDER 18 YEARS OLD oh y caps wher on,True,0,0,4462,2722,True,2026-05-28
271590,Grand Theft Auto V,"A legendary game which is still relevant in today's time and yet ROCKSTAR failed to fix this game.
 
This is a obvious recommended game and I love this game truly but ti be honest online sucks and there are some reasons:

1: Randomly BATTLE EYE kick
2: Sync problem on Rockstar Launcher
3: Modders / Hackers
4: Not enough punishment to ""Griefers""

Apart from these everything is good.

Looking forward to what GTA 6 will offer
I hope it won't have terrible Online experience.

Thanks for reading 🤍",True,1,0,45767,38878,True,2026-05-28
271590,Grand Theft Auto V,"its fun when you begin but the more u progress the more boring it gets but its still fun.

recommend to set goals :)",True,0,0,2606,1597,True,2026-05-28
271590,Grand Theft Auto V,"They broke online, Battle eye instantly kicks you, i have never cheated this game and am nearly level 300 but ig they just doing the shotgun approach now.",False,0,0,39691,39681,True,2026-05-28
271590,Grand Theft Auto V,Gta is the best game for mods fun mission and more i do recommend to other people.,True,0,0,11805,1359,True,2026-05-27
271590,Grand Theft Auto V,"yk its ok i lose track of the time playing this abyssmol game, needa pentalize griefers ffs",True,0,0,32128,29959,False,2026-05-27
271590,Grand Theft Auto V,"GTA Online can be a very fun game when you get into the rhythm of it, which is its most frustrating aspect. The gameplay loop is bogged down by constant bugs and crashes, Shark Card-centric game design, lackluster anti-cheat. Those snags, especially in the hands of a studio that's likely ready to move on, snowball - and before you know it, you've started bargaining with the game, hoping a modder won't kick you mid-sell or that you won't get soft-locked during a heist prep. Overall, I don't regret the time investment, but it's hard to recommend a game that feels like it's working against you. Story mode is great, though.",False,0,0,19456,16064,True,2026-05-27
271590,Grand Theft Auto V,"Good game overall, Lowkey to much cheaters but its fine i guess . 
Runs smoothly on this low end pc you could say . 
8/10",True,0,0,7319,6179,True,2026-05-27
271590,Grand Theft Auto V,"I bought this game to finish the story mode and become a serious criminal mastermind in Los Santos.
Reality: I spent 4 hours running over pedestrians, running from a 5-star cop chase, and driving a supercar off Mount Chiliad while listening to 80s pop radio.
10/10, would accidentally hit a traffic light again.
",True,0,0,66559,66298,True,2026-05-26
271590,Grand Theft Auto V,"GTA5 is a great game highly detailed and worked on and updated weekly, escpecially MODS, mods highly improve the game from cars to missions to graphics to life even, my personal favrioute, LSPDFR",True,0,0,5339,3717,True,2026-05-26
271590,Grand Theft Auto V,"I know these games are lauded, but the ground movement and shooting controls (how you do most everything) was out of date when the game released. Now that it's been about 13 years... it is even worse. GTA IV felt more serious and in touch with controls given its release date than this ever did.

It's a fun sandbox, but god does the story suck and there is only so much driving around you can do before it just gets too boring. I couldn't bring myself to finish the campaign, too boring, too unserious,  too rockstar. 

Posting this review very late due to impending GTA 6 hype storm",False,0,0,4527,4527,True,2026-05-26
271590,Grand Theft Auto V,"rockstar games launcher ahh is so ♥♥♥♥♥♥. every time i want to grind for cayo perico, this ♥♥♥♥ is giving me backshots. fak yu rockstar. fak yor game and fak yor name. fak yor billions and fak yor millions. fak your computers and fak yor debloaters. fuh naw i am not going thru this every single time. ♥♥♥♥ off i know about an orange and black site that works better",False,0,0,9703,9682,True,2026-05-26
271590,Grand Theft Auto V, am honestly disappointed in Rockstar Games Support lol sent in 4 tickets to change my email of the account with proof that I own the game and lost the old email. but they keep closing the ticket and saying the issue is resolved. If you ever lose your account details or an email linking to the account say goodbye to playing the game. You'll have to buy it again on another platform.,False,0,0,2102,2100,True,2026-05-26
271590,Grand Theft Auto V,so fun i added mods and got 5 starts and played (best fun game ever better than enhanced),True,0,0,47809,46020,True,2026-05-25
271590,Grand Theft Auto V,"The original Grand Theft Auto V is still amazing and fun, and this game holds a special place in my heart since it was the first video game that i played. I still play GTA Online with my dad so i recommend it!",True,0,0,2402,2402,True,2026-05-25
271590,Grand Theft Auto V,Very nice game nice story but kinda boring after a while. It was a gift from my bro and it was very nice.,True,0,0,4747,4737,False,2026-05-25
271590,Grand Theft Auto V,I like the build quality and the each and every detail that the rockstar focus while making this game. Thank you so much ROCKSTAR GAMES....,True,0,0,5806,5628,True,2026-05-25
271590,Grand Theft Auto V,Awful. Cant play the game at all because how choppy laggy it is. No matter what I do. No matter what settings I use its choppy and laggy. My pc is up to date with hardware and and updates. All drivers are updated. Everything works perfectly fine. Any other game works just fine. I take some time away cause I wasnt gaming. come back for it to just be an awful game. lags all the time. always choppy. strict natt type no matter what I do. My wifi is more than good enough. no other game does this but gta5. its acttaully bs,False,2,7,42407,42322,True,2026-05-25
271590,Grand Theft Auto V,"It's a very cool project, I've already played a lot of time and I've never regretted buying it. I especially want to highlight the online mode, as the developers are making every effort to make the gameplay interesting and diverse.",True,0,1,262664,258448,True,2026-05-24
271590,Grand Theft Auto V,great game that you can spend hours apon hours of grinding while rarely getting bored. even with a low end gaming pc i can still run it smoothly at around 100 fps.,True,0,0,19367,17229,True,2026-05-24
271590,Grand Theft Auto V,"One Of the best open world story games till Now even can run on mid range pc with integrated gpus
",True,0,0,15218,13574,True,2026-05-24
271590,Grand Theft Auto V,"GTA 5 is not a game bro it’s literally the peak of human civilization. Rockstar looked at the entire gaming industry and decided to embarrass everybody for the next decade straight. No other game has touched the level of freedom, detail, atmosphere, storytelling, music, characters, online content, or replayability this masterpiece has. Los Santos feels more alive than some real cities. Every corner of the map has something happening, every mission is iconic, and every character is unforgettable. Michael is cold, Franklin is smooth, and Trevor is one of the greatest fictional characters ever created in entertainment history.
The fact this game dropped in 2013 and STILL humiliates modern AAA games is actually insane. Meanwhile other studios can barely release a working menu screen, Rockstar made a world where you can rob stores, fly fighter jets, manipulate the stock market, customize everything imaginable, run criminal empires, and create pure chaos for thousands of hours without getting bored once. GTA Online alone carried gaming for years.

Driving feels amazing, shooting feels amazing, the soundtrack is legendary, the radio stations are legendary, the graphics somehow still look fire, and the attention to detail is so ridiculous people are STILL finding new things over 10 years later. Rockstar didn’t just make a good game — they created the standard everybody else has been failing to reach since.
GTA 5 is the reason expectations for games became so high. It’s not competing with other games anymore, it’s competing with history itself.
",True,0,0,8703,8583,False,2026-05-24
271590,Grand Theft Auto V,I got blown up by an oppressor a million times by a guy with a barcode as his username. 10/10 game solved my overly high patience,True,0,0,2242,1544,True,2026-05-24
271590,Grand Theft Auto V,"Like bro i love everything missions every but please in GTA online when we get killed we get send back to where theres no streets just a forest it really annoys me :) but the game is good btw i love it one of my fav games Whens gta 6 coming out?
",True,0,0,8626,6660,True,2026-05-24
271590,Grand Theft Auto V,its a very fun and thrilling game i have played this for 12 years and have never been bored i highly recomand,True,0,0,43161,43157,True,2026-05-24
271590,Grand Theft Auto V,"game for megaoblockbbc♥♥♥♥♥♥chads like me ♥♥♥♥♥ when they ♥♥♥♥♥♥ need 2 thug it out ♥♥♥♥♥. when i was a little ♥♥♥♥♥, i used to play this game on my ♥♥♥♥♥ ps3 and beat my ♥♥♥♥♥♥ meat to the beautiful big booty blacked ♥♥♥♥♥♥ strippers. my big black ass ♥♥♥♥♥♥ momma walked in, and i cried like a ♥♥♥♥♥♥ and told her im sorrrry ♥♥♥♥♥ hoe and she beat my ♥♥♥♥♥♥ ass. 10/10 experience cus real thug ♥♥♥♥♥♥ like being rayped and beaten by their big BLACKED ♥♥♥♥♥♥  mommas.",True,0,0,7401,6662,False,2026-05-24
271590,Grand Theft Auto V,"GTA 5 is one of those games that feels impossible to review normally because it’s not just a game anymore, it’s basically a whole era of gaming. This game came out in 2013 and somehow still feels more alive than half the games that come out today with “next-gen” slapped on the box.

The story is still fire. Michael, Franklin, and Trevor all represent different types of chaos. Michael is the washed-up rich guy who “made it” but is still miserable. Franklin is trying to level up and escape the same street cycle. Trevor is just pure unfiltered demon energy. That three-character system still works because each of them gives you a different lens on Los Santos, and Los Santos itself is probably the real main character.

The map is insane. You can be in the hood, downtown, the hills, the desert, the mountains, the beach, or some random gas station in the middle of nowhere and it all feels like it has a purpose. Rockstar cooked with the atmosphere. Driving around at night listening to the radio still hits different. It has that weird feeling where even if you’re doing nothing, you’re still entertained.

The gameplay is simple but addictive. Shooting, driving, flying, robbing stores, causing chaos, running from cops, doing missions, buying cars, customizing weapons — it’s all easy to get lost in. And honestly, that’s the magic of GTA. You can play it like a serious crime movie or you can play it like a complete idiot and both are valid.

GTA Online is a different beast. It’s fun, but it also became this wild grind machine where everything costs millions and half the lobby is flying around on weaponized alien bikes like it’s no longer GTA, it’s capitalism with missiles. Still, with friends, it’s hilarious. Alone, it can feel like a second job.

My only real criticism is that Rockstar milked this game like crazy. GTA 5 is legendary, but bro, we were stuck with it for over a decade. At some point it became less “wow this game is timeless” and more “please release GTA 6 before society collapses.”

Overall, GTA 5 is still one of the greatest open-world games ever made. It has story, freedom, chaos, vibes, replay value, and that rare feeling where the world actually feels alive. It’s not perfect, and GTA Online got ridiculous, but the base game is certified legendary.

Rating: 9.5/10
A generational game. Rockstar really dropped a nuke and then lived off the radiation for 10+ years.",True,0,0,20647,20461,True,2026-05-23
271590,Grand Theft Auto V,"I like the game alot, the missions are very interactive and the game itself is realistic asf. I would love this gaem anytim. <3",True,0,0,2253,232,True,2026-05-23
271590,Grand Theft Auto V,"GTA FiveM is a cool experience for those of you who like to be sociable and outgoing, or maybe for those who like drama and a bit of excitement. This is a server based game where you meet and greet new people, places and ideas. Fun for adults not a kid friendly game unless supervised for driving and shooting.",True,0,0,718,228,True,2026-05-23
271590,Grand Theft Auto V,"I love this game because if you love racing then you'l love this too, also if you love to do rp you'l love this to and also the reason why I love this game is because it helps connects me to my friends and alot more but it honestly brings me joy but this is why i would recommend this game and also they do update regerly and they try to make sure its not abandoned and if anyone else has other oppoin about this comment i dont mind the hate if it gets anyone but have a nice day to who anyone who reads this.",True,0,0,7459,4452,False,2026-05-23
271590,Grand Theft Auto V,"I love this game so much. My first ever game as a kid was GTA: San Andreas and I've been a fan of GTA since then. Now I have free will so, I bought this game with my own money and will play it till I'm bored of it.. which is never. Waiting for GTA VI.",True,0,0,2849,314,True,2026-05-22
271590,Grand Theft Auto V,"Yes, play this, but just remember that the story mode isn't the best and probably not what you should play the game for.",True,0,0,2713,2713,True,2026-05-22
271590,Grand Theft Auto V,bit laggy but its chill a couple game crashes here and there but not bad apart from me having to reinstall it because the files corrupted,True,0,0,1830,1070,True,2026-05-22
271590,Grand Theft Auto V,"♥♥♥♥ R* for em mudderz n beggers dinasty, complete moron game. ♥♥♥♥ this ♥♥♥♥",False,0,1,523148,521759,True,2026-05-22
271590,Grand Theft Auto V,"If you work a high-focus job like software development, you know how exhausting long sessions can be. This game is the perfect remedy for that. It’s a fantastic, mind-free sandbox where you can just relax, cause some chaos, or drive around without having to stress about complex mechanics.

It is absolutely an 18+ game, but for an adult looking to switch off their brain after a hard day's work, it's perfect.",True,0,0,22279,21278,True,2026-05-22
271590,Grand Theft Auto V,Pretty good game like besides the very annoying signup stuff i think its really good,True,0,0,2601,2601,False,2026-05-22
271590,Grand Theft Auto V,"good game but i got it cheaper on xbox 
very good performance",True,0,0,125,125,True,2026-05-21
271590,Grand Theft Auto V,"still some bugs in there but overall experience is just great , online is chaos but have so many things its fun with decent lobby . Highly recommended still in 2026.",True,0,0,9010,7223,True,2026-05-21
271590,Grand Theft Auto V,"First of all thanks to Rockstar Games to made a such game that touched the heart of gamers like us......... 
very good and well game with a massive detailings that i haven't ever seen before... 
the price is also affordable and compromised....
I will recommend that if you have starting level pc or high end whatever you have you should try this game...

Again thanks to rockstar games",True,0,0,13849,11803,True,2026-05-21
271590,Grand Theft Auto V,"Nothing to dislike for this. An extraordinary masterpiece created and delivered by Rockstar Games. This has set a standard in open world gaming for it's Breathtaking visuals still looks very immersive even after years of Launch. This has truely set a standard for open world gaming which only Rockstar Games can beat.There is one and only company which can beat this masterpiece and that is Rockstar itself. Great optimisation runs smooth on high graphics even on low end systems,breathtaking visuals and a immersive and thrilling story line even better than some of the movies. I recommend everyone can buy it. No flaws or negative thing for this masterpiece.",True,0,0,1182,242,True,2026-05-20
271590,Grand Theft Auto V,good game. online on pc is kinda crap when people think its fun to grief but the xbox 360 gta 5 era was the best. worth buying but wait for a discount,True,0,0,7158,2377,True,2026-05-20
271590,Grand Theft Auto V,"I'd mucked around with GTAV on Xbox 360 in the day and at times had a go at the online multiplayer but I recently felt compelled to play the single player campaign in full. It......♥♥♥♥♥♥♥.....rocks.....
The writing is elite, the satirical observations cut like a knife, and Trevor.... Well he is indeed a sick puppy. His Stockholm Syndrome romance arc was one of the best moments in all of gaming. ""No gasolina!""
And then there's the upgraded visuals, the soundtrack, the side quests... This game still slaps in 2026. 
9/10
",True,0,0,2136,2136,True,2026-05-20
271590,Grand Theft Auto V,"GTA 5 wasn’t just a game to me, it was years of memories. Countless late nights with friends, nonstop laughs, stupid moments that somehow became unforgettable, and friendships that were built through chaos in Los Santos. From random car meets to insane heists that went completely wrong, every session felt like a new story.

No matter how old the game got, it always brought people together. GTA 5 gave me some of the best gaming memories I’ll ever have, and I’ll always look back on it as one of the greatest games ever made.",True,0,0,4127,2841,True,2026-05-20
271590,Grand Theft Auto V,it is so fun to try and beat missions and u can do whatever you whant,True,0,0,3896,3709,True,2026-05-19
271590,Grand Theft Auto V,"I bought a bundle which is the gta 5 legacy and enhanced and the criminal Enterprise starter pack 
And when I try to activate the pack it says purchase criminal Enterprise starter pack but I already have it",True,0,0,8200,3838,True,2026-05-19
271590,Grand Theft Auto V,This game has given my friends and I tons entertaining and laughable moments.,True,0,0,8994,8849,True,2026-05-19
271590,Grand Theft Auto V,Runs great on highest settings on the DirectX 10 version of the game! Look at my pc specs.,True,0,0,5489,5422,True,2026-05-19
271590,Grand Theft Auto V,"Absolute Peak.
Игра хоть и местами баганная, наполненная читерами, с дикими рассинхронами, но какая-же она весёлая. Я ещё не встречал такой игры в которую я бы мог играть по 10 часов каждый день с друзьями попутно угорая со всего что в ней есть, очень сильно люблю эту игру, всем советую!",True,0,0,79645,79645,True,2026-05-19
271590,Grand Theft Auto V,"Dear Rockstar, 

There are still cheaters in this game. I was doing nothing in the lobby, then a player tried to kill me but unfortunely I  turned on passive mode in no time. Seeing he felt upset, he crashed my game.  :(   

If you see this message, please figure out any ways to prevent cheaters from crashing your game/

Thank you!",True,0,0,97770,86921,False,2026-05-18
271590,Grand Theft Auto V,"this makes you wanna kill yourself, if  it was a word to tell you how it hard it is to get money in online mode it would be hell. if you get sent to bad sports lobbys PRAY TO GOD. The amount of ♥♥♥♥♥♥♥♥ in this game is crazy.

fun with friends tho",True,0,0,294,286,True,2026-05-18
271590,Grand Theft Auto V,good game low key dumb its been out for 13 yrs and still has big bugs and glitches,True,0,0,1300,690,True,2026-05-17
271590,Grand Theft Auto V,"Best game I've ever played, also this edition good for Modded servers like FiveM/RageMP because it doesn't crash like Enhanced. Also the Legacy edition has better Vram managment somehow",True,0,0,5457,608,True,2026-05-17
271590,Grand Theft Auto V,"This is a very fun game that has been out now for about 12-13 years. Besides the exploiters in GTA V online, it has been a good experience. I do recommend when it is on a discount. Also I did not receive the DLC that came with my bundle :(",True,0,0,17761,17724,False,2026-05-17
271590,Grand Theft Auto V,"The game has so much potential, but it's populated by feral, narcissistic children who just want to play the same heist/hostages/car chase PVP scenario over and over. Also, it's infested with boot-lickers and ""content creators"". A damned shame, really.",False,1,0,83,83,True,2026-06-04
271590,Grand Theft Auto V,"After not playing the GTA 5 story since launch on PS3, I had wanted to play the story again to warm up for GTA 6. Come to find out at some random point between now and 2021, my Rockstar account was hijacked, and contacting Rockstar support is an absolute nightmare. There is no way to unlink your steam account from said Rockstar account if I wanted to just play singleplayer and try to retrieve my Rockstar account for Multiplayer a different time. So at the moment my steam and all Rockstar games is bricked until Rockstar either decides to do something or I'm forced to make a second account on both steam and rockstar just to play. I'll pass, but I absolutely have to recommend it aside from Rockstar being braindead with how they handful Rockstar accounts. Forcing a rockstar account for the story is insane if they aren't going to have proper security or a proper ticket system.",True,0,0,25361,22554,True,2026-05-21
271590,Grand Theft Auto V,spun on the opps then went to the strip club and popped a bottle lifes great,True,0,0,627,545,True,2026-05-18
271590,Grand Theft Auto V,"Words can hardly describe this masterpiece. I’ve played it across every platform over the years and now I’m proud to say it has become part of my journey as a content creator ...

Masterpiece",True,0,0,25134,25056,True,2026-05-18
271590,Grand Theft Auto V,"This game makes me insane and it is all grind, story is mid and online is like walking on lego do not buy it will make you go nuts.",False,0,0,17297,14918,True,2026-06-02
271590,Grand Theft Auto V,"battleye doesnt even work, game is still filled with scummy griefer modders",False,0,0,93623,88817,False,2026-05-23
271590,Grand Theft Auto V,"quite possibly the worst online experience i've ever had in any game.. 45 minutes of loading and all i could find with a friend was 1 other person, the match lasted 1 minute of actual gameplay then another 15 minutes of loading, Garbage game, single player is ok.",False,0,0,9612,9612,True,2026-05-23
271590,Grand Theft Auto V,Definately not a kids game but honestly i love hitting stunts and driving cars more than anything else in the game since the physics are pretty realistic. Worth 20 bucks,True,0,0,4876,1567,True,2026-05-20
271590,Grand Theft Auto V,"highly recommended to play legacy one if ur spec is low. like me. Enhanced version got better graphic, but did not feel like the Original GTA5. Anyway, good luck finishing 100% game completion. :D",True,0,0,73016,60167,True,2026-05-19
271590,Grand Theft Auto V,"Enhanced version is meaningless, and does not integrate our save file after initial progress upload. Hindering our unfinished efforts useless and making it imperative we migrate to enhanced",False,1,0,12442,12442,True,2026-06-14
271590,Grand Theft Auto V,I LOVE THIS GAME. THIS IS AWESOME. MY PC IS LOW END STILL IT GIVES ME PLAYABLE FPS,True,1,0,14560,14382,False,2026-06-03
271590,Grand Theft Auto V,"this is the record braking goat game of all times
i love it
pleas give me money in online
im poor",True,1,0,6699,6699,True,2026-05-31
271590,Grand Theft Auto V,"I spent over a week worth of my life to get a maxxed out nightclub and then sell it, however one stupid ♥♥♥♥♥♥♥♥♥♥♥♥ on Our MC blown up the pounder in the most stupidest way calls me a 5 year old Yapper, after about 5 minutes of me losing my sanity (oh yea calling me a 5 year old even though I lost that much work that I wasted apart of my life, and had suffered to through waiting and greifiers) and that players name is dues (and So im not going to play gta 5 for a while because that was far far too much work)",False,0,0,50765,50765,True,2026-06-16
271590,Grand Theft Auto V,super fun but figuring out how to install mods is super frustrating,True,0,0,10340,10062,True,2026-06-16
271590,Grand Theft Auto V,Geht nicht auf den RP server Majestic Roleplay da wurde ich von einem 45 jährigen angefasst,False,0,0,137167,137167,True,2026-06-15
271590,Grand Theft Auto V,I love anything rockstar makes including GTA V. This is probably one of the first good games I had played as a kid. Definetly in my top 10 for sure,True,0,0,1033,611,True,2026-06-14
271590,Grand Theft Auto V,i tried signing in but evry time i did it would say there is a problem try later then after 1 hour i tried again and it still did not work so i gave up,False,0,0,143,139,True,2026-06-14
271590,Grand Theft Auto V,idk like trevor is bisexual ig???? what am i meant to say you just ♥♥♥♥ shoot and rob in this game and i like to do those things 10/10 would recommend,True,0,0,1248,1150,True,2026-06-12
271590,Grand Theft Auto V,ben bu oyunu indirmeden önce çimlere basiyordum hayatin tadını çıkarıyordum simdi ise her değerlere söven bir ibneye çeviriyor beni,False,0,0,1175,1161,False,2026-06-11
271590,Grand Theft Auto V,A wonderful story of two dysfunctional gay dads and their black son,True,0,1,3932,3932,True,2026-06-10
271590,Grand Theft Auto V,pretty good but would be way better with cross platform because all of my friends who have the game are on console while im on PC,True,0,0,4283,2130,True,2026-06-10
271590,Grand Theft Auto V,This game is good and as franklin I can steal with 10X the ease. This is because Franklin is black. But he will show up to defend his home.,True,0,0,4384,2277,True,2026-06-08
271590,Grand Theft Auto V,"my dream game .not for me only for all gamers its a dream to play .now i have played this and also u guys all must try this game .very very good game ever i have seen in my life .it justa a giold .i ike very much to play this .still i have craving to play htis game. i like a lot to play this over world game, im enjoyed this game!
",True,0,0,3236,3231,True,2026-06-08
271590,Grand Theft Auto V,i havent played the OG gta Since 5m come out but i love the game so much ive bought it like 20 times since release,True,0,0,1046,1027,False,2026-06-07
271590,Grand Theft Auto V,best game to do cop mods and other stuff -_-,True,0,0,457,457,True,2026-06-07
271590,Grand Theft Auto V,"Я был в Лос Сантос онлайн. Там много плохих людей, цыганва какая-то, летают на своих шайтан-Опресорах. Они делают мне взрыв ракет и стреляют! Очень нехарошо, грязно играют. Я хочу делать бизнес, катать красивый машина, а они делают бум-бум! Нраица? Нет, не нраица конечна!",True,0,0,5710,3081,True,2026-06-07
271590,Grand Theft Auto V,"i dont need to tell about ame bcz every one kknoow but if it coes to steam i say best becz this is lifess first purchase from steam and i am very setisfy frpp m steam not even a single steam dont let me feel thati got scammed so i just say best

",True,0,0,4354,2233,True,2026-06-07
271590,Grand Theft Auto V,Very good story with great characters and good online.,True,0,0,2672,2669,True,2026-06-06
292030,The Witcher 3: Wild Hunt,"DLC announced 11 years after release, my favourite game keeps getting better",True,317,7,6160,6133,True,2026-05-27
292030,The Witcher 3: Wild Hunt,"I thought I was starting a game about killing monsters.

Instead, I found a story about family, love, friendship, loss, and the people we would cross the world for.

Geralt's journey to find Ciri is one of the most memorable stories I've experienced in gaming. But what truly made this adventure special were the people around him. Yennefer and Triss aren't just romance options on a menu; they're characters who feel real. They have flaws, dreams, fears, and histories that make every interaction meaningful.

There were moments that made me smile, moments that broke my heart, and moments that made me sit quietly and think about the choices I had made. Few games manage to make you care this much.

The world is beautiful, but its greatest strength is its soul. From the muddy roads of Velen to the icy winds of Skellige, every place feels alive. Every quest feels like someone's story rather than another task to complete.

When the credits rolled, I wasn't thinking about the monsters I had slain or the loot I had collected.

I was thinking about Ciri.

I was thinking about Yennefer.

I was thinking about Triss.

I was thinking about the friends I met and the goodbyes I never wanted to say.

The Witcher 3 didn't feel like a game I finished. It felt like a world I had to leave behind.

❤️ ""In a world full of monsters, the only thing worth fighting for is the people we love.""",True,216,1,6563,6471,True,2026-06-10
292030,The Witcher 3: Wild Hunt,"For those returning to the game because of the new DLC, remember, silver is for monsters and steel is for fools.",True,35,9,15671,15671,True,2026-05-27
292030,The Witcher 3: Wild Hunt,"After 10 years, this game still looks better than some brand-new releases today. On the highest settings, it sometimes feels like a fantasy vacation with ray tracing instead of sunscreen. 🌲⚔️
You ride peacefully through the world, admire the scenery… and suddenly get jumped by some monster hiding in the bushes. 10/10 atmosphere.
The story? Absolutely brilliant. It feels like playing an interactive fantasy book — except every now and then you beat people up with two swords. Every quest somehow has its own little story, and even the side quests are often more exciting than the entire main stories of other games.
And then there are the DLCs…
With Hearts of Stone and Blood and Wine, it honestly feels like you’re getting an entire extra game. Hours upon hours of additional fun, new areas, new characters, and even more reasons why you wanted to do “just one more quest”… and suddenly it’s 3 AM.
Small downside:
Sometimes the gameplay turns into “Ride from ? to ? and clear 17 bandit camps along the way.” The grinding can occasionally get a bit annoying. But at least even riding around looks gorgeous.",True,27,1,39204,39204,True,2026-05-23
292030,The Witcher 3: Wild Hunt,"I had played this game before and finished it, but it never truly clicked with me. So I decided to start a new save file, this time on a higher difficulty, with a commitment to fully immerse myself in every mechanic the game had to offer.

And boy, what a game.

The atmosphere is nothing short of fantastic. I could listen to the soundtrack for hours on end, and the visuals still look stunning for an 11-year-old game. The characters are genuine and memorable, starting with the protagonist himself, Geralt. Every quest feels meaningful and well-crafted, and I even developed a genuine love for Gwent, something that was completely absent in my first playthrough. By the end, I truly felt like a witcher.

10/10 — An Absolute Masterpiece.",True,12,1,11472,11472,True,2026-05-24
292030,The Witcher 3: Wild Hunt,"Probably one of my favorite games of all time. For how old the game is at this point it still looks great at the time of this review. The story is amazing, and even the side quests have more plot than main story missions in other AAA titles. The games makes you think critically, and not just assume things at face value, it is very easy to assume something is bad just because it is a monster, but you can talk to a lot of them and realize they're sentient in a lot of cases and not harmful to humans. You could easily go through the game just killing everything, but I really appreciate the nuance the game has when it comes to determining your enemy if you want to look into things more. Humans can often be more monstrous than some of the actual monsters throughout the game.",True,11,2,9902,9902,False,2026-05-22
292030,The Witcher 3: Wild Hunt,"A game that puts its predecessors to shame. There is a massive leap forward in gameplay, graphics, and world-building compared to the first two games in the series. The introduction is far better as well; the prologue is short, sweet, and does a wonderful job at introducing all of the game mechanics and gets you up to speed on the story, something the previous game sorely lacked.

The world is massive and alive. Cities are densely populated, while the numerous villages, keeps, and smaller communities all have their own people and stories. With all these characters comes a wealth of side-quests, most of which are interesting and well written. If you are someone who likes to complete everything, Act 1 can be quite daunting, as you are dropped into the world with seemingly endless content, which adds significantly to the game’s length.

As with the previous games, the story is very well written and extremely well paced. “Tension” is the word I would use to describe it best, as it does a fantastic job keeping you hooked and invested. You can complete it in many different ways and in many different orders, and the developers have foreseen a lot of unpredictable and interesting routes you can take.

The new alchemy system is much better than in previous instalments. Once you craft a potion or oil, you only need to meditate to refill it. Crafting has also improved, but still felt a little tedious, especially towards the end of the game. Skills and mutagens allow you to customize your playstyle and it felt like there were very few filler unlocks.

Gone are the days of dice poker and the annoying RNG behind it, as it has been replaced with something far superior: Gwent. This card game can be like crack to the right person, and it was truly a joy collecting every card and building every deck. Alas, as you start to get further into the game, you can effectively solve Gwent, which detracts from the enjoyment. It still remains one of the greatest mini-games I’ve ever encountered in an RPG.

The DLC deserve their own reviews, but I will briefly mention them here:
[list]
[*] Hearts of Stone is a small, but thrilling story with a lot of surprises and had me swinging like a pendulum when picking sides. The return of an old friend was great and certainly adds a lot if 	you are a longtime fan of the games.

[*] Blood & Wine is a truly masterful DLC in a beautiful setting. In my opinion, the story surpasses the base game, and the side content is great as well. The player housing is a great touch and finally gives Geralt a place to call home.
[/list]
Overall, I am not sure why I waited so long to play this game. Even over ten years later, it holds up remarkably well and stands out as one of the greatest RPGs of all time.

[b]10/10[/b]",True,14,1,8979,8979,True,2026-05-20
292030,The Witcher 3: Wild Hunt,"I've been a fan of CDPR games for quite a while. Now they are breaking the trust by introducing new EULA to an 11 year old game. They want you to allow them to install spyware on your PC. That's a very ♥♥♥♥ move by a company we trusted for so long. Now I have to monitor every single process their games spawn hoping that I can stop them from spying on my machine before it's too late.

Up until few days ago I would have given this game very positive review.
Not anymore. 

Anonymous usage statistics reporting should be an optional in game toggle, not a legally binding agreement. And the language used in the EULA does not simply mean stats reporting. They literally want to be able to install spyware on your PC.

We are giving them money for their games and now they want to use us as testers and providers for whatever information they may need. Instead they should just hire some QA testers and/or pay us for the testing we are doing for them.

I cannot recommend this game after the new EULA update.

Also: the game can sometimes dip into very low framerates even on high end rigs and needs to be optimized. Instead they are going to release a new DLC asking for more money while neglecting the performance issues many players have.",False,7,4,26832,26832,True,2026-05-31
292030,The Witcher 3: Wild Hunt,"I don't usually like fantasy, but this game is something else.

This game sat in my Steam library for a long time. But I finally decided to play through it, and it was an unforgettable experience.
As I mentioned before, I don’t like fantasy, the Middle Ages, magic, or similar themes. But despite these aspects, the game is incredibly well-made.

I played through it on the easy difficulty setting; I didn’t want to mess with alchemy because I don’t really get the whole concept. That way, I wouldn’t have to spend ages on bosses or die hundreds of times, and I could just enjoy the story and quests. I explored the entire main map, including the DLC, 100%, and even all the famous puzzles in the waters of Skellige, hahaha.
I spent 153 hours on the main game, 15 hours on “Hearts of Stone,” and 52 hours on “Blood and Wine”

I just want to say that this game is full of wonderful and interesting characters, memorable quests, and engaging dialogues. If I were a fantasy fan, this game would be number one on my list of favorites. 

Overall, I really liked Geralt’s story. By the way, I tried playing the first Witcher game before, but couldn’t get through it. Maybe I’ll give it another shot someday. 

All in all, huge kudos for the dialog, the plot, and the soundtracks! All of this creates an amazing atmosphere! Thank you, CD Projekt RED, for an unforgettable experience. (I'm really looking forward to the new “Songs of the Past” DLC)",True,4,0,13215,13215,True,2026-05-30
292030,The Witcher 3: Wild Hunt,"10/10.

Ahh, yes. Cavill build. 
Aard + Yrden. 
Yen + Unicorn
The game makes me want to pop a beard after reloading my arms. 
Yen",True,3,2,9514,9211,True,2026-06-05
292030,The Witcher 3: Wild Hunt,"👍 Recommended
🕒 22.9 hours on record  

The Witcher 3: Wild Hunt is a true masterpiece and easily one of the best RPGs ever made. With 22.9 hours on record, I’ve only begun to scratch the surface of its massive world, but it’s already clear why this game is so highly regarded.

The story and characters are phenomenal. Geralt’s journey, the morally gray choices, and the deep, emotional side quests make the world feel alive and meaningful. Every decision actually matters, and the writing is top-tier across the board. The base game alone is incredible, but the two expansions (Hearts of Stone and Blood and Wine) are some of the best DLC ever released — especially Blood and Wine, which feels like its own full game.

Gameplay is engaging and rewarding. Combat feels satisfying once you get used to it, exploration is a joy thanks to the beautiful and varied world, and the side content is so good that you’ll often get more immersed in it than the main story. The atmosphere, music, and voice acting are all outstanding.

Even years later, The Witcher 3 holds up as a benchmark for open-world RPGs. It’s a long, rich adventure that respects your time and rewards curiosity.

If you haven’t played it yet, this is a must-play. One of the greatest games of its generation.  

**10/10** — A true masterpiece. 🗡️🐺❤️",True,5,0,1374,1374,True,2026-06-06
292030,The Witcher 3: Wild Hunt,New system requirements are BS. I paid for a certain product and now you lock it behind win11 and sh.. loads of other BS requirements.,False,18,1,8631,8631,True,2026-05-27
292030,The Witcher 3: Wild Hunt,"With the next expansion, the 11 year old main game will no longer support HDDs and Windows 10.
This is not OK, the main game should stay playable for everyone who bought it.

https://support.cdprojektred.com/en/witcher-3/pc/sp-technical/issue/2973/upcoming-changes-to-minimum-requirements-for-the-witcher-3-wild-hunt",False,50,9,5169,5169,True,2026-05-27
292030,The Witcher 3: Wild Hunt,"Finishing this game, my only wish was to forget about it, so I could experience everything one more time. The dlc's are also amazing!",True,2,0,14632,14632,True,2026-06-05
292030,The Witcher 3: Wild Hunt,i really like this game but i have to give this game a negative review for the future strict windows 11 requirement coming,False,5,2,1925,1925,True,2026-06-01
292030,The Witcher 3: Wild Hunt,"There is no better game than The Witcher 3. The Blood and Wine DLC is amazing, literally just medieval Italy.",True,2,0,22674,20900,True,2026-05-27
292030,The Witcher 3: Wild Hunt,"One of the best single-player and story driven game I have ever played.

10 / 10 would recommend to try it
",True,1,0,22340,22340,True,2026-06-15
292030,The Witcher 3: Wild Hunt,"I bought this game the week it released in 2015 on my ps4 when Idid not have a pc capable of running it.

I beat it twice. Bought the dlcs as they released and beat it another 2 times.

I then bought it plus all the dlcs all over again just to support the devs.

It is the best story-driven game ever made. It almost flawless down to every last detail. Geralt is one of the best video game/fictional characters  of all time.

No matter what happened recently or may ever happen, remember that CDPR made the mona lisa of video games.

10000/10 

Triss is best girl.",True,1,0,733,733,True,2026-06-14
292030,The Witcher 3: Wild Hunt,"When I first started playing The Witcher 3, I found the game quite dark and difficult to understand. The world, the politics, the characters, and the lore can feel overwhelming at first. However, if you are willing to be patient and persevere, everything slowly starts to make sense. Once you truly understand the world and the environment you are playing in, the experience becomes incredibly rewarding.

As for the gameplay, I really enjoyed the combat system. It reminds me somewhat of games like Dark Souls or Elden Ring, although it is obviously much more accessible and less punishing. The combat remains engaging throughout the entire adventure and allows players to approach encounters in different ways.

One of the things that impressed me the most is the amount of customization available. The Witcher 3 is one of the rare modern games that still offers such a wide variety of weapons, armor sets, character builds, skills, and statistics. Everything feels deep and meaningful. The progression system is incredibly complete and gives players a lot of freedom in how they want to develop Geralt.

I also loved the collection aspect of the game. Being able to improve your horse, collect trophies from defeated monsters, and search for rare equipment constantly gives you new objectives to pursue. There is always something to discover, upgrade, or collect.

Another reason why The Witcher 3 is so exceptional is the impact of player choice. Very few games manage to make dialogue choices feel as important as they do here. Your decisions can significantly affect the story, the relationships between characters, and even the ending itself. This is one of the main reasons why I became so attached to the game. Every choice feels meaningful, and you genuinely feel responsible for the consequences.

The world map is also massive and incredibly detailed. You can simply wander around without following the main story and constantly stumble upon side quests, hidden locations, and unexpected adventures. What makes these side quests special is that they rarely feel like simple filler content. Most of them have interesting stories, memorable characters, and sometimes even reward you with rare and powerful loot.

The DLC expansions deserve special recognition as well. Hearts of Stone and Blood and Wine are not only outstanding expansions, but they could honestly be considered complete games on their own. They introduce new stories, new locations, memorable characters, and dozens of hours of additional content. Together, they can easily provide over fifty hours of gameplay, making them some of the best DLCs ever created.

Regarding the graphics, they are beginning to show their age slightly, but not by much. In my opinion, modern AAA games are not dramatically more impressive visually. The Witcher 3 still looks fantastic today, especially thanks to the next-generation update and the option to enable ray tracing. The environments remain beautiful, atmospheric, and immersive.

To conclude this review, I first discovered The Witcher 3 alongside my uncle when I was younger. Many years later, I decided to experience the game again on Steam. It is one of the very few games that came close to making me cry. The story deeply moved me and will always hold a special place in my heart.

I wholeheartedly recommend The Witcher 3 to anyone looking for a long, rich, and unforgettable adventure. It is a game where your choices truly matter, where every journey feels unique, and where you can become the Geralt you want to be.

Thank you, CD Projekt Red.

Thank you for this incredible story.

And thank you for giving me so many unforgettable memories.

Mat_13/06/26",True,1,0,7813,7813,True,2026-06-13
292030,The Witcher 3: Wild Hunt,"bought this game in 2019, played it for like 5 hours, neglected it for like 7 years before picking itu up again thanks to the witcher 4 reveal & the final DLC update announcement.

i have no regret playing this game too late, i dont need to wait for 11 years+ to enjoy the next upcoming content hehe.

anyway tho i havent finished the main story yet, i can say this game is such a piece of diamond.",True,1,0,4284,3267,True,2026-06-12
292030,The Witcher 3: Wild Hunt,Played this and beat it probably 4 times on xbox and playing it again on PC. 10 out of 10 this games story is fantastic. side quests are just as good. in my top 5 games of all time,True,1,0,2934,2922,True,2026-06-11
292030,The Witcher 3: Wild Hunt,"When I was a little kid I found this game called Morrowind, I was completely baffled. Ever since I have tried to get the same euphoric feeling. I went to Oblivion, then Skyrim, then I found the witcher 3, even if I havn't played the previous games I still think it was quite easy to jump into, story wise. Its beautiful environment and harmonious music makes this game one of my favorite games, even today. With the nextgen updated graphics makes this game feel like it's holding up to the standard. When you think it couldn't be better, the blood and wine DLC is the icing on the cake.",True,1,0,8108,8018,True,2026-06-11
292030,The Witcher 3: Wild Hunt,"What an incredible work of art. For a ten year old game, the immersion, story telling and game world still destroys so many modern games.",True,1,0,2596,1437,True,2026-06-06
292030,The Witcher 3: Wild Hunt,"GOAT. 
It may take you a while to get into the combat and physics of the game BUT when it clicks, it really clicks!
This game will not only have an expansion releasing 12 years after it's release, BUT even with that hype aside, the current expansions and the sale prices you can get it for is a no-brainer.",True,1,0,6159,4592,True,2026-06-04
292030,The Witcher 3: Wild Hunt,The best RPG ever made. Runs really good on my laptop with 1080p-120fps and 1440p-60-90fps with  AI upscaling.,True,1,0,376,127,True,2026-06-03
292030,The Witcher 3: Wild Hunt,"The Witcher 3: Wild Hunt is one of the greatest RPGs ever made. The world feels alive, every choice matters, and even the side quests are written better than most full games. Playing as Geralt never gets boring thanks to the amazing characters, dark fantasy atmosphere, and emotional storytelling.

The open world is massive and beautiful, filled with monsters, secrets, and unforgettable moments. The soundtrack is incredible, the DLCs are basically full games on their own, and the writing makes you care about even small characters you meet for only a few minutes.

Combat can feel a little clunky at times, especially compared to newer action RPGs, but the story and exploration easily make up for it. If you enjoy games with deep lore, meaningful choices, and hundreds of hours of content, this is a masterpiece you shouldn’t miss.

10/10 — A legendary RPG that sets the standard for open-world storytelling.",True,1,0,2586,2586,True,2026-05-29
292030,The Witcher 3: Wild Hunt,"[h1]That's Why He's The Goat[/h1]
I had already played The Witcher 3 years ago on console, but coming back now to fully complete it and go for the platinum was a completely different experience. After the next-gen update, the game still looks incredible for something that originally came out in 2015. The atmosphere, cities, forests, soundtrack, characters… everything still feels top tier even today. It’s one of those games where you start a random side quest and end up completely invested in it.

The world feels alive all the time, and that’s what makes the game so special to me. The characters are memorable, the writing is amazing, and even after so many years it still does things better than a lot of modern RPGs. (Geralt is that guy)

The DLCs are masterpieces too. Hearts of Stone is excellent, but Blood and Wine is honestly on another level. Easily one of the best expansions I’ve ever played. After finally taking the time to experience everything the game had to offer, I can easily say this is one of the GOATS, really excited for the newly announced DLC and also for The Witcher 4 with Ciri.",True,2,0,13049,13049,True,2026-05-28
292030,The Witcher 3: Wild Hunt,I play this game every few years without looking anything up just to try and relive some of the best gaming experiences of my life. I don't know that there will be a better game but I hope every developer tries to make one as good or better than Witcher 3: Wild Hunt,True,1,0,21400,21400,True,2026-05-28
292030,The Witcher 3: Wild Hunt,"Witcher 3 is pure immersion. The world pulls you in instantly, the story is incredible and full of memorable characters, and the combat, while simple, is fun and satisfying. It’s the kind of game you lose yourself in for hours without even noticing.",True,1,0,5845,5845,True,2026-05-27
292030,The Witcher 3: Wild Hunt,"Finally picked up this game after years sitting in my library (huge mistake). I’m currently midway through the main story and already finished the Hearts of Stone DLC.

The writing is amazing, and some quests genuinely make you question your moral choices. My only issue is the loot scaling once you’re past level 30. Other than that, this is easily one of the best RPGs I’ve played.

i will add more review after i finish second dlc",True,1,0,6534,6193,True,2026-05-27
292030,The Witcher 3: Wild Hunt,Such a rich story and pleasing game play.,True,1,0,2020,324,True,2026-05-24
292030,The Witcher 3: Wild Hunt,"This was the first of the 3 (soon 4) that I played. I will always have the memory of coming back from training 2+ hours of boxing and then spending the rest of the day on this back in 2019, having so much fun and progressing.
I'm yet to 100% it but that is def a future goal when I come back.",True,1,0,5237,5237,True,2026-05-23
292030,The Witcher 3: Wild Hunt,"As a book fan I knew this was going to be great, but I was wrong. It was absolutely INCREDIBLE!!!
I can't explain how much this game affected me. The story, the characters, the sceneries.. Simply astonishing.
It took me 6 year to finish the whole story including DLCs, but it was just because I did not want it to end (now it did and i don't know how to process that)
Maybe the combat was a little hard for me, anyway that's my fault as I played most of the game on ""Death March"" difficulty. At the same time I was too lazy to learn all about every aspect of the game. I was always a simple sword kinda gal, but it's really useful to learn all about alchemy, potions, bombs, signs, mutagens and really get into what kind of build you want IF you want to play at high difficulty. There's really not much I can say without spoilers. Only thing - i'm a big fan of Regis from books and it was a big pleasure to play Blood and Wine DLC with him in it.",True,1,0,19455,13067,True,2026-05-22
292030,The Witcher 3: Wild Hunt,"Winds howling. Your adopted daughter is missing and the world is ending.

Anyway, do you want to play a card game?

10/10. Roach is currently on the roof",True,1,0,3244,1629,True,2026-05-18
292030,The Witcher 3: Wild Hunt,"A phenomenal game with a grpping yet immersive story. The Witcher 3 will always remain one of my favourite and most memorable games I will ever play. Aside from the 10/10 gameplay, TW3 helped me navigate and persevere through a really difficult point in my life. 

What I appreciate the most about the game is how it, akin to the books, explores the complexities of the human psyche that is capable of great compassion and evil - both sides of the extreme and still everything in between. Yet the most poignant part is that such diversity of emotions and traits are not limited to certain steroetypes but are evidently hidden amongst all characters - from Geralt, the Bloody Baron, Olgierd, Detlaff/Syanna to emeperors, nobles down to peasants. The use of a world mirroring the political context of medieval Europe emphasises the toil everyone experiences, regardless of their socioeconomic background. 

Albiet being games from the same developer, I can't help but compare and contrast the Witcher 3 to Cyberpunk 2077 - both being my favourite games. Both of which serve as a pertinent commentary of humanity both in the past and what seems to be the looming future. 

Nonetheless, playing the Witcher 3 - from the combat to making morally-grey decisions on the spur of the moment - made me reflect a lot on the choices I've made in my life. In retrospect, we can never be too sure of the choices we make nor of the consequences they made have - on a single person or something much bigger. There is no right choice. 

“Mistakes,’ he said with effort, ‘are also important to me. I don’t cross them out of my life, or memory. And I never blame others for them.”

I understand not every game or genre is for everyone, but I do recommened giving TW3 and its DLCs a try. Corny I know, but it was life-changing for me.And hopefully it may make you feel something too :-)",True,3,1,12854,12854,True,2026-05-19
292030,The Witcher 3: Wild Hunt,"One of the greatest games ever made! I have to say for a game that is over 10 years old the graphics still look absolutely stunning. The visuals, music, sound design and overall atmosphere are incredible and still hold up today. The story is amazing, the gameplay is fun and the characters are some of the best written characters I’ve ever seen in a game. The world feels alive and is full of interesting places, quests and secrets to discover. You will never run out of things to do and instead of getting bored you’ll probably end up spending dozens or even hundreds of hours exploring every part of the game and enjoying every minute of it. The DLCs are also fantastic and add dozens of hours of great content.. definitely worth playing! I honestly think this game is a true gem. I love pretty much every aspect of it, from the world and story to the gameplay and soundtrack. It’s one of those rare games that I can always come back to and enjoy just as much as the first time.

9.8/10",True,1,0,9602,9602,True,2026-06-06
292030,The Witcher 3: Wild Hunt,"Truly I cannot explain the masterpiece that is ""Witcher 3: the Wild Hunt""... very near perfect game with very few flaws. This game is a excellent standalone game, but if you play the whole trilogy in order (""Witcher 1"" and ""Witcher 2: Assassins of Kings"") this game becomes an extraordinary epic conclusion to the Witcher trilogy.

After two playthroughs, both combined taking over three hundred hours... I can confidently say Witcher 3 is one of my favorite games and will remain one of my favorite games, along with the other two prequels to this game.

This game has many good characteristics I could describe, but something that always stands out to me is the graphics/environments. This game was released in 2015 and the graphics are better than a lot of present day games. Not to mention the environments and scenery, absolutely stunning... From the beautiful landscapes of Toussaint to the snow capped peaks of the Skellige Isles... this game is visually stunning.

Lastly, while the base ""Witcher 3: Wild Hunt"" is spectacular, when mentioning this game you have to talk about the amazing DLCs. ""Blood and Wine"" & ""Hearts of Stone"" are two paid DLCs that are one hundred percent worth purchasing and fantastic additions to Witcher 3. Even if that doesn't suit your fancy, there are a ton of free DLCs that you can add or remove to your game as you please.

All in all, easily a 10/10.",True,1,0,13698,11645,True,2026-05-28
292030,The Witcher 3: Wild Hunt,"Masterpiece. I don't think you can say anything about this game that hasn't already been said, so I will just say masterpiece. One of the best RPGs of all time, even in 2026. Truly amazing!",True,2,0,15385,15385,True,2026-05-25
292030,The Witcher 3: Wild Hunt,"Game is very pretty.

Everything to do with the gameplay is just bad. The combat is terrible. LotR Shadows of mordor came out in 2014 and showed how it is done. The tracking quests got old very quickly. The crafting system is mostly an annoyance. I also didn't care about any of the characters. The dialouge is decent although it has way too much sarcasm and not nearly enough meaningful options.",False,9,2,4728,4728,True,2026-05-23
292030,The Witcher 3: Wild Hunt,"Reviewing years later.  I'll update this review if I manage to fix the save data bug and complete the game. I enjoyed reading most of the Witcher books and playing the previous games, even if some of the differences between the two mediums were jarring at first. Heading into Witcher 3, I was hyped to see how my carried-over choices from the last games affected this new one. Unfortunately, none of my years of progress from past games carried over due to a bug in Witcher 3. Last I checked in 2020, it was unfixable. I'm hoping it was patched by now in 2026 and will update this review if so.",False,4,0,3028,2988,True,2026-05-27
292030,The Witcher 3: Wild Hunt,"""A Masterpiece that Commands Every Second of Your Precious Time""

As a full-time worker, my gaming time is incredibly limited, and finding the energy to sink into a massive RPG is rare. Yet, here I am with 126 hours clocked into The Witcher 3, and every single minute was completely worth it.

This game beautifully traps you in its dark fantasy world. The environment is breathtakingly gorgeous, backed by stunning graphics and an atmosphere that feels genuinely alive. The characters you meet are incredibly diverse, deeply layered, and memorable.

What truly sets this masterpiece apart is that even the side quests have phenomenal depth. They never feel like mindless filler or fetch quests; they are rich, impactful stories that feel deeply woven into the fabric of the main narrative. If you are a busy professional looking for the ultimate, rewarding escape after a long day, this is the gold standard.",True,1,0,7560,7560,True,2026-06-10
292030,The Witcher 3: Wild Hunt,"an absolutely beautiful game

for being 11 years old at the time of writing it holds up amazingly in all aspects. i may be biased (having grown up watching relatives play the game) but the story still manages to surprise and delight me at every turn. choices feel like they matter and you really get the classic cd projekt red morally grey feeling in a lot of choices.

it still is an old game, sure, the gameplay loop can get repetitive, sure, the graphics may not hold up to, say, cyberpunk or rdr2, but it is a beautiful game in its own right.

i recommend spending the bucks when it goes on sale to play through it in its entirety, especially with both the upcoming dlc and game, it will either leave you crying or too stunned to speak (well it did for me at least)

also gwent exists

10/10 gwent has got me in a chokehold",True,0,0,4343,4343,True,2026-06-16
292030,The Witcher 3: Wild Hunt,"- 안하면 바보
- 본편 했는데 Blood and Wine을 안했다? 더 바보",True,0,0,6247,6247,True,2026-06-16
292030,The Witcher 3: Wild Hunt,"started playing the game in 2020, didnt understand. Then one year later got really addicted, started playing gwent, undertsanding the story, fell in love with the characters, and tus this became my favorite game ever. 
11/10 recommend for everyone.
ps: blood and wine and hearts of stone are  incredible",True,0,0,38162,38010,True,2026-06-16
292030,The Witcher 3: Wild Hunt,"The Witcher 3: Wild Hunt is one of the best open-world RPGs ever made in my opinion. Its storytelling, memorable characters, and meaningful player choices make every quest feel important and cool. The vast world is beautifully designed, countless hours of exploration, combat, and side quests .",True,0,0,3856,3856,True,2026-06-16
292030,The Witcher 3: Wild Hunt,How the hell they fit so much content into one game??? I legit feel like I could play this every day for a year and never run out of things to do,True,1,0,4550,4546,True,2026-06-16
292030,The Witcher 3: Wild Hunt,i love this game. but ive been playing for the last couple days. and it crashes at least 4 times a day...,True,0,0,2002,1767,True,2026-06-16
292030,The Witcher 3: Wild Hunt,Lots of fun and great exploration! This game will keep you entertained and you'll want to turn over every stone you see!,True,0,0,12008,11629,True,2026-06-16
292030,The Witcher 3: Wild Hunt,"took me 10 years and 4 tries but I finally got into it and ♥♥♥♥♥♥♥♥♥♥♥'s good. starts agonisingly slow but once you get going it's amazing and it's actual agony that Witcher 4 is so far away. 

Geralt is the best",True,0,0,5459,5437,True,2026-06-16
292030,The Witcher 3: Wild Hunt,"11/10 GAME. Played this game on my old account for 9 years and finish it about 2-3 times per year. It NEVER gets boring and never will. Words are superfluous here. Whoever is in doubt, I assure him that he will not make a mistake if he immerses himself in the story and informs himself about the Witcher world in his free time (if he has not played the first and second sequels or reading the books). Simply AMAZING game.
Keep up the good work CDPR!",True,0,0,5625,5625,True,2026-06-15
292030,The Witcher 3: Wild Hunt,"""People like to invent monsters and monstrosities. Then they seem less monstrous themselves. When they get blind-drunk, cheat, steal, beat their wives, starve an old woman,when they kill a trapped fox with an axe or riddle the last existing unicorn with arrows, they like to think that the Bane entering cottages at daybreak is more monstrous than they are. They feel better then. They find it easier to live.""",True,0,0,8029,8029,True,2026-06-15
292030,The Witcher 3: Wild Hunt,"Best RPG ever. I've never played a single player game through so many times and still gotten so much satisfaction from the story, characters, world exploration, and Gwent of course.",True,0,0,14456,14394,True,2026-06-15
292030,The Witcher 3: Wild Hunt,Favorite game of all time. Some of the best storytelling in any game ever. Highly recommend.,True,0,0,1300,721,True,2026-06-15
292030,The Witcher 3: Wild Hunt,Its a very beautiful game even when i played on my potato pc. Best story game out there along with Last of Us 1,True,0,0,7969,7923,True,2026-06-15
292030,The Witcher 3: Wild Hunt,"One of the best story games I've played, so many side quests too even though sometimes felt overwhelming but still great experience, DLCs were peak too.",True,0,0,5579,5579,True,2026-06-15
292030,The Witcher 3: Wild Hunt,"There's no question. No debate. If you like open-world fantasy RPGs, this is the game for you.",True,0,0,5984,5864,True,2026-06-15
292030,The Witcher 3: Wild Hunt,"Game is Beautiful, Great Story, Side Quest is like main story, Really Good on low spec gaming, neeeds mods to enjoy combat, cuz the combat is pretty repetitive, but the lore and world is intresting give it 9/10",True,0,0,1455,1138,True,2026-06-15
292030,The Witcher 3: Wild Hunt,"Long time fan, can't wait for the newest dlc release :D

Started a new game on the Death's March difficulty for the first time and only just because, nothing else lel",True,0,0,7159,6114,True,2026-06-15
292030,The Witcher 3: Wild Hunt,"Just a joy to experience all the way through. A believable world, thoughtfully crafted. Fun, engaging, rich in story and detail. My favorite RPG, I think.",True,0,0,8870,8506,True,2026-06-15
292030,The Witcher 3: Wild Hunt,"After spending more than 100 hours in The Witcher 3: Wild Hunt, I can confidently say this is one of the greatest games ever made.

From the moment you step into the world as Geralt of Rivia, you're immersed in a living, breathing world filled with unforgettable characters, meaningful choices, and stories that are often better than entire games. What amazed me most is how even the smallest side quests felt handcrafted and emotionally engaging. There were countless moments where a simple contract or random encounter turned into a memorable adventure.

The world is absolutely stunning. Whether you're wandering through the war-torn fields of Velen, exploring the bustling streets of Novigrad, or sailing across the beautiful islands of Skellige, every location feels unique and packed with detail. Even after 100+ hours, I was still discovering new places, secrets, and quests.

The writing is phenomenal. Geralt, Yennefer, Triss, Ciri, and the Bloody Baron are some of the most well-written characters I've encountered in gaming. The choices you make actually matter, and many of them don't have a clear ""right"" answer, making the experience feel incredibly personal.

The soundtrack deserves special praise as well. The music perfectly captures the atmosphere of every region and has become one of my favorite game soundtracks of all time.

And then there are the expansions. Hearts of Stone and Blood and Wine are not just DLCs—they're masterpieces in their own right and offer more quality content than many full-priced games.

Even years after release, The Witcher 3 remains the benchmark for open-world RPGs. Few games have managed to match its storytelling, world-building, and attention to detail.

100+ hours later, I still wasn't ready to leave this world.

Highly recommended to anyone who loves RPGs, great storytelling, or simply wants to experience one of the finest games ever created.",True,0,0,6530,6530,True,2026-06-15
292030,The Witcher 3: Wild Hunt,"Beating this game took me a ton of time. All DLC almost every quest, side mission, contract (I missed several) I have 220 hours in the game and I have several more main quests in blood and wine I will update with the total hours. 
But for this game to be coming out with a new DLC is unheard of for an 11 year old game. If you have not I suggest playing this, Also an amazing game for the steam deck. Edit: 225 hours,",True,0,0,13575,13575,True,2026-06-15
292030,The Witcher 3: Wild Hunt,"It's what some would call ""The GOAT.""  It's my favorite open world RPG and I've bought and played it multiple times on different systems.  It goes on sale regularly with the DLCs included which makes it one of the best bargains out there.  If you haven't already, do yourself a favor and buy it.  It's truly a fantastic game and has held up great over time, gameplay, graphics, story, and all.",True,0,0,7401,7401,True,2026-06-15
292030,The Witcher 3: Wild Hunt,"Great game, I just don't understand why monsters keep attacking me in this card game.",True,0,1,6149,6149,True,2026-06-14
292030,The Witcher 3: Wild Hunt,"Somehow I did not play witcher back in the days, so I got zero nostalgia. Had tons of fun, amazing story. Very well-written and well made characters. I understand now the Overwhelmingly Positive reviews and 100% agree. Cannot wait for the DLC now. I know there were some high-res patches, so the game looks astonishing. This is definitely something I will come back in a years to replay.",True,0,0,8190,8190,True,2026-06-14
292030,The Witcher 3: Wild Hunt,"Took me since 2018 to beat this game, first on ps4, then on PC. Terrible mistake to not beat it until now. One of the best open world RPGs ever made. Yes you can feel the age sometimes, but it's insane how good this game is.",True,0,0,5063,5063,True,2026-06-14
292030,The Witcher 3: Wild Hunt,"When you have people discussing Triss or Yennefer with vengeance 10 years after launch, you know you have made a quality product. In the hall of fame for one of the best games ever for me, 10/10",True,0,0,1833,167,True,2026-06-14
292030,The Witcher 3: Wild Hunt,"This game has some issues after 11 years, but it's so worth the hiccups for the adventure and story!",True,0,0,802,641,True,2026-06-14
292030,The Witcher 3: Wild Hunt,"I don’t usually leave reviews, but this game deserves one because it is honestly a masterpiece. One of the absolute best gems I’ve ever played. I didn't even play the previous games, but I didn't feel lost at all—just focus on the story and read the in-game books and you're good. I highly recommend it to new players like me who didn't play the previous parts, you'll still enjoy it just as much as anyone else.

For a 2015 game, it’s literally way ahead of its time. Graphics are insane and it's well-optimized—played at 3.2K normal settings and hit 90 FPS, even though my GPU isn't even that good. The dialogues are marvelous—you think you're just playing your way, then hours later you realize one single dialogue choice ruined your story. This happens constantly in the main game and DLCs.

The only real issue that frustrated me a bit is Roach’s momentum and movement, which completely sucks. You call him and he runs away in the opposite direction instead of coming to you, or it lags when mounting so you have to get on and off dozens of times. Super annoying for an explorer. Also, idk if it's just me, but after 100h, the game crashed like 20 times over the next 50 hours before randomly stopping.

Both DLCs are the best I've ever played. Basically entirely new stories that connect to background characters, and by the end of Toussaint, you see how your earlier choices led to some really interesting outcomes!

Easily top 5 story games ever. Let’s hope Witcher 4 lives up to the hype and is just as good. CD Projekt Red just needs to fix Roach movement because the rest of the game is practically perfect.

9.5/10 :)",True,0,0,9380,9380,True,2026-06-14
292030,The Witcher 3: Wild Hunt,no other words other than best game ever. story that stick with you even after years of years..,True,0,0,16588,16128,True,2026-06-14
292030,The Witcher 3: Wild Hunt,One of the best Open world titles I've ever played. one problem is that even after the graphics overhaul the texture quality is underwhelming.,True,0,0,3020,2471,True,2026-06-14
292030,The Witcher 3: Wild Hunt,"lovely game only thing i hated in this game is the quests that requires you to go in a cave, its soo annoying to find way because the trash mini map doesnt work inside caves. 2nd the lord of undovik(ig...) quest, god knows what the game wants you to do. I spent 2 hrs in it, still was stuck and after a youtube video i was able to do it. Its a main quest thats why i did it else i would have skipped it.",True,0,0,3986,3986,True,2026-06-14
292030,The Witcher 3: Wild Hunt,"Amazing storyline, its a 10+ year old game and I would certainly recommend it to anyone who enjoys watching films or shows. So many unanticipated scenes and endings that make you feel various emotions, might not hook people from the very start, but the further you progress - the better it will get. 10/10",True,0,0,2941,2941,True,2026-06-14
292030,The Witcher 3: Wild Hunt,Ill never forget the emptiness i felt when i finished this game. It felt like i had no purpose anymore,True,0,0,1190,1073,True,2026-06-14
292030,The Witcher 3: Wild Hunt,"the scenes 8/10
combat 8/10
story 10/10
characters 10/10
roach 100/10
an amazing game with a beautiful and dangerous setting",True,0,0,3390,2741,True,2026-06-13
292030,The Witcher 3: Wild Hunt,"       Few games manage to achieve the level of quality, immersion, and craftsmanship found in The Witcher 3. From the very beginning, the game demonstrates an extraordinary level of attention to detail. The world feels alive, authentic, and carefully constructed, with every region offering its own atmosphere, culture, and stories. Whether exploring bustling cities, war-torn villages, dense forests, or remote islands, players are constantly rewarded with meaningful discoveries and memorable encounters.
      The narrative is undoubtedly one of the game's greatest strengths. The main story is thoughtfully written, emotionally engaging, and filled with compelling characters whose motivations and development feel believable throughout the adventure. What truly sets the game apart, however, is the quality of its side content. Unlike many open-world titles where optional missions feel repetitive or insignificant, side quests here are often as captivating as the main storyline itself. Each quest is carefully crafted, frequently presenting players with difficult choices and consequences that add depth to the overall experience.
      The gameplay is equally impressive. Combat encounters strike an excellent balance between accessibility and challenge, while the variety of enemies, abilities, and character builds ensures that the experience remains fresh throughout the journey. Some quests and battles are relatively straightforward, allowing players to enjoy the narrative and exploration, while others provide a more demanding challenge that rewards preparation and skill. This variation contributes significantly to the game's exceptional pacing and long-term engagement.
     One of the most remarkable aspects of this game is its ability to captivate the player for extended periods of time. It is the kind of game that constantly encourages ""just one more quest,"" making it incredibly easy to lose track of time while exploring its vast world. Every completed objective naturally leads to another intriguing mystery, contract, or storyline, creating an experience that is both immersive and highly addictive in the best possible sense.
     The technical and artistic execution further elevates the experience. The visual design remains impressive even by modern standards, while the soundtrack perfectly complements the atmosphere of each location and story moment. Together, these elements create a world that feels both believable and unforgettable.
     In conclusion, The Witcher 3 is a remarkable achievement in game design and storytelling. Its exceptional narrative, engaging quests, rewarding gameplay, and extraordinary attention to detail combine to create an experience that few games can match. Based on my experience so far, it has been nothing short of fantastic. I can confidently recommend it to anyone looking for a truly high-quality role-playing game and one of the most memorable adventures the gaming industry has ever produced.
",True,0,0,975,975,True,2026-06-13
292030,The Witcher 3: Wild Hunt,"Beautiful game, story, and characters. I never played until now in 2026 and I am hooked and finally got to blood and wine. The quality of this game is what makes it so good. I love it",True,0,0,9359,9110,True,2026-06-13
292030,The Witcher 3: Wild Hunt,Highly engaging narrative with a range of gameplay styles and choices.,True,0,0,2096,1763,True,2026-06-13
292030,The Witcher 3: Wild Hunt,"Excellent story, awful controls, terrible UI, and numerous bugs that still exist over 10 years later. The game can and will hard crash your PC. The combat is meh as far as action rpgs go. The lock on system is truly awful.

Don't play on DX12. Set the fallback launcher to DirectX 11 in the ""launcher-configuration.json"" and then put ""--launcher-skip"" in the launch options.

Only play this game if you want nice graphics, good music, great world buildbuilding, and an excellent story. Everything else is middling to terrible. Note that most of the good things about this game had nothing to do with CDPR but with the author of the novels.",True,0,0,2852,1010,True,2026-06-13
292030,The Witcher 3: Wild Hunt,amazing game and awesome story! please play this game if you haven't. I'm playing for the first time n it's been out for over 10 years. This game is great!,True,0,0,2937,2805,True,2026-06-13
292030,The Witcher 3: Wild Hunt,"Fantastic game! 

Although it has RPG elements, I wouldn't consider it an actual RPG, but it did indirectly get me into the genre. 

The story is very good and engaging, the side quests seem endless in the beginning, more so when you reach Skellige. Definitely worth the price.

Although optional, I do recommend playing the DLC's. Heart Of Stone has a really good story, and it's definitely worth playing. Blood And Wine completely revives the game by adding Toussaint, by far the only map that rival Skellige in terms of beauty. (Buying the expansion pass is the cheapest option)

Can't wait for Songs Of The Past!",True,0,0,7430,7430,True,2026-06-13
292030,The Witcher 3: Wild Hunt,"This is one of my favorite games of all time. My wife surprised me with it when it first released on Xbox. Instantly fell in love. Are there games with better combat? Yes! But its combat system with swords mixed with potions and magic also make it unique. 

The world is amazing. Im still finding things Ive never noticed before after all these years. You will feel a real connection with all the characters and people you meet along the way, even some monsters. The side quests are just as good, if not better than the main quests. The world offers tons of things to do and explore. I highly recommend the Witcher 3!",True,0,0,1227,1207,True,2026-06-13
292030,The Witcher 3: Wild Hunt,"I am late to playing this but must i say this a MASTERPIECE of a game. The Gameplay is amazing but it takes time to get used to this type of play, it has variety of styles and each gives different experiences. And THE STORY i must say is one of the best that i have played ,it makes you think deeply and gives an amazing experience , every choice leads to something so you must play it attentively which i quite love about it. The world is also very interesting different zones,states,etc each gives amazing and different feelings, The NPCs , Monsters, etc behaves quite uniquely compares to other open world games , they sometimes randomly do or say something that is interesting (how they are designed) which in turn makes the world building more interesting. And also at first i hated how roach behaved but later on she grew on me and always cracked me  up where she ends up whenever she is called.
The QUESTS of this game is also beautifully written i have never had this much fun doing side quests or treasure hunts in any other game.
THE DLCs or EXPANSION was cherry on top, it enchanced the experience to another level. 
THE GRAPHICS of this game after all these years is just OTHER-WORLDLY it used to make me look at scenaries for minutes how BEAUTIFULLY they are designed.
The Only Problem i had was that sometimes game would crash if i try to access inventory,etc quickly  which Rarely happened so didn't affect that much but still.(it happened very rarely that i can count on my hand)
.... 
ALL IN ALL I LOVED THIS I HAVE NEVER BEEN THIS INVESTED IN A GAME OR STORY, THIS GAME IS 10/10 FOR ME .",True,0,0,10147,10147,True,2026-06-12
292030,The Witcher 3: Wild Hunt,"**Recommended**

Some games entertain you. Some games impress you. Very few games make you forget you're sitting in front of a screen.

The Witcher 3 is one of those rare games.

What surprised me most isn't the size of the world or the graphics—it's how believable everything feels. Villages have their own stories, random encounters feel meaningful, and even the smallest side activities often have more care put into them than entire questlines in other games.

The game doesn't treat the player like a hero at the center of the universe. Instead, it drops you into a world that already exists and lets you find your place in it. The result is a setting that feels alive rather than built around a checklist of objectives.

Combat, exploration, music, atmosphere, characters, dialogue—everything works together to create an adventure that is incredibly easy to get lost in. Hours disappear without you noticing because every road leads to something interesting, whether it's a mystery, a difficult choice, or simply a beautiful landscape worth stopping to admire.

It's rare for a game to feel this handcrafted. Even years after release, it's easy to understand why so many people still consider it one of the greatest RPGs ever made.

I haven't finished my journey yet, but if the experience so far is any indication, this is the kind of game people remember long after the credits roll.
",True,0,0,644,613,True,2026-06-12
292030,The Witcher 3: Wild Hunt,"Good story, improved gameplay from witcher one and two.",True,0,0,26269,26194,True,2026-06-12
292030,The Witcher 3: Wild Hunt,"Great Game, even in 2026 this feels good. Main quest is good but what I liked the most are the side quests, treasure hunt quests in which we look for armors sets.
DLC are amazing too.",True,0,0,6662,6662,True,2026-06-12
292030,The Witcher 3: Wild Hunt,"The game is awesome, but the base game was way better than the DLCs. Though, adding a new map with one of the DLCs was great because I absolutely love maps",True,0,0,11931,11931,True,2026-06-12
292030,The Witcher 3: Wild Hunt,such a nice game if you can just endure the  starting by around 10 hours in you will get completely used to the mechanics and its so worth it both the dlc (hearts of stone and blood and wine) are so good and especially now when witcher 4 and songs of the past is announced just play this game although  the starting is a little rough but its  worth it,True,0,0,3174,2666,True,2026-06-12
292030,The Witcher 3: Wild Hunt,an absolut must play if you love fast paces combat and story telling. Gerald and Ciri are great protagonists with great depth and lore,True,0,0,12274,12134,True,2026-06-12
292030,The Witcher 3: Wild Hunt,Amazing game! A bit outdated mechanics for 2026 standards but still amazing!,True,0,0,561,253,True,2026-06-12
292030,The Witcher 3: Wild Hunt,"Easily one of my favorite games of all time. Played it back on PS4 when it first released, beat it then and doing my fourth playthrough (first on PC). The fact we're getting an another expansion is amazing as well.",True,0,0,867,867,True,2026-06-12
292030,The Witcher 3: Wild Hunt,"Uno de los mejores juegos, me volvi adicto, buena historia y narrativa, a pesar de ser un juego viejo se ve muy bien, una obra maestra",True,0,0,3313,3313,True,2026-06-12
292030,The Witcher 3: Wild Hunt,"[h1] Classic Gem [/h1]
I was a teen when i first played this and don't remember much, started modding this gem and it's so peak. 
[h2] Test Bench for Old Games [/h2]
[b] great for testing if your PC can handle older games. If your pc can run this game it should run just about any old game [/b]",True,0,0,10909,9226,True,2026-06-12
292030,The Witcher 3: Wild Hunt,"Got over 250 hours in this game on Xbox, completed both Hearts of Stone and Blood and Wine, and I can definitely say one thing: this is one of the best games I have ever played. I recommend playing on Death March! only for a better experience.",True,0,0,1281,767,True,2026-06-12
292030,The Witcher 3: Wild Hunt,"One of the most incredible stories I've ever enjoyed. I came for the monster hunting and stayed for the characters, world, and writing. Even side quests felt meaningful, and there were multiple moments that genuinely stuck with me long after I finished the game. Easily one of the best RPGs I've ever played.",True,0,0,20149,20149,True,2026-06-12
292030,The Witcher 3: Wild Hunt,After years of seeing people glaze this game I went to try it out for fun. I cant stop playing the game now...,True,0,0,2980,2703,True,2026-06-12
292030,The Witcher 3: Wild Hunt,"This is my favorite game.

It should be noted I have ~250 hours on the GoG version. I should also say this game isn't perfect, there are a handful of bugs, general jank and re-used voice actors among different NPCs as well as re-used NPC models.

However, if you can get past these flaws, this is one of the greatest experiences you can have in gaming. The gameplay, while simple, is incredibly fun and remains engaging until the end. The quest design is something I've yet to see replicated besides maybe in Kingdom Come: Deliverance. While quests always end in mostly three ways; talk to so-and-so, kill so-and-so, or find so-and-so, Witcher 3 often incorporates unraveling mysteries within every quest, which keeps every quest feeling fresh. Above all, the writing is absolutely amazing, paired with stellar voice acting. I was hesitant to pick this game back up again many years later prior to finishing it back in ~2016, but I was pleasantly surprised that it still holds up extremely well, it truly is the greatest of all time. 

Some may not agree this is the greatest game of all time, but for me it is, for one simple reason; Witcher 3 helped me get through one of the hardest times in my life when I played it originally in 2015-2016. Even if it was for a brief moment, the game helped me escape reality, which is why I will always praise and hold it on a pedestal. It really hurt to finish this game just like the first time I played it. I almost regret picking it, because once you complete it, there is a void left that not many other games can fill.",True,0,0,8943,8943,True,2026-06-11
292030,The Witcher 3: Wild Hunt,"after beating cyberpunk, this game feels a little underwhelming at first, but damn it gets better",True,0,0,4451,4298,True,2026-06-11
292030,The Witcher 3: Wild Hunt,"Best ambience, story, gameplay, wont get tired of it even if you play multiple times",True,0,0,21998,21307,True,2026-06-10
292030,The Witcher 3: Wild Hunt,"Words would never suffice how good this game is, could still be the GOAT 20 years after its release.
",True,0,0,23109,23040,True,2026-06-10
292030,The Witcher 3: Wild Hunt,"One of the best games I have ever played. The storytelling, the atmosphere, world building, and quest design is outstanding. Combat is a little clunky but in the grand scheme of things it is negligible. Absolute banger!!",True,0,0,8820,8820,True,2026-06-10
292030,The Witcher 3: Wild Hunt,"I am usually too lazy to write reviews, even when I enjoy the game immensely....
After I played Witcher 2 and 3 I read all the books and got a tattoo inspired from Wither. Have fun playing! :)",True,0,0,5679,5347,True,2026-06-10
292030,The Witcher 3: Wild Hunt,"Gameplay is honestly really boring. Just spam fast attacks and roll around. Half the time enemies are coming from behind you so you can't see them attack you. So my advice is that you just roll whenever you're not swinging your sword. 

The story and world is good and generally feel alive with your choices altering the fates of even minor character which is really nice and makes the world feel very alive. Minor quests are very interesting with pretty unique stories and writing.

Traveling around the world is terrible the map both feels empty and cluttered at the same time. On one hand theres a bunch of generic enemy encounters everywhere that don't really provide interesting rewards just a terrible boring combat experience. On the other hand the interesting locations on the map where the story is progressed are far apart.

Overall its an intresting story and world bogged down by the terrible combat and core gameplay loop. If you can stomach the gameplay I think its worthwhile to at least buy it on discount and play. Otherwise, just watch a lets play on youtube.",False,0,2,2079,603,True,2026-06-10
292030,The Witcher 3: Wild Hunt,"great story, great graphics and great gameplay. i only have a problem with the key binds, otherwise great game",True,0,0,268,258,True,2026-06-10
292030,The Witcher 3: Wild Hunt,"good combat mechanics, good character and story building",True,0,0,191,180,True,2026-06-10
292030,The Witcher 3: Wild Hunt,"Just when I thought I was out, they pull me back in!


This is the kind of journey that inspires worlds, art, music, other games, other worlds. The amount of work that went into each aspect is something remarkable, the world is beautiful, characters well crafted, the story lines are bound to leave a mark, the mechanics standard setting for the time period. When you take all the pieces together, I don't know of another game that has accomplished all that this game has, at least to the level of quality on display here. Truly, this was the ""next gen"" and may just live forever on my top 10 list. But like many of the greatest games ever made, somehow what stuck with me the most to this day is the music and sound design team. They truly went above and beyond to create something not just memorable, but actually evocative, haunting and uplifting at times even- right up there with the other greats of the genre like Oblivion and Dark Souls (although it could be argued in terms of both fictional and irl anthropological scope that the Witcher 3 might actually surpass both of those games regarding the depth of effort put into its music and sound design, if such a thing could be truly quantified...).

I loved the Witcher 1 & 2, and I think that the more linear direction of the second game might have actually been superior for servicing the story compared to the fully open world of this game. However, the trade off allows for some seriously cool moments, plenty of added player freedom, traversal on foot, horse, and boat, and it makes the world feel much more alive. Plus we get some really cool systems featured like the weather patterns, and of course, Geralt's beard physics. This title was also one of the last games I can recall pre-purchasing without regret (read: yes there were some terrible and hilarious bugs on launch and the game def improved over time but it was a barrel of fun even back then watching Roach twerk through collision with a boat).

After my last ng+ deathmarch play through I was pretty ready to be done forever with the game having completed everything save for the odd rare achievement. But now CD Projekt Red has announced new DLC will come out next year... (I wonder if other companies will realize there are other games, older, great games on functional engines, just waiting for a dev to get the go ahead to add new quests.)

""Great, another portal...""

[steam was offline for half of my play time, save file is approx. double the 360 hours listed here at time of review]",True,0,0,22019,22019,True,2026-06-10
292030,The Witcher 3: Wild Hunt,"I played this game upon release in 2015 on console. It became my all-time #1 game.
Over a decade later, in the big 2026, I've returned to this game on PC. It's still my all-time #1 game.

It's as close to a perfect game as you can get.
Worldbuilding, combat, characters, quests, and graphics - all outstanding.

I'd highly recommend playing this game on the Death March difficulty, as it gives you a truer Witcher experience in the game. Relying on potions, oils, bombs and researching the monsters you hunt gives the game much more depth.

Take your time, soak in the game. Complete treasure hunts, side quests and Witcher contracts along the way. Don't blitz the game.

I'd happily lose my memory to experience this game again for the first time.",True,0,0,5460,3754,True,2026-06-10
292030,The Witcher 3: Wild Hunt,"Don't skip the side quests, explore everything in the map and you'll have a meticulously handcrafted gaming experience",True,0,0,4448,4232,True,2026-06-10
292030,The Witcher 3: Wild Hunt,"This is the type of game that leaves a hollow space in your heart. I was awestruck when I landed on Skellige, the snow covered mountains, the wonderful music all of the game elements were made with extreme love, you can feel it. It more than monster k illing game. 10/10 would recommend everyone to play atleast once.",True,0,0,10170,10041,True,2026-06-10
292030,The Witcher 3: Wild Hunt,deserves an entire dissertation for its portrayal of parenthood. 10/10 writing,True,0,0,9110,9110,True,2026-06-10
292030,The Witcher 3: Wild Hunt,"As a person who don't have powerful enough pc but have a ps4 with about 150-170h into this game I can say that you won't regret buying it.
Pros:
-Story is really good but a littre rushed in act III
-Great sidequests,contracts and side activities
-Music is 11/10
-DLC's are great (Hearts of stone for story, blood and wine for another map and music that just is on another level)
-graphics still hold up to this day
-You don't really have to know previous games (bc game can emulate important choices of your choosing)
-Combat is a little challenging for begginers but can be easily understanable
-Gwent is the best side activity that will get you addicted
Cons:
-Roach can get stuck on literally anything
-Hunting for witcher gear can be boring but rewarding
-You can't drink infinite alcochol from one merchant of sort.

From me really strong 9/10",True,0,0,13,13,False,2026-06-10
292030,The Witcher 3: Wild Hunt,Updating the game to only work on gpus released after 2019 when the game came out in 2014 because Tim Sweeney gave them a bunch of money,False,0,0,10244,10244,True,2026-06-10
292030,The Witcher 3: Wild Hunt,"Replaying for a third time after years. It's still incredible and probably my favorite action RPG of all time. Top 10 game in general of all time. It is feeling and looking pretty dated now through no fault of its own, runs at about 100 fps maxed out without frame gen on my 5090/9800x3d rig. Just an all time classic.",True,0,0,20186,20161,True,2026-06-10
292030,The Witcher 3: Wild Hunt,"I won't waste time explaining how great the graphics are, how amazing the story is, how immersive the atmosphere is, how beautiful the music is, or how incredible the world is.
Just get  this game!
If you're a gamer and haven't played The Witcher 4, you're a moron.
If you're not a gamer and still haven't played it, you're also a moron.
Don't be a moron.
Play The Witcher 4",True,0,0,1562,1562,True,2026-06-10
292030,The Witcher 3: Wild Hunt,AMAZING GAME! MODS MODS MODS! you add mods this game is better than most modern release games,True,0,0,1802,1778,True,2026-06-09
292030,The Witcher 3: Wild Hunt,"A great game.  
I didn't finish the game.  It is pretty big.  I got lost because there is a lot to do.  Fighting was fun.
I liked the footprints to follow early in the game.
I think that led me to an early boss fight with something that could fly.  I'll play this game again.",True,0,0,206,206,True,2026-06-09
292030,The Witcher 3: Wild Hunt,"This is my first review on steam dispite the fact im on since 2017, canty say much other than that this is one of the best games i have played in my life, and ive only finished it in 2026 and that shows this game aged well, just a masterpiece.",True,0,0,9687,9313,True,2026-06-09
292030,The Witcher 3: Wild Hunt,"Classic game. Great story. Great mechanics. Getting slightly QoL dated in 2026 but meh, still stands up.",True,0,0,1740,216,True,2026-06-09
292030,The Witcher 3: Wild Hunt,"I came here to save my adopted daughter and stop the Wild Hunt.

Instead, I ignored the apocalypse, became a professional Gwent player, and robbed every peasant's house for broken rakes and random books.

10/10 would ruin the economy again.",True,0,0,12762,12762,True,2026-06-09
292030,The Witcher 3: Wild Hunt,"Always looking for games with amazing choices and good combat. Great Game!
",True,0,0,1709,805,True,2026-06-09
292030,The Witcher 3: Wild Hunt,"Witcher 3 and Cyberpunk 2077, easily my to five fav games!!! CDPR, pllease bring the neew gamesssssss",True,0,0,1266,1266,True,2026-06-09
292030,The Witcher 3: Wild Hunt,I've beaten this game a decade ago yet some quests are still on my mind after all this time. That's how good it is. It was way ahead of its time,True,0,0,4653,4653,True,2026-06-09
292030,The Witcher 3: Wild Hunt,"One of the best Fantasy RPG games I have ever played, and this is 10 years from the release. I only have 85 hours on the base game but could have easily spent a lot more. Everything holds up today and the next gen update makes the game look beautiful.",True,0,0,5182,5153,True,2026-06-08
292030,The Witcher 3: Wild Hunt,"this game is basically the best game in the world that has been ever made when it comes to side quests . Somw side quest stories  in this game are way way better than some entire gamer stories . and graphics are also not bad . the only problem is combat is a bit outdated cus ofc it released in 2015
",True,0,0,2089,711,True,2026-06-08
292030,The Witcher 3: Wild Hunt,"90%
+ Fantastic story
+ Great side missions
+ DLC is unskippable
+ Combat is enjoyable and challenging
+ Map is incredibly well made
+ Fantastic characters and voice acting
- 2nd act feels drawn out and forgettable
- Some DLC boss battles can be tedious",True,0,0,5106,5106,True,2026-06-08
292030,The Witcher 3: Wild Hunt,"The Witcher 3: Wild Hunt is one of the best open-world RPG games ever made. The story follows Geralt of Rivia, a monster hunter searching for his adopted daughter in a dark and dangerous world.

The game has an incredible story, deep characters, and meaningful choices that really affect the outcome. The world feels alive, with beautiful landscapes, cities, forests, and monsters everywhere.

Combat is fun and strategic, mixing sword fighting with magic signs and potions. Side quests are not boring at all — many of them feel like full stories on their own.

The graphics and music are amazing, creating a strong atmosphere. Even years after release, the game still feels modern and high quality.

Overall, The Witcher 3 is a masterpiece and a must-play game for anyone who enjoys RPGs and story-driven games.",True,0,1,2470,2435,True,2026-06-08
292030,The Witcher 3: Wild Hunt,"Review – The Witcher 3: Wild Hunt Complete Edition (Steam)

After many years, The Witcher 3 still feels like one of the best RPGs ever made. Few games manage to combine storytelling, world-building, memorable characters, and meaningful side quests at this level.

👍 What I Loved

Outstanding story and characters. Geralt, Ciri, Yennefer, Triss, and many others are written incredibly well.
Side quests often feel better than main stories in other RPGs.
Choices have real consequences, sometimes hours later.
The world is beautiful and full of interesting stories to discover.
Hearts of Stone and Blood and Wine are among the best expansions ever released.

👎 What Could Be Better

Combat is serviceable but not the game's strongest feature.
Movement can feel a bit awkward at times.
Some points of interest, especially in Skellige, can become repetitive.
The first few hours may feel overwhelming due to the number of systems and quests.

⚖️ Final Verdict
The Witcher 3 is the complete package: an incredible story, memorable characters, meaningful choices, and hundreds of hours of content. Even years after release, it remains the benchmark for story-driven open-world RPGs.

Recommended 👍

10/10 – A masterpiece that every RPG fan should experience at least once. 🐺⚔️

""Evil is evil. Lesser, greater, middling... makes little difference.""",True,0,0,7064,7064,True,2026-06-08
292030,The Witcher 3: Wild Hunt,"One of the best RPG ever made. the choices, story, music, graphics, mod support! this is a must play single player game",True,0,0,17219,16181,True,2026-06-08
292030,The Witcher 3: Wild Hunt,"10/10

Deserving of all the hype and acclaim. The best Western RPG ever made. Just get it now before the DLC and play on Death March difficulty for a extremely immersive Witcher-sim, were every bomb, potion, and oil can be the difference between life or death. The star of the show is the world and atmosphere. It is so relaxing and immersive to just ride around, listening to all the dialogue and admiring the still stunning graphics and god-tier soundtrack. The game really makes you feel like a badass monster hunter, drifting though towns and cities looking for work.

The story is great, with the voice acting and dialogue in particularly being industry best. Everyone, even random NPC villagers in ♥♥♥♥♥♥♥ nowhere, give great performances. The world is brutal and unforgiving, with many plots and quests having no real ""everybody wins"" option. People act logically and in their own interests and Geralt can choose how involved he becomes in the dilemmas of others. The side quests and contracts are also fantastic, with many RPG's know mimicking some of the elements from this game. The DLC's will be their own reviews, but both are great. With Blood and Wine being even better than the main story and featuring my personal favorite area/setting in any game.

The combat is more fun on the harder difficulties, but it does feel a little dated and can get repetitive. The abilities and loadout mechanics are also a little restrictive once you get to higher levels. But this is remedied by the DLCs, which introduce new abilities for Geralt. There are a lot of segments where you investigate bodies or locations for clues, and all of them are well-done and logical for a man who has superhuman senses and reflexes. The game doesn't really do a good job of explaining the crafting system, but craft the Witcher gear and keep the monster parts from the beasts you slay. 

Get this game. It's a masterpiece and one that might not be surpassed anytime soon. I've done 4 full runs + DLCs and I'm still fiending for more.",True,0,0,11318,11318,True,2026-06-08
292030,The Witcher 3: Wild Hunt,"Best game I've ever played in my life. The athmosphere is spot on. It's SO immersive. 
The soundtrack is next level, I feel like I'm actually in the game.  I bought it on my old account a while ago and I had to buy it again just to experience it again.",True,0,0,79,79,True,2026-06-08
292030,The Witcher 3: Wild Hunt,"Really impressed with the steam deck performance, even the cities run at 60 fps under the steam deck settings. Has been good to get into the game after a long time away. Really great, one of the best rpgs made IMO",True,0,0,1701,1131,True,2026-06-08
292030,The Witcher 3: Wild Hunt,"180 Hours.

Thats how long it took to finish the game, and both expansions.

I went out of my way to do every single witcher contract. Every Sidequest. Everything.

This game made me OBSESSED about the world I was playing in. And the simple act of just... being a Witcher was also shockingly fun. Because 7/10, you're being hired to fight and kill monsters, whether or not you kill them, how you find and fight them... all of that is left in your control.

The game does not feel like it is wasting your time. The pacing is amazing, the optional things are truly optional. The voice acting is superb, as is the facial expressions and mocap work. The villains are believable, the flaws in heroic characters are as well. You can play the horny witcher and bang every sorceress you find (Just dont try that with Triss and Yen specifically, it will horribly backfire)

And blood and wine, blood and wine is the MOST FUN ive had in an expansion. One that makes the ""happily ever after"" ending feel EARNED. and now just given.


And on top of all of that, the ♥♥♥♥♥♥♥ MODDING COMMUNITY man! You want to get back into this and shake things up, you can find mods for just about every ♥♥♥♥♥♥♥ part of the game. Including adding the systems from previous titles in the series.

This, is not a fast game. This is not a game youre going to finish in a week. Give this series the time, and it will take you on a magical ♥♥♥♥♥♥♥ journey.

Good luck on the Path.",True,0,0,13617,13617,False,2026-06-08
292030,The Witcher 3: Wild Hunt,"Bought it on PS4. Enjoyed the free next-gen update on PS5. Then bought it again on PC.

At this point, I'm convinced CD Projekt Red has cast Axii on me.

Still worth every penny. The Witcher 3 is a masterpiece, and no matter how many times I replay it, I always find myself getting lost in its world again. The storytelling, characters, world-building, and expansions set a standard that few RPGs have ever matched.

10/10. Toss a coin to CDPR.",True,0,0,3681,1563,True,2026-06-08
292030,The Witcher 3: Wild Hunt,Only issue with this game is being absolutely unable to live life outside of it once you are hooked... I played it so damn much with nearly 200 hours into it and still haven't finished the DLC's.... however the story mode naturally is infinitely better in my opinion but amazing game its hard to find anything remotely similar.,True,0,0,11389,11232,True,2026-06-07
292030,The Witcher 3: Wild Hunt,"You're a grumpy middle-aged dude with way too much game, traveling across the continent, slaying monsters, and unintentionally building a collection of ex-girlfriends. Recommended",True,0,0,5587,4176,True,2026-06-07
292030,The Witcher 3: Wild Hunt,"Brilliant, touching and at times brutal. Blows the other two Witcher games out of the water. Fantastic fantasy epic even if you've not read the books or played the previous games.",True,0,0,7965,7965,True,2026-06-07
292030,The Witcher 3: Wild Hunt,"Truly a work of art and a labour of love. I've been playing this masterpiece for over ten years now.
It defined me as a young man and continues to entertain me to this day. There is still always something to discover and enjoy. The DLCs are phenomenal and I'm overjoyed that they are still releasing new content for the game after so many years have passed, with the announcement of the ""songs of the past"" DLC.",True,0,0,10518,10292,True,2026-06-07
292030,The Witcher 3: Wild Hunt,"What a fantastic game!! even after 10+ years of release, i still come back to it. - Overall a masterpeice.",True,0,0,7974,7974,True,2026-06-07
292030,The Witcher 3: Wild Hunt,"One of the best RPG Game i ever played, best combat, best music, and this game so optimize it can runs great on low end PC",True,0,0,3523,3523,True,2026-06-07
292030,The Witcher 3: Wild Hunt,"Probably one of the best single player RPGs ever made. I've played the entire trilogy and I definitely recommend playing them in order.

Fun combat mechanics (perhaps a bit TOO easy even on hard difficulty) and a dumbed down alcoholism/alchemy system from 1 and 2 but it's still incredibly enjoyable.",True,0,0,8377,8377,True,2026-06-07
292030,The Witcher 3: Wild Hunt,"Witcher 3: Wild Hunt, is one of the best rpg open world in market. Even after this many years the game is still enjoyable",True,0,0,20505,19260,True,2026-06-07
292030,The Witcher 3: Wild Hunt,"The best game of all time, period. Still offering new expansion 10 years after launch is bonkers.",True,0,0,34780,34780,True,2026-06-07
292030,The Witcher 3: Wild Hunt,"Peak game, i suck a gwent though so it loses 1 point for that. 9/10 in terms of gameplay, modding capabilities honestly a 10/10, graphics are good, optimisation is also a 9/10 and the quests are good, only issue(s) i have are minor ones like using witcher senses slowing you down or movement being jank. overall a 9/10 game or a 10/10 if my device was good lol.",True,0,0,3251,2744,True,2026-06-07
292030,The Witcher 3: Wild Hunt,"My favorite open world story game so far. The setting, the characters, the world, the atmosphere, the soundtrack, etc. is just one of the best of its kind. What sets this game apart from other bangers like rdr2 for me is especially the setting and the world. The moment you enter Velen for the first time, the game just keeps going with fascinating and captivating the player. Every inch of this world is so enjoyable to explore and astonishing on its own and the story.... oh the story. The main quest is beautifully written and just never gets boring. it might be a bit complicated when you are not familiar with the world of the witcher and its previous parts but let me ensure you, you still can play this gem completely blind. It basically can be considered a stand-alone title. Besides the main story, even the completely optional side story are better then most main storyline in other games. The Questline of the Bloody Baron is up until today a dear memory of mine since its so complex and really shocked me. It left me there sitting like ""♥♥♥♥♥♥♥♥♥, was this the right decision?"" So yeah, if you havent played this Masterpiece and deserved GOTY yet, what are you wating for. They could even demand 60 and i would still gladly buy it. And by the way. the 2 dlcs are a MUST BUY. so get the GOTY edition and not the standard one. Especially Blood and Wine itself is as big as a whole new game and adds a totally unique new storyline as mysterious and captivating like the rest. GET THE GAME!!!!!!!!!!!!!!!!",True,0,0,8648,8648,True,2026-06-07
292030,The Witcher 3: Wild Hunt,"One of the best games I have ever played. I have never been more immersed in a story than when I was playing Witcher 3. The main story is great, but I would argue that the side quests and contracts are even better. There are memorable characters all over, and your choices through the story affect how they interact with you. This also includes the different creatures and monsters, all of which have interesting lore that often is inspired by real folklore. Besides the story and the world, the combat is also pretty fun, and it gives you several playstyles to choose from. This is just describing the main game, but the DLCs are EVEN BETTER! 

Buy it all and thank me later!",True,0,0,12409,12409,True,2026-06-07
292030,The Witcher 3: Wild Hunt,I liked the card game gwent inside the normal game. It gives it another dimension.,True,0,0,4017,838,True,2026-06-07
292030,The Witcher 3: Wild Hunt,"Well. My first ever singleplayer game (simulator games not included) to reach 50 hours. And yeah it was great. The game came out in 2015 so one feels its age, it is janky, you will get frustrated, the horse is even worse at time, and the combat is okay, not good, not bad just okay. But where the game ironically shines is the visuals and the environments, how a 11 year old game can look so good made me speechless. You have a massive map one that would take 100+ hours to fully explore, it stays fresh mostly, and ofcourse 2 expansion packs. I just finished the base game (51.2 hours it took me) , I'm jumping to Clair Obscur: Expedition 33 and Cyberpunk 2077 now, but best believe I WILL BE BACK TO COMPLETE THE EXPANSIONS. ONE THING WHERE THIS GAME DOES SHINE AND WHAT CARRIES IT ULTIMATELY IS THE STORY ITS SO DAMN GOOD. 36 Diff endings technically but with the main characters about 7. Anyways I digress, if you enjoy open world games with a very very good story, choices that matter, and a massive and beautiful world filled with content and are fine dealing with the jankiness any 11 year old game will suffer off, and the combat, which although not amazing I did like it, then be my guest. This game will not dissapoint!",True,0,0,3380,2843,True,2026-06-06
292030,The Witcher 3: Wild Hunt,"Nice story and gameplay, i strongly recommend",True,0,0,4129,4038,True,2026-06-06
292030,The Witcher 3: Wild Hunt,"This is not just my favorite RPG. This is probably my favorite game, period.

The world is ridiculous in the best way. You ride into some muddy village thinking you’ll clear one tiny question mark, and three hours later you’re dealing with a cursed family drama, a monster with better lore than most main villains, a morally impossible choice, and somehow a quick round of Gwent because apparently Geralt has time for cards while the world is falling apart.

That’s what makes it special. The side quests don’t feel like filler. They feel like short stories with real characters, ugly choices, and endings that don’t always let you feel clean. The world is beautiful, sad, funny, cruel, and alive. Velen, Novigrad, Skellige, Toussaint — every place has its own mood, music, problems, and people you remember.

Geralt is also one of the best main characters in games. Tired, dry, dangerous, secretly soft, and constantly dragged into everyone else’s terrible life decisions. The writing, music, atmosphere, monsters, DLCs, and little quiet moments all come together into something that still feels huge and personal at the same time.

I love this game. Not “yeah, it’s good” love. More like “I was supposed to do one quest and now it’s 3 AM and I’m emotionally attached to a horse, a bard, and a deck of cards” love. Absolute masterpiece.
",True,0,0,613,613,True,2026-06-06
292030,The Witcher 3: Wild Hunt,"Wow! I sat on this game too long. Everyone who recommended it that I thought was annoying about it was 1,000% correct. Huge Gwent fan ... who knew?",True,0,0,2013,1313,True,2026-06-06
292030,The Witcher 3: Wild Hunt,Played the game for almost 9 hrs currently. Legendary. Pretty sure I am still about 300 hrs to go based on the sheer size of the map and the quality of the quests. :🗺,True,0,0,517,517,True,2026-06-06
292030,The Witcher 3: Wild Hunt,"Got The Witcher 3 when it was only like 10 euros (including the Hearts of Stone and Blood and Wine expansion)

Honestly one of the best games I have played so far. Great story (with important decision making), graphics, music, playability, etc...

Haven't played in other difficulties other than Normal, but can say it gives the player a decent challenge without compromising the story.

Overall would recommend it to anyone. 

9/10",True,0,0,8200,7330,True,2026-06-05
292030,The Witcher 3: Wild Hunt,Masterpiece! blood and wine + heart of stone expansions made it 2x better,True,0,0,2176,1837,True,2026-06-05
292030,The Witcher 3: Wild Hunt,"absolutely love this game! this is actually the 3rd time buying it lol.. ps4,xbox, now pc! cant recommend this game enough to people! if your into fantasy rpg you'll love this game! i10/10 for me!",True,0,0,2491,1500,True,2026-06-05
292030,The Witcher 3: Wild Hunt,"Actually played 300+ hours on GoG before purchasing it again on Steam and starting over again. So many improvements since then. Janky in places, but it's a labor of love. Also, Yennefer having a golden heart and being misunderstood is so real.",True,0,0,567,290,True,2026-06-05
292030,The Witcher 3: Wild Hunt,"The Witcher 3: Wild Hunt Complete Edition is one of those rare games that completely pulls you into its world. What impressed me most is the depth of the storytelling. Even side quests often feel as meaningful and well-written as the main story, with choices that have real consequences and characters that stay memorable long after you've finished their quests.

The world feels alive and immersive, from the war-torn villages of Velen to the bustling streets of Novigrad and the breathtaking landscapes of Skellige. Every location has its own atmosphere, history, and stories waiting to be discovered.

The Complete Edition adds two incredible expansions that could easily pass as full games on their own. Combined with the outstanding writing, rich lore, and immersive world-building, this is one of the best RPG experiences I've ever played.

Highly recommended for anyone who enjoys deep stories, meaningful choices, and getting lost in a beautifully crafted fantasy world.",True,0,0,13637,10818,True,2026-06-05
292030,The Witcher 3: Wild Hunt,I own it on almost every platform and plan to finish it even here on PC one day. Its the game all games look up to.,True,0,0,304,304,True,2026-06-05
292030,The Witcher 3: Wild Hunt,"Rich game with incredible story, both Dlc's are worth it and im excited for the 3rd",True,0,0,2016,2016,True,2026-06-05
292030,The Witcher 3: Wild Hunt,"One of the best RPG's of all time. The controls are showing their age, especially horse riding. Graphics, side quests and storyline are top notch. The modding community also gives the game novelty and some quality of life changes. A must play for any fantasy RPG lover.",True,0,0,1874,1874,True,2026-06-04
292030,The Witcher 3: Wild Hunt,This game is 11 years old. I first played it on console for about 398 hours. Console didnt last. I bought it again on PC so I could play another few hours. This is by far the greatest game ever made. Now they have announced another EXPANSION! This game is the gift that keeps on giving.,True,0,0,29467,29107,True,2026-06-04
292030,The Witcher 3: Wild Hunt,"Still on my first playthrough but loving it so far. I was dragging my feet to start the game mainly because of the Alchemy and collecting beast pieces and/or flowers and so on. Turns out the alchemy in this game is much much better than constantly collecting ingredients. You craft it once and one bottle of alcohol (there are multiple types and so far I didn't even need to buy it, not even a bottle of it. Looting places gives you enough alcohol) is used to fill all the potions, bombs, decoctions to be refilled. It's the most beautiful potion crafting system I've ever seen in games.",True,0,0,4172,1950,True,2026-06-04
292030,The Witcher 3: Wild Hunt,"Stunning Graphics, and a deep world of lore",True,0,0,4592,1779,True,2026-06-04
292030,The Witcher 3: Wild Hunt,"The open world is amazing, the hearts of stone expansion has some of the best stories in gaming, the side quests have so much depth, and even when the combat can be boring, the game is still a marvel.",True,0,0,8438,8410,True,2026-06-04
292030,The Witcher 3: Wild Hunt,"A fascinating story, 10/10, with a captivating plot.
Even the it's dlc is much better than the base game. 
Eskel and Lambert deserve more in this game.
",True,0,0,6022,6022,True,2026-06-03
292030,The Witcher 3: Wild Hunt,"beautiful game, many fighting mechanics and massive world. Never get bored, this game is huge there's always a side quest to do.",True,0,0,941,925,True,2026-06-03
292030,The Witcher 3: Wild Hunt,"The Witcher 3 is a game that will stay on the ""must play"" list for many years to come, for people looking for a story-focused experience.  Side quests make sense in-world, and the emotional weight of NPCs do a lot of heavy lifting in them; many actually will influence and expand on the main story. It's not Fallout 4 when it comes to the interpersonal relationship between Geralt and his adopted daughter, Ciri; there's an emotional connection there that makes you want to see what happens, whether or not you find her. This game emphasizes why story isn't an afterthought in a game, and why game developers should spend time and resources into its crafting. Then, you have the DLCs, which continues the trend, and expands the world in some eerie and dark, or fairytale and whimsical ways, with what is one of the best written villains in all games ever.",True,0,0,2970,2970,True,2026-06-03
292030,The Witcher 3: Wild Hunt,"[h1] GAME OF THE CENTURY. [/h1] 

I spent over 150+ hours getting all trophies on the PS4. Now the new DLC is announced, I'll be spending another 150+ hours replaying it on the PC. Nothing has ever filled the void I felt after completing this game.",True,0,0,137,137,True,2026-06-03
292030,The Witcher 3: Wild Hunt,"Nice game to relax.
Yeah combat is an issue but the overall game is so good 💯",True,1,0,4376,4376,True,2026-06-03
292030,The Witcher 3: Wild Hunt,"PEAK RPG. 20 hours into this game and still feels like I do nothing, meanwhile in other RPG, maybe I already finish half the game or even completed it all. That's how PEAK this game feels. You don't play a ""checklist simulator"", you live in this world.",True,0,0,2773,1246,True,2026-06-03
292030,The Witcher 3: Wild Hunt,"It's been 11 years since this game released and with the announcement of a new expansion coming in 2027, I am gonna finally give a review on this beautiful game that still holds up after a decade.

The main story has a lot within itself, the 2 current expansions add on to it with their own quests. Varieties of enemies from different monsters with detailed lore on how to fight them, to knights and other villains. The battle system has a uniqueness with sword combat, alchemy created potions, different types to magic options known as Signs and a leveling system related that can have varying skills for whatever gameplay plan to progress the story with.",True,0,0,11079,11079,True,2026-06-03
292030,The Witcher 3: Wild Hunt,I played and-replayed this game multiple times. Now in 2026 I am on my 3rd run and game looks and works absolutely great.,True,0,0,9285,5537,True,2026-06-03
292030,The Witcher 3: Wild Hunt,"Finished the game with all DLCs on PS4 YEARS AGO and now we are getting a new DLC?? 

My masterpiece is back and now I can play it at 4K. Can't wait!",True,0,0,1732,1413,True,2026-06-03
292030,The Witcher 3: Wild Hunt,Played for a short bit. Pretty decent 11/10 game. Would pick up at Best Buy for a stick of gum again,True,0,0,6157,6157,True,2026-06-03
292030,The Witcher 3: Wild Hunt,Honestly the best story game I have ever played. Every single thing about this game is excellent. I wish I could play it again for the first time,True,0,0,15530,15530,False,2026-06-03
292030,The Witcher 3: Wild Hunt,"What more can be said. This may be the best video game ever made. I've been playing it over and over for years, and still enjoy it every time.",True,0,0,6455,263,True,2026-06-03
292030,The Witcher 3: Wild Hunt,"What can I say about The Witcher 3 that hasn't already been said. I honest to god think it's a masterpiece of a video game. I admit I'm easily impressed, but this game and it's world have just captured me more than most others. It's a real 10/10 for me.",True,0,0,16279,16189,True,2026-06-03
292030,The Witcher 3: Wild Hunt,"Highly recommend rpg, monster slayer game, rich story and free roam around a vast world.",True,0,0,3893,1941,True,2026-06-03
292030,The Witcher 3: Wild Hunt,"If anyone says anything bad about this game, I'm gonna personally haunt them.",True,0,0,5760,5615,True,2026-06-03
292030,The Witcher 3: Wild Hunt,"I can't say how many places I've beaten this game but the steam version is by far the greatest. 10/10 game, nothing comes close",True,0,0,14842,14842,True,2026-06-03
292030,The Witcher 3: Wild Hunt,"repetitive gameplay, but story carries the game and dlcs are perfect",True,0,0,5894,5894,True,2026-06-02
292030,The Witcher 3: Wild Hunt,Goated Novel and a even better game. Amazing experience 10/10 would reccomend,True,0,0,903,903,True,2026-06-02
292030,The Witcher 3: Wild Hunt,A classic that still holds up now. Can feel a little clunky in places but overall a great experience,True,0,0,241,241,True,2026-06-02
292030,The Witcher 3: Wild Hunt,This is one of the best open world games. I like that you have so many dialogue choices and it will influence the outcome of the events.,True,0,0,905,732,True,2026-06-02
292030,The Witcher 3: Wild Hunt,"An all-time classic. If you like open worlds or RPGs of any flavor, this is a must play in my opinion.",True,0,0,773,652,True,2026-06-02
292030,The Witcher 3: Wild Hunt,"I got drunk with my friends and dressed in a skirt while zoom calling politicians through a magic mirror. 10/10, highly recommend",True,0,0,8768,7645,True,2026-06-02
292030,The Witcher 3: Wild Hunt,This is my 4th playthrough and i still love it like the first time.  Its definitely in my top 3 games ever made and still looks and plays great to todays standards.,True,0,0,9516,7680,True,2026-06-02
292030,The Witcher 3: Wild Hunt,"It's an impressive game, especially the whole Bloody Baron deal. In fact, I was so impressed, that when the DLCs came out, I went out of my way to avoid streams and videos of them, just to not spoil myself.

Now, it has been a full decade since the second DLC came out... I still haven't played them.",True,0,0,15134,15134,True,2026-06-02
292030,The Witcher 3: Wild Hunt,"You know, for almost any other game, you can talk about the pros and cons, rate the graphics, analyze the plot, or complain about certain things.

With The Witcher 3, all of that feels pointless.

It's simply the best game humanity has ever created. That's it.",True,0,0,18722,18713,True,2026-06-02
292030,The Witcher 3: Wild Hunt,"Unos de los mejores Juegos de la historia, Historia, Narrativa, Mecanicas entre algunas cosas, mundo inmerso... juegalo!!!!",True,0,0,20457,16594,True,2026-06-02
292030,The Witcher 3: Wild Hunt,"One of if not the best fantasy rpg out there, even over 10 years later! The Witcher universe never stops to amaze me with its writing, characters, visual design and dialogue. It keeps one tied to it with such investment.",True,0,0,5515,4588,True,2026-06-02
292030,The Witcher 3: Wild Hunt,this is literally one of the best games i've ever played. do NOT rush your progress. enjoy every minute,True,0,0,4387,3972,True,2026-06-02
292030,The Witcher 3: Wild Hunt,Whoops. Never left a review. Game is ♥♥♥♥♥♥♥ incredible. Hooray for new DLC.,True,0,0,11139,11103,True,2026-06-01
292030,The Witcher 3: Wild Hunt,"If you like good guys and usually root for the weak/underdog, this protagonist is for you. A game obviously made by people loving the process of making it and also fans of the lore. Strongly recommend! 















",True,0,0,20122,19548,True,2026-06-01
292030,The Witcher 3: Wild Hunt,"Even though it’s been out for a while, I still consider it one of the best RPG in history,, especially since it's a POLISH. The story is engaging, as are the side quests. The map is absolutely massive, which means there is a ton to do (I've already spent over 80 hours and have only completed maybe 1/3 of all quests). Highly recommended!""",True,0,0,5005,5005,True,2026-06-01
292030,The Witcher 3: Wild Hunt,"7/10. Not a game that I would recommend in 2026 but nonetheless I enjoyed it. Playing this game in 2026 feels like a game that you are playing a less polished game which a bunch of QoL issues. However given this game is made in 2015, that is understandable. I would give credit to the game on its character writing (strongest point), music and voice acting. Everything else in the game feels outdated. I do like the idea of having 3 main endings however I would appreciate it more if the developer does give some hints as to which of the dialogue options that would ultimately affect the endings as I felt there are so many dialogue options given but only like 5 of them actually matters to the final ending.

The character progression system in the game is a bad game design in my opinion. This is because you are capped by 12 skill slot when there is 80 skills to choose from. Further more, these 80 skills is split into 4 section and within each section is a skill tree. This means you need to invest certain skill points into the skill tree before unlocking better skills. However there is no telling of how good the skills is as there is no skill preview of how the skill works and how effective it is. There is also no reset skill tree option if you want to try other type of skills. Basically you are stucked with the same skills throughout the game. I did not touch on the gear crafting section of the game as it once again is another mess. Some gear requires certain higher level NPC to craft them and the game does not tell you where to locate this NPC. There is also no tracking in the game regarding the crafting item required which makes crafting equipment a headache.

I am also not the biggest fan of the side quest in the game which revolves around the events of the main quest. The side quest is missable if you advance to far into the main story and certain side quest will be affected by the choices you made during the main quest. However, I do give credits to the side quest as it does keep me intrigued and it is not boring and repetitive like the side games in the other games.

The combat of the game felt okay and nothing too innovative in my opinion. You basically just smash the same two buttons of dodge, hit, dodge, hit when it comes to facing the bosses as the magic spells takes too long to cast.",True,0,0,2413,2413,True,2026-06-01
292030,The Witcher 3: Wild Hunt,"Fair to say that the combat is awful. It was corrupting my enjoyment so much that i had to play on story mode difficulty. Enough said, given that i usually play on the maximum difficulty. A shame, since by its looks it appeared to be great. Though it does grow much less brutal as you level up.

Horse riding is very clunky; 80% of the time i prefered to run to my destination rather than ride. 

Impressive how the game is so jam-packed with content but it doesn't ever get quite banal and every encounter seems more or less unique, unlike how it is in other RPGs (Skyrim, AC Origins, Odyssey and Valhalla, Starfield ect.).

All in all completely outstanding worldbuilding, story, OST, graphics and character nuance.

11 year old game but you could'nt tell it wasn't released yesterday.

9,9/10",True,0,0,7397,4602,True,2026-06-01
292030,The Witcher 3: Wild Hunt,best rpg and immersive gameplay,True,0,0,2588,301,True,2026-06-01
292030,The Witcher 3: Wild Hunt,"Waiting for the expansion like the vampires wait for 1362 or something, i dunno am not a bloodsuckcer",True,0,0,6149,5800,True,2026-06-01
292030,The Witcher 3: Wild Hunt,"Even though i still havent finished it, especially while being a dad, i always find my self coming back. i love the world. the game looks amazing. story never gets boring. playing on the hardest difficulty means i HAVE to use everything in the game to win my fights. im really immersed  in the world. would play this forever.",True,0,0,6815,6134,True,2026-06-01
292030,The Witcher 3: Wild Hunt,"idk what to say, just love the game. im saying this after my 5th playthrough by the way",True,0,0,2571,1024,True,2026-06-01
292030,The Witcher 3: Wild Hunt,"I didn't get into the game the first time around but when I tried again a second time I got pulled in hard. I had never engaged with the Witcher series before and I'm happy this game both explains enough for me to understand as well as lets me work things out on my own.

The gameplay is fun and varied between investigation and combat. Combat has distinct styles and mixing it up for different builds is nice. Exploration is very rewarding and the game looks great as well. It's quite good at setting moods for the different areas.",True,0,0,21749,21749,True,2026-06-01
413150,Stardew Valley,"Stardew Valley was one of those games that I had heard about for years and simply had no interest in. It isn't my style, it isn't the type of content I play at all. But one day I was so unbelievably bored that I thought, f*ck it- let's play Stardew Valley. My friends all love it so I might as well.

 I logged 14 hours the first time I opened the game.

The thing is, I could play this game on repeat forever and doesn't even grace my top 3 games. 

It's fun, addictive, wholesome, somewhat dark and even frustrating. The townspeople feel so genuine to be around. I love getting to know them all over again in every run on the game. I'm aiming for 1 save per marriage candidate. 
I love designing my farm, the feeling of euphoria when you reach Ginger Island for the first time... your first batch of starfruit jelly....
I won't consider this a con on the game, but for some reason this is the ONLY game on my pc that crashes. Nothing else, save for maybe a sims crash every fortnight. Anyway. 

Really fun. Going to get a tattoo of a fairy rose when I can.

The only actual cons I can think of is a lack of new diaglouge and events once you finish year 2. Maybe need some new townies or something. Fix Shane's alcoholism after you marry him or something",True,56,4,34790,34790,True,2026-05-25
413150,Stardew Valley,good for casual play but if u wanna go the completionist route.. u better lube ur ass beforehand coz its about to be blown wide open,True,23,46,11992,8007,True,2026-05-27
413150,Stardew Valley,Once you start playing Stardew Valley you won't be able to stop. It's addicting (In a good way) Love it 10/10,True,18,0,93339,88779,True,2026-06-12
413150,Stardew Valley,"An amazing game that's constantly updated, done almost entirely by a single developer until coding for multiplayer became a bit too tedious. When I say everything, I mean absolutely everything. The music, the graphics, the coding, which is a feat in and of itself. There's plenty of videos detailing the biography behind the development of this game, one more inspiring than the next.

The game itself is simple yet unique and can get intrinsically complex with how to optimize or simplify things. There's plenty of ways to make money, solidify relationships, or simply enjoy music and events in the game.

In essence, it's a farming game that plays on old Harvest Moon vibes, with much more in almost every aspect. This has a niche for every style of gameplay you could ask for. My nieces play it in my car. My Uncles play it in their free time, we always compare our farms whenever we have family gatherings. There's a magic to it that encapsulates every audience, whatever you choose to do in game.",True,13,0,7860,7860,True,2026-06-04
413150,Stardew Valley,Good and hard no game for kds is for adult s complex!,True,20,10,5456,291,False,2026-05-17
413150,Stardew Valley,"Stardew Valley is one of those rare games that feels like a second home. Whether you're farming, fishing, mining, decorating, or just talking to the townspeople, there's always something meaningful to do at your own pace. I bought this game thinking I'd play for a few hours. Now I know every villager's schedule, own several sheds full of ancient fruit, and somehow care deeply about virtual chickens.

Years after buying it, I still come back to Pelican Town. Few games offer this much content, charm, and comfort for such a small price. A masterpiece made with love <3",True,5,0,12271,10171,False,2026-06-03
413150,Stardew Valley,"Relaxing yet addictive, and surprisingly packed with content too.
Absolutely worth it if you're a fan of Harvest Moon, which is exactly what Stardew Valley is inspired by.",True,5,0,15960,15742,False,2026-05-21
413150,Stardew Valley,"All right, after so many years playing Stardew Valley in various platforms and only NOW managing to reach the Perfection Achievement, I can say confidently that this is a good game. This is a very good game. This is one of the best games that have been created. 10/10 all around. Certainly, no one is waiting for one more person to say this, but after spending so many hours, I feel obligated to leave this review, as this is more than a farming sim. It is truly a heartwarming adventure (with a dash of extreme greed that may or may not consume you; it probably will).

SV is the goat, kthhnx bai",True,3,0,21717,21465,True,2026-06-06
413150,Stardew Valley,"Stardew Valley is my favorite game in the entire world. If I had to pick only one game to play for the rest of my life, it would be this one without hesitation.

Whether I'm farming, fishing, mining, decorating my farm, raising animals, making friends with the townspeople, or just enjoying the peaceful atmosphere, there's always something to do. Every playthrough feels a little different, and somehow I still find new things to discover even after countless hours.

It's cozy when I need to relax, challenging when I want goals to work toward, and endlessly replayable. The music is beautiful, the characters are memorable, and the amount of love and care that went into this game is obvious in every detail.

This isn't just one of my favorite games—it's my favorite game of all time. I can't recommend it enough.

❤️ 10/10, would happily spend the rest of my life on my farm.",True,2,0,43369,41951,True,2026-06-07
413150,Stardew Valley,"Stardew Valley is somehow considered one of the most relaxing games ever made, but after playing long enough you realize it’s actually just an anxiety simulator disguised as a cute farming game.

People say:
“Just chill and enjoy the farm life.”

Meanwhile the game has you speedrunning your entire existence every single day because apparently 14 in-game minutes pass every time your character blinks.

Wake up.
Water crops.
Feed animals.
Check machines.
Collect eggs.
Talk to villagers.
Mine rocks.
Fish.
Forage.
Donate museum items.
Upgrade tools.
Rush home before 2 AM or collapse like a Victorian child dying from exhaustion.

Very relaxing.

The game constantly pretends to be cozy while secretly turning players into optimization addicts. Nobody starts Stardew Valley saying:
“I need maximum sprinkler efficiency and ancient fruit wine profit margins.”

But 30 hours later people are calculating crop rotations like they’re managing an agricultural hedge fund.

And the stamina system in early game is torture.
You chop down three trees and your farmer already looks ready for hospice care. Want to clear your farm?
Too bad.
Your character gets exhausted faster than someone climbing stairs after eating an entire pizza.

The villagers are also weirdly overrated.
Everyone talks about how “deep” and “heartwarming” they are, but half the town acts rude until you bribe them with vegetables twice a week.

“Oh wow thanks for giving me this random flower.
Now I no longer hate your existence.”

Groundbreaking social design.

And somehow every villager has the same schedule complexity as a CIA operative. Miss someone by 10 minutes?
Congratulations, now they’ve vanished into another dimension until tomorrow.

Fishing is another crime against humanity.
People either love it or want to throw their monitor through a wall. Why is catching a tiny fish harder than landing a spacecraft? Early-game fishing feels like wrestling a possessed bottle cap using pure disappointment.

Then there’s the mines.
Which are somehow:

* repetitive
* stressful
* grindy
* and weirdly mandatory

Because eventually the game stops being:
“cute farming adventure”
and becomes:
“industrial resource extraction simulator.”

Your beautiful little farm slowly transforms into a capitalist machine full of kegs, furnaces, preserve jars, crystalariums, and enough automation to concern labor unions.

And don’t even get me started on Pierre.
The entire community collectively agrees that Pierre sucks, and honestly that’s probably the most emotionally united the playerbase has ever been.

The calendar system is pure psychological warfare too.
Forget one birthday and suddenly an NPC dislikes you for the next century because you didn’t hand them mayonnaise on exactly the correct Tuesday.

The game also pressures you constantly with seasonal timing:

* missed crop season
* missed event
* missed fish
* missed recipe
* missed bundle item

Oops.
Guess you wait an entire in-game year now.

Fantastic.

And despite the cute graphics, the gameplay loop becomes disturbingly repetitive:

* wake up
* harvest crops
* refill machines
* organize inventory
* sleep
* repeat until real life seasons change too

The soundtrack is amazing though.
Which honestly feels intentional because the music is probably the only reason players don’t realize they’ve spent 6 real-life hours optimizing blueberry production.

The craziest thing about Stardew Valley is that it successfully convinces millions of people that doing farm chores after work is somehow a form of relaxation.

You’re not escaping responsibilities.
You’re just replacing your real responsibilities with pixel responsibilities.
",False,8,10,770,770,True,2026-06-01
413150,Stardew Valley,"Very addicting, would say i personally like the game more w frens :P",True,2,0,3947,2033,True,2026-06-02
413150,Stardew Valley,"Where do I start, 
Played this game across Multiple Platforms, 
This game has been a Fun and Chill time. A Game I keep coming back to from time to time. With all my hours. I still find new things each time I play, Still Discovering Paths on my own. This game is a Great time for those looking for something to just have a Chill and take things slow with, To Forget the World around them and just focus on the simple things. Life gets hard. Stardew is that game that makes you forget about the world problems you have in the moment just for that few hours or hour in the day to Focus on other things. I have enjoyed every minute of this game and I Cannot wait for the next game Ape has store!

PS The Mulitplayer is also quite Fun, Wasn't sure it would be when it First come out! But it adds a bit to the game :D",True,1,0,8718,8718,False,2026-06-06
413150,Stardew Valley,"This game is cozy and surprisingly deep. Next thing you know, apparently it's been 109 hours.",True,1,0,7664,6561,True,2026-05-30
413150,Stardew Valley,Relaxing game to strategize to with how you want your perfect farm. Each save can be different or the same but with improvements. Plus if there is something you dont know or understand the wiki is super helpful and resourseful!,True,1,0,12517,12300,True,2026-06-16
413150,Stardew Valley,"My soul depends on this game. The only reason I eat is so I have the energy to play this game. If this game ever vanished into the void of the universe, so would I.",True,1,0,5134,5129,True,2026-06-15
413150,Stardew Valley,"The developer of this game has already secured a VIP seat in heaven. Every update feels like a personal gift from a saint, and every time I download one without spending money, I gain a new level of guilt. If reincarnation is real, I’ll spend my next ten lifetimes trying to repay this debt.",True,1,0,47863,47863,True,2026-06-14
413150,Stardew Valley,"Its very fun and engaging. You can play it from 10:00 AM to 4:00 AM and you won't get bored with it.
",True,1,0,10111,9977,False,2026-06-13
413150,Stardew Valley,"this is worse than any drug, tobacco or alcohol. Out of all my 3 addictions, this is by far the worse one. Every time I think I finally got my life back together, a school break arrives and I completely relapse. It's been this way for the past two years. Most of the time this game gets more neglected than a poor housewife married to a gay man, but as soon as I don't have any responsability, it's like I'm ovulating but like in gaming. I for real sometimes spend a whole 9 to 5 shift on this game. The only other time I got thjat was when i played the great ace attorney chronicles. Now with all this addiction to Stardew Valley you'd think I 'd have a beautiful farm with a lot of money but no. I only completed the community center this year. I've been playing this damn game since summer of 2024.

""But what were you doing then ?"" absolutely no one asks because no one will read this review; Well I will tell you imaginary reader (and my oomf watching me write this). I was being a gay ass slut. Instead of oh idk getting money and completing the community center, i was instead trying to get ♥♥♥♥♥♥♥. You don't understand I need that middle aged doctor BAD. And I only somehow got my ♥♥♥♥ together this year and finished my important tasks. And then I returned to being gay for Harvey and spending all my money on coffee for him. I am very sane. Do not play this gamer",True,1,0,9379,9333,True,2026-06-13
413150,Stardew Valley,Perfected what we were asking for of the Harvest Moon games and is now the benchmark by which all farming sim games will be compared.,True,1,0,144954,143683,True,2026-06-11
413150,Stardew Valley,"Decent game with 100+ hours of content to get all the achievements at a relaxed pace.  

The mod community however makes the game fantastic!
Wish you could experience the game for the first time again? Mods've got you. Add a dozen or so expansions and the game is as good as new.

Need some help to make the game more accessible to you? There's probably a mod for whatever you're looking for. I myself use some mods to help with hand-eye coordination and to have less strain on my hands which makes fishing and skull caverns more doable for me. And I know there's more out there. 

Definitly recommended and I recommend the pc version to experience the game at it's fullest with some lovely mods.

Edit: Looking forward to version 1.7!",True,1,0,26350,25129,True,2026-06-11
413150,Stardew Valley,"I have over 1000 hours in this game, which should already make my opinion of Stardew Valley abundantly clear. There is so much love and attention to detail that ConcernedApe has built into the game, I still find it astounding that it was all made by a single dev. It's got farming, relationship sim, fishing, dungeon crawling, animal petting, interior design/landscaping, and more(!) baked into a single cozy experience that you can explore as quickly or as leisurely as you like. The fan content and modding communities are just fantastic too <3 

Stardew Valley is the game I somehow always end up coming back to - it's the ultimate comfort game for me - and CA continues to create new content for it, even a whole decade after release! 10/10, and I can't recommend it enough.",True,1,0,61149,60487,False,2026-06-11
413150,Stardew Valley,"Just one more, just.. one... more.. day.  This game is crack and also relaxing.  10/10",True,1,0,1888,1858,True,2026-06-10
413150,Stardew Valley,"---{ Graphics }---
☐ You forget what reality is
☐ Beautiful
☐ Good
☑ Decent
☐ Bad
☐ Don‘t look too long at it
☐ MS-DOS

---{ Gameplay }---
☐ Very good
☐ Good
☐ It's just gameplay
☑ Mehh
☐ Watch paint dry instead
☐ Just don't

---{ Audio }---
☑ Eargasm
☐ Very good
☐ Good
☐ Not too bad
☐ Bad
☐ I'm now deaf

---{ Audience }---
☑ Kids
☑ Teens
☑ Adults
☑ Grandma

---{ PC Requirements }---
☐ Check if you can run paint
☑ Potato
☐ Decent
☐ Fast
☐ Rich boi
☐ Ask NASA if they have a spare computer

---{ Difficulty }---
☐ Just press 'W'
☐ Easy
☑ Easy to learn / Hard to master
☐ Significant brain usage
☐ Difficult
☐ Dark Souls

---{ Grind }---
☐ Nothing to grind
☐ Only if u care about leaderboards/ranks
☐ Isn't necessary to progress
☑ Average grind level
☐ Too much grind
☐ You'll need a second life for grinding

---{ Story }---
☐ No Story
☑ Some lore
☐ Average
☐ Good
☐ Lovely
☐ It'll replace your life

---{ Game Time }---
☐ Long enough for a cup of coffee
☐ Short
☐ Average
☐ Long
☑ To infinity and beyond

---{ Price }---
☐ It's free!
☑ Worth the price
☐ If it's on sale
☐ If u have some spare money left
☐ Not recommended
☐ You could also just burn your money

---{ Bugs }---
☑ Never heard of
☐ Minor bugs
☐ Can get annoying
☐ ARK: Survival Evolved
☐ The game itself is a big terrarium for bugs

---{ ? / 10 }---
☐ 1
☐ 2
☐ 3
☐ 4
☐ 5
☐ 6
☐ 7
☑ 8
☐ 9
☐ 10",True,1,0,251,251,True,2026-06-09
413150,Stardew Valley,"Ya know what?.... As I look upon this game and it's 98% Overall rating, I don't need to sit here and explainnnnnnnnnnnn to you how much of a masterpiece this game is. But what I WILL tell you is that every single thing, every little detail and every little action actually makes you feel rewarding and all happy inside. It doesn't matter what you are doing, all you know is you are excited to see what happened the next day, the adventure and gathering of your crops and animal products, the running to and from places trying to get there in time and even the little sound effects where every action you do makes your crotch tingle just a little. The music is perfection, the stories are perfection and the adventure is perfection, and made with enjoyment and love from just one developer and his girlfriend.",True,1,0,6875,6875,True,2026-06-08
413150,Stardew Valley,"Love! Started playing in coop mode, and recently started a new solo farm. Perfect game that you can just sink into and enjoy, and a fantastic community and creator to boot!",True,1,1,14082,12900,True,2026-06-08
413150,Stardew Valley,"I have nearly 300 hours now on this game on the PC alone, not including the Mobile and Switch versions. I adore this game, definitely got a little addicted for a time. I have attempted to get my family to love it as much as I do but alas, we all game a little bit differently. This game is a great, fun game, but I don't think its cozy in a easy laid back sense, at least not the way I end up playing it. The mines can stress me out, lol. The fishing gets me closer to being bald. Its cozy in a way that feels like coming home, and minding your chores can be, with excitement thrown in when you want with mining and exploring. This is by and large a farming and time management game and I feel those that don't give it a season at least haven't yet unlocked most of the point of the game yet. In turn you are selling this game very short of all it can offer. if you have less then 8 hours in this game I say keep on going, no matter if you choose Joja or Community Center you need time to get to the good parts. All in all I find this to be a fun little game, and with MODS can make this an even greater experience! Highly recommend modding if vanilla is not fun for you, and you prefer a challenge.",True,1,0,17729,17196,False,2026-06-08
413150,Stardew Valley,"I love this game so much I bought it three times. Once on mobile, once on console, and now on PC. PC is undoubtedly the best version. This game feels like exactly what whatever you want it to be. You could go mining, or fishing, or even just stay home and water crops all day. Heck, you could even just chill in the bar and play journey of the prairie king. The Co-op in this game is incredible. Two of my friends and I recently started and there's so much room for competition or personal goals. Five star game, no doubt.",True,1,0,1073,210,True,2026-06-08
413150,Stardew Valley,"As someone who had bought this game years ago and didn't touch it much as I just couldn't bring myself to find much interest in a farming simulator, I have to say that was one of my biggest mistakes I have made in regards to judging a game by its cover.

This game is not just a farming simulator like it is commonly described, it has so much more within it through the storytelling of the characters, the cute aspect of raising animals and finding spirits in the community center to help restore it to its past glory, exploring mines and caves in not only the main town but also in other locations through the bus, and a lot more I have yet to discover apparently.

I genuinely cannot recommend this game enough to someone who just wants a calming game to play since it encourages all sorts of playstyles. From casual to challenging this game has been a blast. And to anyone who has played this game a lot and found themselves burnt out of the normal content I highly recommend looking into the modding community with this game as there are entirely fanmade cities and campaigns of this game that expand the game from its already long runtime into something completely timeless. I would give names of mods but I myself haven't been able to get into that aspect just yet as I have been wanting to continue my vanilla journey before venturing into that realm; but I highly recommend looking into it from the people I've talked to about this game.",True,1,0,9195,5794,True,2026-06-06
413150,Stardew Valley,"As one of three people in the world not forced to play this game by a woman with BPD who would later cheat on and traumatize me, i can approach reviewing this game without any bias and will say that this game is a complete, wonderful, wholesome, masterpiece.

10/10",True,1,0,6566,3605,True,2026-06-03
413150,Stardew Valley,"STARDEW VALLEY.
one of the most games of all time8)
great solo
so much better with friends

there was this time on my 2nd attempt at a send, where I went to the flower dance to find love; only for the whole town to turn me and my flowers down.....
ALSO why can't I Marry/romance my friends then :c or can I? xD
anyways I finally made it out the first year (yeahh I know lacking right)
will add to this review as I slowly get into the ""end game"" and start smashing these achievements 
but since revisiting and getting deeper its a heavy reminder how great this game is 
I plan to complete it one day with the fav",True,1,1,2231,2231,True,2026-06-03
413150,Stardew Valley,"One of the best indie games!

There is a lot of content and secrets in the game to explore.",True,1,0,3085,2188,True,2026-06-02
413150,Stardew Valley,"Best game for casual gamers or people new to games. Very relaxing and so fun to play, SV is a good showcase how simple but not banal game can hold you for dozens of hours
I'm about to end second in-game year and I'm sure that there will be many more in-game years on my farm
10/10",True,1,0,3964,3295,True,2026-06-01
413150,Stardew Valley,"[h1]""Just one more day...""[/h1]
[hr][/hr]

I bought this game thinking, ""Oh, a cute little pixel-art farming simulator. I'll play it for twenty minutes to unwind after a stressful day.""

Next thing I knew, it was 4:00 AM. I had three spreadsheets open on my phone, a fully optimized automatic sprinkler system mapped out, and I was genuinely angry at a fictional pixelated blacksmith named Clint for closing his shop at 4:00 PM when I desperately needed to break open some geodes.

This isn't just a game; it’s a beautifully crafted escape from reality.

[h4]The Good Stuff:[/h4]
-The Gameplay Loop: It is absolute perfection. Wake up, water crops, check the weather, pet your chickens, forage, fish, or head into the mines to fight monsters. Every single day feels productive, and just when you think you're ready to log off, you realize tomorrow is a festival or your crops are about to harvest. You will get trapped in the ""one more day"" cycle.
-The Value: For the price of a fast-food meal, you get hundreds of hours of base-game content, massive free content updates that could easily have been paid DLCs, multiplayer co-op, and a massive modding community if you ever somehow run out of things to do.

[h4]The Cons:[/h4]
-Time completely ceases to exist in the real world while playing.
-Your real-life relationships might suffer because you're too busy trying to figure out what purple items to put in the Mayor's soup.
-Meeting your crush at the Flower Dance in Year 1 just to have them say ""Ew, no."" hits harder than any Dark Souls boss.

[h4]Final Verdict:[/h4]
If you are stressed, burnt out, or just need to feel something wholesome again, buy this game. It will heal your soul, steal your time, and teach you how to love raising a virtual duck named Howard.
[hr][/hr]
[h3]10 / 10[/h3]
[hr][/hr]",True,1,0,7328,6232,True,2026-05-30
413150,Stardew Valley,"This is a cutsey slow game where you have to collect items and build connections with NPCs, each have their own personalities. You spend your time farming, foraging, mining or fishing. It is a relaxing game, 10/10 if you are just getting into gaming or want a game you can build a life in that you will ultiately care for.",True,1,0,10174,7751,True,2026-05-30
413150,Stardew Valley,I love love love this game! this is how me and my friends keep in touch even when we cant see each other its so fun and I love the cute animals.,True,1,0,19331,19173,True,2026-05-30
413150,Stardew Valley,Very chill farming game with both singleplayer and multiplayer. definetly one of the essential games for any steam library.,True,1,0,760,700,False,2026-05-30
413150,Stardew Valley,"Best farming rpg game I have played in my life, the amount of joy this game gave to me is only comparable to Skyrim and Harry Potter 1&2 PC.",True,1,0,17286,15821,False,2026-05-28
413150,Stardew Valley,"I've played this game a few different times on Nintendo Switch Lite, and now for the first time on PC. I love the feeling of being in a community while forging my own adventure. Stardew Valley is a way to explore different ways of living with varying skills of focus and goals. I hope that playing this game on PC allows me to play with other players online. I have a feeling that, with other players, this game will continue to impress and be engaging.",True,1,0,2072,246,True,2026-05-28
413150,Stardew Valley,"I mean I like it, nice slow paced game, but for me it gets a bit boring after a while. I think I’ll give it another go though. Again, personal preference, because the game itself is actually really good for people that somehow have unlimited free time i guess. Can definitely recommend it as daft as that sounds",True,1,0,185,185,True,2026-05-27
413150,Stardew Valley,"This game is legit peak.
no matter how many times I play it I always find myself coming back to it
its the perfect comfort game you can farm fish mine and even have relationships with the NPCs.
Every time I'm exhausted or bored from competitive games I find myself coming back here to chill relax and have fun
(only stressful thing is running out of energy in the mines and not having enough time to get home)",True,1,0,13482,13098,True,2026-05-27
413150,Stardew Valley,"I played this with my beautiful boyfrienddd I love him so much, hes the greatest and hes allll mine. Also the game was good ig",True,1,0,1318,1318,True,2026-05-26
413150,Stardew Valley,"Before I played Stardew Valley, I never thought pixel art could captivate me. I always gravitated toward modern, realistic graphics, the kind that try to impress you with detail and fidelity. But Stardew Valley changed that completely. Its simplicity isn’t a limitation, it’s a kind of magic. The pixel art feels warm, nostalgic, and alive in a way I didn’t expect, and it opened my eyes to an entire style of games I used to overlook.

I love this game so much that I actually own three copies, one on Switch, one on PC, and one on mobile. Even though I haven’t played much on PC or mobile yet, my Switch farm has over 500 hours poured into it. It’s perfected, polished, and complete… and yet, I still feel the pull to go back. There’s something comforting about stepping onto that farm again, hearing the soft music, and slipping back into the rhythm of planting, harvesting, mining, and connecting with the townsfolk.

What makes Stardew Valley special is how personal it becomes. It doesn’t rush you. It doesn’t demand anything. It simply invites you to build a life at your own pace and somehow, that quiet freedom becomes deeply meaningful. Whether it’s the changing seasons, the relationships you build, or the satisfaction of watching your farm evolve, the game creates a sense of home that’s rare to find.

Even after “finishing” it, I still want to revisit it often. That’s the mark of a truly great game: one that stays with you long after the goals are completed.",True,1,0,2581,2537,True,2026-05-26
413150,Stardew Valley,"Lot of love went into this game. It is simple, but rewarding to play",True,1,0,23945,21201,True,2026-05-25
413150,Stardew Valley,I love this game so much! Its super chill and you can play at your own pace.,True,1,0,11571,10423,True,2026-05-25
413150,Stardew Valley,Super fun and cozy! Takes tons of time to finish and lots to do!,True,1,0,2448,2401,True,2026-05-25
413150,Stardew Valley,"Doesnt overheat at all and runs smooth, absoultly love it",True,1,0,2216,759,False,2026-05-24
413150,Stardew Valley,Super chill and fun. Love this game. I love that I can play with with friends as well. You can really make this game whatever you want.,True,1,0,3433,3433,False,2026-05-24
413150,Stardew Valley,I really enjoy this game.  I have found myself playing this game going on several years now.  I love it and I can play with my Hubby and Daughter as well which is an added bonus since my daughter and I live in different states.  I enjoy changing the layout of my farm and meeting my goals and I also enjoy watching other peoples Stardew farms on YouTube and getting ideas.,True,1,0,4654,1053,True,2026-05-23
413150,Stardew Valley,you don't know how fast i bought the game when i saw it on sale i have the game on android but this feels much better,True,0,1,4771,1000,True,2026-05-22
413150,Stardew Valley,"Stardew Valley is one of the best cozy games ever made. It offers so much freedom, whether you want to focus on farming, fishing, mining, decorating, or building relationships with the townspeople. The pixel art is charming, the music is relaxing, and there is always something new to do. A game that is easy to lose hundreds of hours in and still come back to for more <3",True,1,0,7633,7633,False,2026-05-22
413150,Stardew Valley,"200+ hrs in and still playing. Good game, better game with friends.",True,1,0,20095,17630,True,2026-05-21
413150,Stardew Valley,"This is the greatest game ever made, ever. No doubt. Zero hesitation. I love you Concerned Ape.",True,1,0,19201,2676,True,2026-05-20
413150,Stardew Valley,"I had mixed feelings in my first couple hours... It’s a “figure things out yourself and learn from your mistakes” type of game since there are little to no tutorials (except if you look at the wiki). Farming and mining is fun but time goes by way too fast each day imo, and your energy gets depleted very easily in the early game. I know it's meant to be played at your own pace, but I personally didn’t enjoy spending so much time walking around, which felt like a chore because of how far you have to go just to do something that takes up half the day. I like maximizing each day and being as productive as possible instead.

3 years later, I decided to give it another chance, this time with mods, and oh boy, I am hooked. Like, wdym I could just fast travel around town to avoid the walking? Plus the energy regeneration mod is a game changer. I don’t have to worry anymore about barely getting anything done in a day. Felt sorry I underestimated the game TT",True,1,0,2589,1716,False,2026-05-20
413150,Stardew Valley,"I absolutely love Stardew Valley! 🌱✨
It’s such a cozy and relaxing game with so much to do. From farming and fishing to exploring the mines and making friends in town, every day feels fun and rewarding. The pixel art and soundtrack are beautiful, and the game gives you complete freedom to play at your own pace. It’s the perfect escape from stress and one of the best indie games ever made.",True,1,0,556,141,True,2026-05-19
413150,Stardew Valley,such a peak game to play while you pass time. Honestly theres so much to do it actually never ends but in a good way,True,1,0,5799,957,True,2026-05-19
413150,Stardew Valley,"At first I did not enjoy this game, I thought of it as boring and slow paced (which it kinda is) but after around 20 hours (and speeding up the game with cheat engine) I actually enjoyed it, it grows on you after a while its like a 9/10 game. I'm gonna marry Haley or Penny.",True,1,0,2679,1353,True,2026-05-18
413150,Stardew Valley,"The feeling this game gave me when I played it for the first time is indescribable! I haven't had felt that amount of joy for so long... a missed feeling that was brought back to me by a game I had no idea I would be playing someday. 
10/10 , I bought it for two friends and recommended it to many others. can't wait for future updates!

If you are reading this comment before buying the game: Do it ! you'll never regret the decision <3 
",True,1,0,31700,31680,True,2026-05-17
413150,Stardew Valley,The ultimate cure for depression and the perfect co-op game for couples. There is no in-between. Easily one of the best and most comforting life-sims out there.,True,1,0,11540,11540,True,2026-05-17
413150,Stardew Valley,easily my favorite game of all time with many more hours on other platforms. play with friends and mods for the ultimate gameplay (tractor mod ily). the developer is incredible and continues to give free updates to the game making every restart fresh and exciting:),True,1,0,21232,21232,True,2026-05-17
413150,Stardew Valley,"The gameplay took a minute to get to grips with, but is soooo engaging and enjoyable. I'd gone into it expecting a sort of terraria meets minecraft type of deal, but the lore is such an awesome surprise! Would 1000% recommend this game to others, I can't wait to play more.",True,1,0,4691,328,True,2026-05-17
413150,Stardew Valley,10/10 will forever recommend Stardew Valley. This game holds a special place in my heart and is in my top 5 favorite games to play <3,True,1,0,2497,2473,True,2026-06-07
413150,Stardew Valley,I barely have 8 hours in this game and I absolutely love it! (Feels better when you play with your friend),True,1,0,3895,523,False,2026-05-31
413150,Stardew Valley,"Nice dating sim, the farming minigame is okay too I guess...",True,1,0,3827,679,True,2026-05-19
413150,Stardew Valley,I've played the game for 200 hours and am nowhere near having seen all the content offered. This game is amazing.,True,1,0,14314,13375,True,2026-05-22
413150,Stardew Valley,"I AM the economy. 

Also you should be able to reach perfection without 10 hearts with Clint, but other than that, this game is perfect and I will kick my future children to the curb if they disagree with that. ConcernedApe, I love you. So much.",True,2,2,2695,2695,False,2026-05-27
413150,Stardew Valley,"Amazing game, can't stop playing it. It's basically completely self playable so far without having to look up any guides. Just enjoy exploring the games mechanics without spoilers and you'll have a blast.",True,1,0,1315,948,True,2026-05-26
413150,Stardew Valley,"Do you need some wholesome chill farm game in your life? Stardew is for you.




[spoiler]Do you want to turn every NPC into huge tiddied anime waifu including all the males, then Stardew MODDED is DEFINETELY for you! Bountiful Beauties, Skimpy's NPC's, Automate (because it's degenerate af), Skip fishing minigame! SPINNING WEAPONS , get em all, enjoy your automated whirlwinding cropfields of anime tiddie waifus! TODAY![/spoiler]",True,1,0,71592,71592,True,2026-06-11
413150,Stardew Valley,"Fun game, really cozy and cute; great to unwind after dopamine dispenser typo games market serves nowadays. It meant to be slow and chill experience but my inner min-maxer couldn't get enough of alt-tabbing between game and wiki trying to optimize every season and mechanic, meaning that everyone could find something in it to try it and sink few hours, or even few more. Also, the soundtrack is mint, visuals are on point, and the gameplay loop is addictive with that 'only one more day' syndrome, and before you notice you spent 2 hours more than you meant. Super fun to do perfectionist 100% run (except praire king ofc). Go ahead and buy it, you won't regret it! :)",True,1,0,11158,11158,False,2026-06-02
413150,Stardew Valley,"I really enjoyed the game by far. I play it with my partner, and we really have a lot of fun time. If you are looking for a game that has a lot of fun events, journey and memories, this game is definitely for you. Start your own farm, make new friendships and overall: Have fun.",True,1,0,2756,614,True,2026-06-02
413150,Stardew Valley,Just so fun and a very customizeable experience. Haley is my wife and i will curse the bloodlines of anyone who says something bad about her.,True,0,0,15665,15653,True,2026-06-16
413150,Stardew Valley,"I have 250 hours+ on PlayStation for this game, if you’ve never played it before then buy it, it is the best game ever to exist on this plane of existence",True,1,0,44,44,True,2026-06-16
413150,Stardew Valley,"The most peaceful game I have ever experienced. It's easy to lose track of time tending crops, building relationships, and expanding your own farm. The season changes are always blissful and captivating. There is never a dull moment when playing Stardew Valley.",True,1,0,1863,1826,True,2026-06-16
413150,Stardew Valley,"this game  is  easy to follow, even for me. I am 71 years old. I enjoy having my avatar meet the towns people and explore the town.",True,0,0,298,196,True,2026-06-16
413150,Stardew Valley,"I have no idea how this game managed to hook me into it, considering I never play Games with a Farming Aspect but my Goddness, theres something so Special about Stardew.
For years however, Around the Golden Age of say, Undertale, for example, Wanted to try it, but never got to it.
That was until I stopped being the Hotheaded Call of Duty player, years later, and really wanted to play more games that are relaxing, mostly focusing on Indie, and Single Player games, (I have reached Unc status beacuse Most Online games are not enjoyable) and so far, this game has that, and more. the Hype was real.
It starts off quite well, you need to take over from your Grandfather (RIP) and so you leave the horrors of a 9-5 Job, for the Humble, yet hardworking Farm life, and you startoff as you expect, Low, poor and already so dirty, some Blonde Baddie tells you that you Stink. Great start. You can grow Crops, have one Woman do Build entire Barns, stables, Coop pens, FIsh Ponds, and even Cabins all by herself in under few days (Robin the GOAT) Raise Farm Animals, go to the Mines to.....Mine and Craft (Heh) be confident in your ability to Mine, until you unlock the Skull Cavens and get folded like a Omelete, and so much more.
The charming, peaceful vibe leaves you determined to start the Hardwork, and at first, it is a grind to simply get Money to get Seeds for your Farm, but the Hard work of Fishing for 3 weeks straight, will pay off! The real Joy kicks off once you have your first Crop Plot from your hard earned Money (And then have then all die later on, because you planted the seeds too late into the Month) and then, meeting the Town people.
Now one gripe I have with the gameplay is, I would have liked for them to have more Dialog, even after you get to know them and talk, they often repeat things that were said from Day one, but whats this? you can WIFE the Singles? Now you already know what one must do!
Jokes aside, so far, 50 Hours in, and I havent even started, theres thre Mines, the Fantasy elements that keep it from being too boring, and Also, you can chose to be the ""Town Hero"" of Pelican Town and restore thier once beloved Community Center, or allow the Horror that is a Multi-millionare corperation to take over said center, and buy your way through success, while hurting all the Towns people feelings, making you feel like Scum for being a total ♥♥♥♥♥♥♥. (How dare you hurt Penny)
I could go on, but the sum of it is, you wont regreat buying this if you wish to have a Relaxing time, so long as you know what you are doing.
Some say this game was made for Girls, I dont know what your talking about, this Game is peak musculinity, and do not be convinced otherwise.
(Penny my beloved, we shall have that wonderful Family you too dream to have.)
*Cough cough*
The biggest con I can say is, it is one of those games, you might need to look up items and how to do certain things, as well as finding certain Items that is needed to complete Bundles in order to slowly FIx The Community Center because there is just a lot more to explore and know then I thought.
This Simple, yet Addictive Game, surprised me, and I wish I played it sooner. Better late then never.
10/10, would commit Alcohol Poisioning- I mean give Gifts to the Wonderful Community that is Pelican Town.",True,0,0,3059,2963,True,2026-06-16
413150,Stardew Valley,"Good game, actually can get you hooked in for long periods of time if you enjoy chill games. Before you know it, hours have passed ;)",True,0,0,5188,5188,True,2026-06-16
413150,Stardew Valley,This game is awesome! lol grind alot but awesome. Creating your own farm an family. An all the hard work well worth it !,True,0,0,2637,2509,True,2026-06-16
413150,Stardew Valley,"Even if you don't usually like this type of game, give it a try. I also did not think I would like it, but the execution is just perfection and the game is absolutely worth it",True,0,0,3419,3419,True,2026-06-16
413150,Stardew Valley,Have many hundreds of hours on this game across various platforms over the year. Can't recommend high enough. Probably my favorite game to chill out to when I'm stressed or when I'm not sure what else to play late at night.,True,0,0,1550,1550,True,2026-06-16
413150,Stardew Valley,"I played this game for 55 hours and then I had to uninstall it because that was in one week. 

A week later and I'm now reinstalling the game because real life is less enjoyable than Stardew Valley.",True,0,0,3445,3325,True,2026-06-16
413150,Stardew Valley,Stardew Valley surprised me. I started it years ago and quit it after a few hours because I thought it is boring. This year I gave it a try again and got into it. Very addictive - hanging in there pretty intensively now. What looks like a farming game is actually a rpg with secrets and adventures to explore.,True,0,0,3487,3431,True,2026-06-16
413150,Stardew Valley,"10/10. I love playing Stardew with my girlfriend.. even though she chases me with Super Sea Cucumbers sometimes.

Might be biased, as I love farming in video games a whole lot, but Stardew Valley really is nearly perfect to me. I recommend this game to all couples. If you like animals, crop farming, silly/strange townsfolk, and are prepared to settle down, buy this game^^",True,0,0,6518,6518,True,2026-06-16
413150,Stardew Valley,"Surprisingly addictive and has fun challenges that test your skill level, but can also be played completely casual at your own pace.",True,0,0,8162,8132,True,2026-06-16
413150,Stardew Valley,"I was honestly overwhelmed the first time I played, but playing with friends and learning more about the game has made my love for it grow",True,0,0,6086,6086,True,2026-06-16
413150,Stardew Valley,"this game is so adicting it is so fun to play and you are able to customize and do what ever with your story with still being able to follow a story
i have also met the creator of stardew valley and he is also a really cool guy",True,0,0,1253,1230,False,2026-06-16
413150,Stardew Valley,"A cozy little game about inheriting a farm. Plot twist: There is way more going on than growing parsnips, after all, that health bar is there for a reason. But overall, a great way to unwind. Highly recommended.",True,0,0,3083,3083,True,2026-06-16
413150,Stardew Valley,"Honestly great game! Nice and relaxing, and there is a lot to do if you like having tasks to complete! Very happy :3",True,0,0,904,589,True,2026-06-16
413150,Stardew Valley,I keep coming back to it every so often and am always impressed by it continuing to be worked on and content added to keep it quasi-fresh. Worth every penny.,True,0,0,26110,25981,True,2026-06-16
413150,Stardew Valley,Its a shame i only have 440 hours in this game. I could be doing better. :( I just need to lock in and play more stardew.,True,0,0,26736,26398,True,2026-06-16
413150,Stardew Valley,"You've understood this game - if this game were viewed as a concept, yes - if you have realised that you already possess that with which this game provides you refuge from ""modern life"".",True,0,0,1764,1764,True,2026-06-16
413150,Stardew Valley,"perfect cosy game, doesnt need a beefy pc to run either which is a bonus",True,0,0,3769,3769,True,2026-06-15
413150,Stardew Valley,"It's a really relaxing game and really enjoyable for hours at a time, its awesome.",True,0,0,747,194,True,2026-06-15
413150,Stardew Valley,"Un juegardo, muy satisfactorio, adictivo y bonito, 10/10",True,0,0,1808,1808,True,2026-06-15
413150,Stardew Valley,Stardew Valley is a truly exceptional game that shows that you don't need a massive team of developers or an unhinged budget to make something that is creative and engaging.,True,0,0,12262,11767,True,2026-06-15
413150,Stardew Valley,"This is an excellent game if you're not one for constant fighting. it's a great game to enjoy with others as you can al attend to different tasks, a bit more challenging solo, but even so, it's not super tough. highly recommend it to anyone who doesn't live for fighting",True,0,0,10634,10634,False,2026-06-15
413150,Stardew Valley,"Amazing game to play over and over, never the same experience twice!",True,0,0,9428,9428,True,2026-06-15
413150,Stardew Valley,One of the best farming games I've ever played. If you grew up playing Harvest Moon than this is the game for you.,True,0,0,18197,17612,True,2026-06-15
413150,Stardew Valley,"Move to the valley and let your cares melt away. ( develop complex anxiety over crop yields, weather patters, gift exchanges, and things beyond our understanding ) 15/10",True,0,0,7927,7907,True,2026-06-15
413150,Stardew Valley,very chill one off the bestgames to play with or without your friends. you will really enjoy it so much to explore and do,True,0,0,264,209,True,2026-06-15
413150,Stardew Valley,"Very chill game, the longer you play the more interesting it gets. I wish fishing was easier especially when playing with the switch controllers",True,0,0,795,262,True,2026-06-15
413150,Stardew Valley,"Peter griffin: heheheh this games pretty good! 
Chris griffin: you’ve done it again concernedape 
Lois: this game is phenomenal
Brain: 
Stewie: I completed the miiinessssss 
Brian giffin:
Quagmire: giggity I love hot babes! 
Meg griffin: Sebastian is my FAVORITE! 
Peter griifn: shot the frick up meg.",True,0,1,13954,13954,True,2026-06-15
413150,Stardew Valley,This was my first farming game and I love it. I will be forever grateful to my best friend for introducing me to it.,True,0,0,31415,31415,True,2026-06-15
413150,Stardew Valley,"Stardew Valley is a great city building game with a comprehensive storyline, it's music and game flow brings a calming nature to the surface, you can get lost in the days taking part in a wide variety of activities all which give you proficiency in various skills and allow your character to grow as a person as well as unlock immersive stories that relate to the activities you take an interest in. Overall this game is it's own little gem and it would be a waste for people to past it by if purely based on the older graphics style of game play which brings about nostalgic memories for those who use to play a lot of game on the old retro devices.",True,0,0,1511,1370,True,2026-06-15
413150,Stardew Valley,A game where you can just tune out from real life. It is charming and has everything you want at your pace. No pressure or time limits.,True,0,0,6932,6932,True,2026-06-15
413150,Stardew Valley,coming home to relax and play my super relaxing peaceful game yayyy,True,0,0,25306,25038,True,2026-06-15
413150,Stardew Valley,"I got this game years ago when I was in the hospital on my switch, so it will always have a special place in my heart. But! It is a very charming game and still receives updates. It's a nice, chill game that I can play with the homies when we just wanna chill and yap and I honestly still haven't explored everything in this game even though combined on different platforms I have 300+ hours in this game. One of the few games I would say isn't overhyped.",True,0,0,3634,3634,True,2026-06-15
413150,Stardew Valley,"This is one of the most amazing games that I have ever played. When life gets the best of me, and I need some time to breathe, I escape to Stardew Valley. I have this game on 3 platforms, and have been playing it since 2020 (peak covid). It has never gotten boring, and never turned me away when I needed some peace and quiet. Thank you for this amazing game.",True,0,0,1056,1022,True,2026-06-15
413150,Stardew Valley,"the game is relaxing, addictive and full of things to do.. it has interesting cutscenes and cute character developments. i love this game and its definitely worth it",True,0,0,5242,4030,True,2026-06-15
413150,Stardew Valley,"After a few months of playing Stardew Valley, it has definitely become one of my favourites, if not my favourite game. The cozy atmosphere, cute pixel graphics, and fun NPC interactions are what I love about this game, as well as its soothing and predictable gameplay which helps me wind down after a particularly stressful day. There's so many things to focus on in Stardew, so there's sure to be something that interests all players. One thing that I would like to see an improvement in however is for the game to include some more tutorials, since in the early game I found some aspects confusing and ended up having to search up some tutorials on YouTube. But otherwise, I HIGHLY RECOMMEND Stardew Valley!!",True,0,0,4578,4363,True,2026-06-15
413150,Stardew Valley,"Blimey - what a game! Complex, fun, entertaining and takes up so much of my time, I no longer have time to masturbate!

Must own for your library. 

😳👍🏼",True,0,0,210,210,True,2026-06-15
413150,Stardew Valley,"incredible game. keeps me entertained for hours on end, and doesn't require intense grinding. very cozy.",True,0,0,724,374,True,2026-06-15
413150,Stardew Valley,"great mechanics, adictive game. can´t stop playin while in a session. worth every dime and even more",True,0,0,4230,3940,True,2026-06-15
413150,Stardew Valley,"good game to play with my girlfriend, keeps us both entertained and happy !",True,0,0,1867,1867,True,2026-06-15
413150,Stardew Valley,"this game sounds unappealing every time i think of playing it, however the natural grove that you fall into after playing for more than 5 minutes needs to be studied. You either log on and then quickly log off, or you play nonstop all week and get major burnout.",True,0,0,5745,5596,True,2026-06-15
413150,Stardew Valley,"This game is very fun by itself or with spotify music, but mods are the icing on the cake :D",True,0,0,964,964,True,2026-06-15
413150,Stardew Valley,"Stardew Valley is a relaxing game that doesn't drive the feeling of ""I must get to the next step or complete this next mission/task.""  If I don't finish something, no big deal, something else will come up. I am not competing with anyone, I am not trying to speed run anything. I can explore and figure things out at my own pace.",True,0,0,2898,2804,True,2026-06-15
413150,Stardew Valley,super cute kind of confusing as the game progresses but so intertwined and adorable,True,0,0,36679,35435,True,2026-06-15
413150,Stardew Valley,this game is amazing! it gets slow at the beginning but the more you play it the better loot you get in the future and i got so addicted to this game that i play like 8 hours a day!!,True,0,0,8218,7893,True,2026-06-15
413150,Stardew Valley,"As others have stated, this game is cozy, fun, compelling, and addictive. There's so much to do, you won't get bored easily. You can play at your own pace and the play style is very warm and cozy.",True,0,0,3757,3482,True,2026-06-15
413150,Stardew Valley,"Very fun, low stakes and relaxing.",True,0,0,22146,21721,True,2026-06-15
413150,Stardew Valley,"Amazing game, deep story, and tons of secrets. It’s easily worth way more than what you pay for it.",True,0,0,9690,9690,True,2026-06-15
413150,Stardew Valley,"I love this game very much. When I first tried to play it on my switch lite I hated it, and I don't know if you can see my awards, but I clearly have more than 16 hours of play. I actually have about 132 hours and am in year 5. I started my current play on Amazon Luna and bought the game through a third party, but as of June 10th they permanently removed Stardew Valley and other third party games. I had to buy Stardew Valley twice unfortunately because of this, but it was worth it. I can still use my controller that I bought for the Amazon Luna on my laptop because it is compatible with the game. SO I would suggest if you're have a hard time with the controls on PC use a wireless controller because it makes fishing easier.",True,0,0,1817,1017,True,2026-06-14
413150,Stardew Valley,"W game and is peak. I have played many other farming games (Harvest moon SNES, Harvest moon FOMT, Harvest Moon 64) and this game is basically those but so much more. would recommend.",True,0,0,560,452,True,2026-06-14
413150,Stardew Valley,"I never thought I'd play Stardew Valley because while I love this type of game, I'm not a fan of the pixel art thing.  But, It was on sale one day, so I broke down. I've been addicted since I got it and roped in my family to play too. I do prefer to play with mods, as some of the game play is frustrating to me, but there are some many great, interesting, and fun mods out there.",True,0,0,17149,17102,True,2026-06-14
413150,Stardew Valley,"Very fun farming game which you can play with friends, fun in the early and late game, there is a lot of different things that you can do so you won't get bored easily",True,0,0,2650,2514,False,2026-06-14
413150,Stardew Valley,"just get the game.
like, its really good.
and addicting...
i have about two-hundred hours on switch, so i pretty much got this version just for the mods
9.5/10-i need to touch grass.",True,0,0,753,264,True,2026-06-14
413150,Stardew Valley,This game is an rpg action farming life sim i had alot of good times in the game and i love how i could play the game in my speed and its so relaxing and i love the dialogs and interactions with the villagers,True,0,0,2162,1716,True,2026-06-14
413150,Stardew Valley,"yes very good game, farming that farm.


we support the farm- farm is love, farm is life after all

",True,0,0,2351,2296,True,2026-06-14
413150,Stardew Valley,this game is perfect for anyone any age you can be as serios or calm as you want you can just be as rich as possibe or do the other quests in the game. either way you will have a lot of fun and it has coop which is amazing,True,0,0,2645,2618,True,2026-06-14
413150,Stardew Valley,amazing game in vanilla version and modded with a large variety of mods from the amazing wonderful modding team!,True,0,0,328,323,True,2026-06-14
413150,Stardew Valley,"...I feel like the number of hours I have in this game say enough. I got nearly half of those hours in one month last year, so yeah. Love this game.",True,0,0,29381,29321,True,2026-06-14
413150,Stardew Valley,"Great game, but the design of the NPC can be more improved, i dont really like the NPC design, i dont feel attach to someone in the village to married because of the design, but the whole game was awesome.",True,0,0,2268,2089,True,2026-06-14
413150,Stardew Valley,"I needed a game to fill the Rune Factory void and found Stardew Valley. The art wasn't my cup of tea at first, but the characters profile art was actually amazing! There's tons of things to do! You will never be bored and you will always find yourself playing ""just one more day..."" only to find out hours have passed in reality, lol! 

The field is HUGE!!! This game is not one to be played impatiently, but to thoroughly enjoy! You will find several upgrades, although I think the backpack may need just one more upgrade from it's current final one. There's also a few other spots where you can choose where to live, if you don't want to start with the huge field. 

Love the animals and the crops you can grow, and the Professions you get to choose as well! Such an awesome touch and so different from the game I played before. 
I can play this game over and over again, and have with different characters. The replay ability is excellent! 

Thank you, ConcernedApe, for developing and updating this wonderful game! Can't wait for 1.7!",True,0,0,10401,10259,True,2026-06-14
413150,Stardew Valley,I LOVE THIS GAME!! Amazing gameplay and so much engaging things to do. 10/10!!,True,0,0,3193,2292,True,2026-06-14
413150,Stardew Valley,I truly adore this game. The multiple things that you can do weather you wanna go fishing mining farming or out exploring. There's something for everyone who enjoys a good cozy game. <3 10/10 game,True,0,0,84613,84613,True,2026-06-14
413150,Stardew Valley,I find farm games super boring but this one is only a little boring. I also love that Shayne Topp is in this game,True,0,0,551,401,False,2026-06-14
413150,Stardew Valley,"hell yes. i got this game as a gift from a friend last year, ♥♥♥♥ is frickin AWESOME. theres a lot of things to do, and personally i love fishing the most. i was able to repair the bus by fishing alone. i literally have 2 art trades and an owed adopt right now but im still playing stardew. thats how addicting this game is. im honestly glad i dont have any paid work/schoolwork to do right now, otherwise id be so damn cooked right now. i feel like a victorian child running around in a candy shop from how much serotonin this game gives me, especially since i only played roblox before. ok play this game now",True,0,0,4640,3639,False,2026-06-14
413150,Stardew Valley,"400+ hours later.. and yes, Steam, I WOULD recommend this game to others! 😂",True,0,0,24930,24820,True,2026-06-14
413150,Stardew Valley,I played the vanilla game on my switch now i wanted to play this game here with mods. and its more fun than ever,True,0,0,1412,953,True,2026-06-14
413150,Stardew Valley,"If chillness was a game.
I can't explain why, but this game is as great to play in winter as in summer !",True,0,0,4882,4882,False,2026-06-14
413150,Stardew Valley,"This game and the amount of hours I have on it, is 'proof' to back up my Autism diagnosis. I have never been a 'gamer' before playing this game. I adore everything about it from the characters to the the creaking sound the the chest makes when opening it. I simultaneously thank and curse my brother for showing Stardew Valley to me. For better or for worse, I don't think I will ever leave.",True,0,0,55106,55106,True,2026-06-14
413150,Stardew Valley,This game is mad chill. There's tons of stuff to do and it's sick that you can play locally or online co-op. I personally play with the music off and use my own music because the OG soundtrack is too calming for me and makes me a sleepy lil boy.,True,0,0,4366,2126,True,2026-06-14
413150,Stardew Valley,"I believe it's the kind of game that anyone can enjoy from beginning to end. I played it twice (at different times), and it was great. I recommend it.",True,0,0,13944,13944,False,2026-06-13
413150,Stardew Valley,"Best farming game, infinite things to do, always fun, always cozy:D",True,0,0,6869,6362,True,2026-06-13
413150,Stardew Valley,"I bought Stardew Valley thinking it would be a nice little farming game to play now and then.

Instead, it somehow became a game where I spend hours saying ""just one more day"" before realising it's way later than I planned.

What I love most is that you can do whatever you feel like. Some days I'm farming, some days I'm fishing, some days I'm down in the mines getting beaten up by serpents, and some days I'm completely ignoring my farm while I run around trying to complete random quests.

The amount of content in this game is honestly ridiculous for the price. I've paid more for a single DLC in other games than I paid for Stardew Valley, yet this game has given me far more enjoyment.

I also love that it doesn't feel like it's constantly trying to sell me something. You buy the game and that's it. No endless DLC, no battle passes, no microtransactions. Just a genuinely brilliant game made by someone who clearly cares about the people playing it.

The characters are great, the music is relaxing, and somehow even doing virtual chores is fun.

My only warning is that this game will completely destroy your sense of time. You'll tell yourself you're only playing for 20 minutes and then suddenly it's dark outside and you've spent the evening trying to reach the bottom of the mines or reorganising your farm for the tenth time.

An absolute gem of a game and one I'll keep coming back to for years.",True,0,0,1064,1006,False,2026-06-13
413150,Stardew Valley,"this game is great i lowkey spent entire weeks on it. when I first got it i didnt think it was all that, but after the first play session with my bro I realized it was addicting. VERY addicting. so much so that I consider just dropping every other game just to continue playing this one. but persona exists, so I can't say that.",True,0,1,3186,2099,True,2026-06-13
413150,Stardew Valley,"its a fun and peaceful rpg game and fun to play if you just want to relax, it's not intense, and if you make there is a lot of freedom, there isn't a specific storyline you're supposed to follow, you can do whatever you want, the game saves at the when you go to sleep in game, which means if you made a mistake you can always restart your day! def recommend for everyone",True,0,0,2449,656,True,2026-06-13
413150,Stardew Valley,"I've played Stardew Valley for over 1,000 hours, reached perfection, and started more farms than I can count. Somehow, after all these years, I still find myself coming back.

There are games that you enjoy for a while, and then there are games that quietly become part of your life. Stardew Valley is the latter for me.

The music has a way of calming me down no matter what kind of day I've had. The world feels like a place I can always return to, whether I want to build something new, chase a goal, or simply spend a peaceful evening tending crops and talking to villagers.

What makes this game even more special is the person behind it. Seeing one developer continue to pour so much love into a game through free updates, years after release, is incredibly rare. Every update feels like a gift from someone who genuinely cares about the community that formed around their creation.

But more than anything, Stardew Valley holds some of my favourite gaming memories. I've spent countless hours playing alongside my best friend, and many of those moments are memories I'll carry with me forever. When I think about Stardew Valley, I don't just think about farming, fishing, or reaching perfection. I think about laughter, late-night sessions, and a friendship that became intertwined with this little pixelated world.

It's difficult to put into words how much this game means to me. All I know is that after more than 1,000 hours, I'm still here.

And I suspect I always will be.",True,0,0,72602,72602,True,2026-06-13
413150,Stardew Valley,Very addicting and fun game to play,True,0,0,2103,754,True,2026-06-13
413150,Stardew Valley,it may seem boring at first but if you get to understand the mechanics it becomes super fun,True,0,0,1067,689,True,2026-06-13
413150,Stardew Valley,Cosy farming game with seemingly endless avenues to explore as the years go on. Customising your farm is super fun!,True,0,0,17049,16848,True,2026-06-13
413150,Stardew Valley,"A fun casual game; you can either have fun building your farm, or exploring the world. At first I didn't believe I would like the game, not exactly a fan of simulation games, but this game really does well for itself.      There are many more things to do than build a farm or talk to the locals, its a surprisingly deep game than one would believe.",True,0,0,10777,10777,True,2026-06-13
413150,Stardew Valley,"I love this game, i really do, but please i beg of you, work on haunted chocolatier. Ive had my fill of stardew valley",True,0,0,6469,6469,True,2026-06-13
413150,Stardew Valley,So many cute fellas. Everytime I see their perfect pixelated curves and girths I just can't control myself. I become a rabid dog and just start reproducing with my monitor frothing at the mouth. Nothing more satisfying than painting my room off-white every minute I play this game. Would definitely,True,0,0,4652,4628,True,2026-06-13
413150,Stardew Valley,Great farming game. Can be a bit of a grind but enjoyable and cute!,True,0,0,1144,200,True,2026-06-13
413150,Stardew Valley,"This is an amazing game i love it it is so creative you build a farm farm crops make friends mine in caves it it so detailed an has so many secrets waiting to be found, i highly recommend this game play it now!",True,0,0,11081,11081,True,2026-06-13
413150,Stardew Valley,"THE STUPID LITTLE MOLE RATS I FREAKING HATE THEM I WANT ALL OF THEM DEAD FOREVER. 
10/10 game would 100% recomend",True,0,0,1840,1292,True,2026-06-13
413150,Stardew Valley,A very cute crafting game that is fun to play multiplayer! Def worth the 15$.,True,0,0,1316,774,True,2026-06-13
413150,Stardew Valley,"What is there to say if you have never heard of this game? How can I boil it down as a quick expression to convince you...

Were you one of those teenagers in the mid 90's who tried to purchase and find all the very limited ""Harvest Moon"" type games along with your JRPGs?? DId you put up with Back To Nature on PSX and the slow dialogue bubbles, repetitive non-user friendly mechanics in the game for the love of the early Farming sim genre? Stardew Valley is your Back To Nature as you remembered it, but fleshed out, endlessly content-rich and playable, and within the bounds of gameplay, completely customizable. There really is nothing like it - and a million that have come after, but nothing will scratch that farm-life sim itch like this game. 

If you really get into it like I have, look up the hand-drawn hardcover Stardew Valley Guidebook availible online and write along your playthrough, with checkboxes, notes, etc hah. For the achievement hunter type (the reason I am restarting on Steamdeck/PC) there is a Heaven here for you to explore. Take a chance!!

PS: Ya'll Haley haters, ya'll can keep your alt girls. Haley is the girl for me. o7",True,0,0,2422,1447,True,2026-06-13
413150,Stardew Valley,"it's peaceful and calming, and easy for begenners to start the game. you aren't thrown in, it slowly, like, leads you into how to play. and people who've played for a while have a bunch of cool stuff to find and it's fun to play. plus, tip: if you stand still in the spa you get your energy back slowly!",True,0,0,2108,982,True,2026-06-13
413150,Stardew Valley,It's a very cute and relaxing game. As someone who has not grown up playing a lot of games this is such a cosy lil escape. :) highly recommend,True,0,0,1343,754,True,2026-06-12
413150,Stardew Valley,"Absolute cinema game, one day i go after baddies (♥♥♥♥ Hailey), the other day i have to farm 300 potatos. This game is amazing it's like having a farm IRL without any true benefits.",True,0,0,4141,4122,True,2026-06-12
413150,Stardew Valley,"Very good game. I've put in about 300 hours across all of my consoles this year, and I never get tired of it. Very fun gameplay, and there is always something to do. My only complaint is the co-op. It works, but it is a struggle sometimes. I don't know if that is just a skill issue on my end or what. 10/10 would recommend.",True,0,0,4381,3899,True,2026-06-12
413150,Stardew Valley,"It is as relaxing as you want it to be, but is interesting and activity driven enough to keep you engaged and interested.",True,0,0,153689,153641,True,2026-06-12
413150,Stardew Valley,"it's a cute game. Tons to do between the farming, fishing and mining alone. Plays well on my Steam Deck in Co-op with Proton. If you like Minecraft or similar games, you'll enjoy this one.",True,0,0,1322,521,True,2026-06-12
413150,Stardew Valley,"Please do not get if you want to spend infinite+ hours of downloading and updating mods if you want to mod your Stardew Valley game, but otherwise it may as well be truly worth the pain and suffering, since modding the game makes the game and your game save 100 more times more fun and interesting (and also more to how you expect the game to be). Also, all of the characters are very interesting to talk to and it's a very, very satisfying ""scratch-on-the-back"" when you finally marry your favorite romance option and eventually have kids with him or her (or them/it). You could even customize your character however you want, and go mining and fighting monsters underground other than the basic farming (that your role is said to be in the game, which is becoming a farmer and being the new dude in town), after moving away from the city to inherit your Grandpa's farm, because of some sort of apparent boring, uninteresting office job. 
Update: Then again, downloading a ton of mods may or might make your gameplay really laggy, might make it malfunction, might make your screen frozen, and you may experience glitches, etc. *** Download mods at your own risk I guess! ***

9990/10 stars (-10 stars because of the time-consuming, completely and 100% free, bonus/off-game (on an official modding website) mod-downloading and inputting into the game through a modding API specifically to the dang game.",True,0,0,12348,12348,True,2026-06-12
413150,Stardew Valley,"I have 573 hours in this game and counting. Amazing game to get obsessed with, its like minecraft, I keep coming back to spill weeks of my life into it, and it is rewarding every time.",True,0,0,22182,22182,True,2026-06-12
413150,Stardew Valley,"Chill farming game, lovable design and style and just cozy overall.",True,0,0,3398,2962,True,2026-06-12
413150,Stardew Valley,"What can I say that hasn't been said? It's a near perfect game, and the dev still works tirelessly to improve it further.
I can't put into words how incredible this game is. You just have to play it.",True,0,0,14374,12276,True,2026-06-12
413150,Stardew Valley,"If you can tell anything by the amount of hours I have in this game, Stardew Valley is absolutely an amazing and engaging game. The amount of love put into it by ConcernedApe shows with all the choices, events, and areas within the beautiful pixel art. After a while, it can get repetitive BUT Mr. ConcernedApe prepared for that for allowing modders to do their thing! The mods made the community are wonderful and add so much, but even without them the game holds up greatly! :)",True,0,0,39203,39203,True,2026-06-12
413150,Stardew Valley,"I love this game its perfect for something to play solo or with friends with the co-op feature. This is one of my personal favorite cozy games! The art in the game is outstanding and the music is very calming. The characters have depth and perspective, unlike mindless NPCs. I highly Recommend :3",True,0,0,331,192,True,2026-06-12
413150,Stardew Valley,"very fun, very whimsical, just modding it is interesting (then again i'm not a tech person)",True,0,0,2411,2242,True,2026-06-12
413150,Stardew Valley,This game is tricky when you first start out but once you get the hang of it its a really cool game between fighting monsters and farming it also has a lot in-between. you can complete requests that someone in the town needs from the board which is fun I would encourage that someone new to this game to start with the standard farm until you understand how to play then pick which ever one that fits what you like best I would suggest the beach farm because you can fish on your land instead of having to go the ocean every time but everyone is different so find one that fits you best! this is a fun game to just kind of screw around in when you don't really feel like fighting monsters and just want a game to distract you ginger island is harder and so is the skull cavern but other than that its a really cool game i really enjoy it a lot and have lots of dogs.,True,0,0,16144,15925,True,2026-06-12
413150,Stardew Valley,"This game has been with me through some of the hardest times in my life. I've bonded with people who are really really important to me by playing co-op. I've played over 300 hours of this game (most of which are on console), and I wholeheartedly recommend it to anyone who can run it on their phone, console, or computer.",True,0,0,4477,3954,False,2026-06-12
413150,Stardew Valley,Very slay. Cat. Chicken. Horse. Duck. tHE BEST.,True,0,0,2349,2122,True,2026-06-12
413150,Stardew Valley,"I love this game!!

As a massive fan of Harvest Moon, this game was recommended to me many times, but I have allegiances so I was initially skeptical. After playing for a bit, I was hooked and it has a little bit of everything: we're rebuilding the farm, building collections and skills, exploring caves, looking for romance, community building and there is solid narrative with little treats, cutscenes and lots of side stories. I also enjoy the other aspects like fighting in the caves, it gives it a bit of the feel of Rune Factory, makes it feel very full and well rounded. There is a lot to this game, I find that the ""slow release"" of new items and complexity it has a natural build up. I am super entertained every time I play, she is perf",True,0,0,8670,8670,True,2026-06-12
413150,Stardew Valley,"this game is lovely, has some shortcomings, but for an indie dev it's a masterpiece",True,0,0,17158,15691,True,2026-06-12
413150,Stardew Valley,"This game is a cute, cozy, sometimes infuriating, wonder. I have been playing this game for years, and its still fun. I recommend this game 100% to new gamers.",True,0,0,2268,2245,True,2026-06-11
413150,Stardew Valley,"What can I say? It's great for a reason! Love the artstyle, it feels so cozy and really comforting to play. It's easy to learn and once you start making money the game speeds up! Can run very easily you don't need powerful kit to run it at all. Really awesome to play with friends or on your own.",True,0,0,13066,13066,False,2026-06-11
413150,Stardew Valley,"Been playing on my phone 2 year ago with play pass, after i got a laptop for my college i decided to buy this game and man i still enjoy it much love to ConcernedApe for making this game 
10/10 game",True,0,0,2231,1136,True,2026-06-11
413150,Stardew Valley,"I love this game, its one i can spend hours on and when ive had a break will always come back to. The graphics remind me of old Nintendo games which is rather nostalgic. Its a fun farming, community game with come action there to. A nice easy chilled out game.",True,0,0,21448,21405,True,2026-06-11
413150,Stardew Valley,"Stardew Valley is an amazing game! The characters are charming, the gameplay is relaxing, and there is always something fun to do. I love farming, fishing, mining, and making friends with the villagers. The pixel art and music are beautiful. It's one of the best cozy games I have ever played. Highly recommended!",True,0,0,2454,2163,True,2026-06-11
413150,Stardew Valley,Fun game to chill on a call with a friend and play + lightweight game,True,0,0,3863,3863,True,2026-06-11
413150,Stardew Valley,"At first glance, it looks like a simple farming game, but the more you play, the more addictive it becomes. Talking to the townspeople and helping them out makes the game feel much more alive and enjoyable. There’s always something to do, whether it’s farming and keeping track of the seasons, fishing for some extra money, taking care of your animals, or exploring the mines while fighting off monsters. Because of that, the game never really feels repetitive. You lose track of time in the real world while doing all of this. Great game to sit back and relax with, definitely worth trying. Overall a 8.9/10 game.",True,0,0,1507,1391,True,2026-06-11
413150,Stardew Valley,Obsessed with this game. It is a magical experience with something for everyone and I've gifted this to multiple friends now. It can become anything you want with the mods from one of the best communities in gaming I've ever seen. I have spent hundreds of hours in Stardew Valley and I will gladly spend hundreds more.,True,0,0,17854,17854,True,2026-06-11
413150,Stardew Valley,"I love this game so much! The graphics the characters and story lines are AMAZING! 
Would Recommend!",True,0,0,5655,5224,True,2026-06-11
413150,Stardew Valley,"Absolute gem of a game. If someone thinks that this is just a farming game, you are very wrong. Its real life simulator with lots of lots of content!!!! Amazing game (and u can make babies too)",True,0,0,760,560,True,2026-06-11
413150,Stardew Valley,"After hundreds of hours across several years and multiple farms, I still have fun when I fire this game up. It may not be the most challenging game in the world, but it's not trying to be. It's a fun farming simulator with lots of well written characters, great sound and visual design, and it continues to be updated with new content a decade later. Definite recommend.",True,0,0,43882,43882,True,2026-06-11
413150,Stardew Valley,"Needless to say..... no one tops off Stardew valley and this community. This will always be my comfort game that I revisit once every few while. And am really grateful for ConcernedApe to still push out for updates for this game, and there's still new things for me to discover even as a 1.5k hour player :') Can't wait for haunted chocolatier woohoo!!",True,0,0,87440,87440,True,2026-06-11
413150,Stardew Valley,Fun and casual. Is a bit of a learning curve if you're not used to these types of games.,True,0,0,1988,1656,True,2026-06-11
413150,Stardew Valley,"Stardew Valley is actually such a good game to play with your partner.

It is chill, cute and very easy to get hooked on. You can farm together, decorate your house, raise animals, go fishing, explore the mines and slowly build your own little life in the game.

What I like most is that both of you do not need to be doing the same thing all the time. One person can be planting crops while the other is fishing, mining or randomly cutting trees. Somehow it still feels like both of you are working towards the same goal.

It is also quite funny as a couple game because you might argue over where to place things, who spent all the money, or why one of you passed out in the mine again. But that is also part of the fun.

The game looks simple, but it has a lot of charm. The music is relaxing and the gameplay is very satisfying. You do not need to be a serious gamer to enjoy it, which makes it perfect if your partner does not usually play games.

Overall, Stardew Valley is cozy, wholesome and really nice to play together. If you want a game that lets you relax, laugh and build something together, this is a very solid choice.
",True,0,0,1857,1857,True,2026-06-11
413150,Stardew Valley,"One of the best games in the store. Lots of fun and content. 
Don't think too much and just buy it :)",True,0,0,18878,18878,True,2026-06-11
413150,Stardew Valley,"My favorite game of all time. Not only is it fun, it's beautiful, has genuinely amazing characters, and is infinitely repayable. Getting a little bored of vanilla? Check out the absolutely massive modding scene! Theres something for everyone, and it's really why I keep coming back. I love this game with all of my heart, which I think is shown with my playtime...",True,0,0,97587,96886,True,2026-06-11
413150,Stardew Valley,"Super fun and cute, very good cozy game it lives up to the hype :P",True,0,0,4787,3386,False,2026-06-11
413150,Stardew Valley,"Everyone loves Stardew. Turns out, even me. For a while I thought it so cozy as to be sleep inducing. I just hadn't unlocked the other half of the game...now I can't get enough. ConcernedApe is an incredible creator. Buy his game. Fall in love.",True,0,0,9401,8608,True,2026-06-11
413150,Stardew Valley,"It is one of those games that I can play over and over and never get bored. It is probably one of my top games of all time. I love stardew and I'm so grateful that its so maintained and loved by the creator. 
",True,0,0,12147,12147,True,2026-06-11
413150,Stardew Valley,"Ngl guy's i grind this game like crazy 
. I got over 1000 hours on my ipad of gametime. I just started playing this game on my PC three days ago.. Iv'e already got 17 hours so far. I just cant't stop playing this game. NO ONE LOVES THIS GAME LIKE I LOVE THIS GAME. But yeah you should For sure download this game.",True,0,0,1867,1066,True,2026-06-11
413150,Stardew Valley,"load into game
mods crash
load new mods
breaks
load in again 
best game in library",True,0,0,1383,1383,True,2026-06-11
413150,Stardew Valley,a fun game about farming and socializing (yes the socializing is required. it makes the game play better for farming eventually),True,0,0,6181,6051,False,2026-06-11
413150,Stardew Valley,"**Title: A Slice of Paradise in Stardew Valley**

Stardew Valley has completely transformed my gaming experience, and I feel compelled to share just how special this game truly is. From the moment I stepped onto my grandfather's farm, I was captivated by its charm and depth.

The first thing that strikes you about Stardew Valley is its beautiful pixel art. The landscapes are breathtaking, from the rolling hills and lush forests to the quaint town bustling with life. Each season brings its own vibrant palette, and watching the world change around me with the passing months adds a touch of magic to everyday activities. The attention to detail is incredible, with each character and location meticulously crafted to create an immersive environment.

The gameplay is a perfect blend of simplicity and complexity. At first glance, it may seem like a farming simulator, but Stardew Valley offers so much more. There’s a unique mix of farming, mining, crafting, and social interactions that keeps the gameplay fresh and engaging. Planting crops, raising animals, and expanding my farm are incredibly satisfying, especially when I see the fruits of my labor come to life. Managing my farm allows for creativity; I can design it however I want, making each player's experience unique.

What truly shines in Stardew Valley is the sense of community. The townsfolk are well-developed characters with their own stories, quirks, and routines. Building relationships with them, participating in festivals, and learning their secrets adds depth to the game. There’s something heartwarming about helping them out or just stopping by for a chat. The diverse cast ensures that there’s someone for everyone to connect with, and I genuinely found friendships with characters like Abigail, Harvey, and the wise old wizard.

The music and sound design also deserve a mention. The serene and soothing soundtrack perfectly complements the gameplay, creating an atmosphere that is both relaxing and enchanting. Whether I'm working late into the night on my farm or exploring the forgotten mines, the melodies enhance the experience and make even the simplest tasks feel rewarding.

The game’s progression system is rewarding without ever feeling punishing. There’s no rush, and players can progress at their own pace. Whether you want to focus on farming, mining, fishing, or engaging in the local economy, the choice is yours. The game encourages exploration and experimentation, which kept me engaged and excited to discover new aspects of the game.

Additionally, Stardew Valley excels in its multiplayer capabilities. Playing with friends adds a new dimension to the experience. We could work together on the farm, tackle some of the more challenging aspects of the game, or simply enjoy the company of each other as we go about our rural lives. It’s a delightful way to bond over shared goals and objectives.

Overall, Stardew Valley is a masterpiece that brings together engaging gameplay, charming aesthetics, and a warm sense of community. It’s the perfect escape from reality, allowing me to step into a world where I can unwind, explore, and create. There’s a peacefulness in tending to crops and making new friends that I never want to end, and I wholeheartedly recommend this game to anyone looking for a rewarding and heartwarming experience. Simply put, Stardew Valley is more than just a game; it’s a home away from home. 🌻🍓✨",True,0,0,2649,2639,True,2026-06-10
413150,Stardew Valley,"I love this game. I do wish the days were a tad bit longer but otherwise, I can play this game four hours!",True,0,0,2769,2769,True,2026-06-10
1091500,Cyberpunk 2077,"
---{ Graphics }---
☑ You forget what reality is
☐ Beautiful
☐ Good
☐ Decent
☐ Bad
☐ Don‘t look too long at it
☐ MS-DOS

---{ Gameplay }---
☑ Very good
☐ Good
☐ It's just gameplay
☐ Mehh
☐ Watch paint dry instead
☐ Just don't

---{ Audio }---
☐ Eargasm
☑ Very good
☐ Good
☐ Not too bad
☐ Bad
☐ I'm now deaf

---{ Audience }---
☐ Kids
☐ Teens
☑ Adults
☐ Grandma

---{ PC Requirements }---
☐ Check if you can run paint
☐ Potato
☐ Decent
☐ Fast
☑ Rich boi
☐ Ask NASA if they have a spare computer

---{ Game Size }---
☐ Floppy Disk
☐ Old Fashioned
☐ Workable
☑ Big
☐ Will eat 15% of your 1TB hard drive
☐ You will want an entire hard drive to hold it
☐ You will need to invest in a black hole to hold all the data

---{ Difficulty }---
☐ Just press 'W'
☐ Easy
☐ Easy to learn / Hard to master
☑ Significant brain usage
☐ Difficult
☐ Dark Souls

---{ Grind }---
☐ Nothing to grind
☐ Only if u care about leaderboards/ranks
☑ Isn't necessary to progress
☐ Average grind level
☐ Too much grind
☐ You'll need a second life for grinding

---{ Story }---
☐ No Story
☐ Some lore
☐ Average
☐ Good
☐ Lovely
☑ It'll replace your life

---{ Game Time }---
☐ Long enough for a cup of coffee
☐ Short
☐ Average
☐ Long
☑ To infinity and beyond

---{ Price }---
☐ It's free!
☑ Worth the price
☐ If it's on sale
☐ If u have some spare money left
☐ Not recommended
☐ You could also just burn your money

---{ Bugs }---
☐ Never heard of
☑ Minor bugs
☐ Can get annoying
☐ ARK: Survival Evolved
☐ The game itself is a big terrarium for bugs

10/10",True,186,20,59634,55392,True,2026-06-02
1091500,Cyberpunk 2077,"[h1] AMAZING GAME [/h1]

Cyberpunk is exactly my kind of game. FPS + Fast-Paced + Dialogue Choices + Looter-Shooter + RPG + Open World + Futuristic + Romance, it's the absolute ultimate combination. The gunplay is pretty solid, the story is engaging, and the dialogue choices are interesting yet a little bit risky, so you can't just click through them without thinking.

[h2] The World & Loot [/h2]
The characters are interesting, though they could still use a bit more development and deep-diving into their backstories. Still, I love Johnny. He's probably one of the best companions in gaming since Elizabeth from Bioshock Infinite. He’s like an uncle who tells me what to do and warns me whether something is safe or not.

The looter-shooter mechanics are absolutely rewarding af. You don't have to level up or anything just to equip a weapon, which makes exploration feel so much more worthwhile. It’s unlike those other games where you’re like, [i]""Wow, I found this great looking gun after exploring hour after hour, finally!""[/i] only for the game to say, [i]""Congratulations on finding this gun! Now go waste some more time leveling up just to equip it.""[/i] Like, bruh~.

Some people wanted this game to be in TPP, but not me. I’m relieved it turned out to be FPP. I play Fallout and Skyrim in first-person too, and even for survival games, I always prefer and enjoy FPP way more.

[h3] My Current Hoard: [/h3]
[*] 150 Weapons
[*] 55 Melee Weapons
[*] 484 Clothing Items
[*] 14 Vehicles
[*] 200+ Quests done in the base game alone (and I still haven't collected everything! :))

---

[h2] Enough for the review now it's yapping time, my journey to playing this game (Cuz it's such a memory....) [/h2]

I remember when this game blew up everywhere. I saw the memes, my favorite YouTuber uploading build videos, and all the complaints about it being a buggy mess in terrible shape. 

I got curious and searched YouTube for the gameplay, and damn, it looked cool af. I realized this was the exact game I had wanted for a long time. I wanted to play it so bad, but I didn't have a device that could run it. Even though it was buggy, I just didn't care. I ended up turning off the video and told myself:

[quote] ""I will definitely play this game in the future."" [/quote]

I stopped watching because I knew I'd play it eventually, and I didn't want to spoil anything. Time passed, and I kept saving money from school. It was a constant cycle: saving money > building a PC > components failing/faulty > saving money again > building a PC again > failing again > repeat.

Then, in 2024, I finally built a PC with an [b]i5-3470 + RX 460 2GB + 8GB RAM[/b]. An absolute potato, but hey, I could finally play! With the help of some optimization mods, I beat the game and the DLC with 80 hours of playtime. And you know what? My GPU literally died right after I beat it lol. At least I finally got to play it and reached my dream. I always praise this game and recommend it to friends or random people. One of my friends actually loved it and became a huge fan!

[spoiler] RIP to the RX 460 though, it died a hero's death. [/spoiler]",True,18,0,10228,6311,True,2026-05-22
1091500,Cyberpunk 2077,"I know I’m very late to this game, but after finally completing , it was absolutely worth the wait. I don’t know how the game was at launch maybe it really was rough back then but in its current state, this game feels amazing.

The feeling of roaming around the night City is unmatched. The RPG mechanics may not be as deep as the ones as their other games, but I still loved the build variety. There are so many different builds to experiment with, which makes the gameplay even more fun. My personal favorite was the slasher build.

The NPC questlines were genuinely interesting too, and I really enjoyed the main story. The ending can honestly make you emotional. CDPR really did an incredible job turning this game into something far better than what people remember from release.

The gigs might feel repetitive for some players, but I loved exploring the map so much that I ended up completing every single one of them.

For me, this game is easily a 10/10, and I can’t wait to start the  DLC next.",True,15,0,3715,3715,False,2026-06-03
1091500,Cyberpunk 2077,"[h1] CHOOM, THIS IS THE MASTERPIECE OF NIGHT CITY [/h1]

[b][i]  Conquered Night City with a flawless 100% completion badge. I didn't just play this game; I lived, chromed-up, and burned this city to the ground alongside Johnny Silverhand.

Let’s be real, its launch was a complete cyber-disaster, but CD Projekt Red turned this ship around so hard that it evolved into an absolute legendary ride. From the tragic, existential depths of the main story to the unmatched, neon-soaked dystopian atmosphere, it is now a pure masterpiece. The massive Phantom Liberty DLC takes the experience to an entirely new level, dragging you into the gritty, high-stakes spy thriller world of Dogtown with an unforgettable narrative.

But amidst all the chaos, betrayal, and chrome, true love found its way in the badlands. Finding real connection with Panam Palmer, fighting alongside the Aldecaldos, and ending this journey with her by my side was the ultimate peak of this story. If you haven't achieved everything and driven into the sunset with Panam, you haven't truly seen Night City. A masterpiece that owns a permanent crown on my profile.

Wake the f**k up, Samurai. We have a city to burn. 9/10  [/i][/b]",True,41,7,16797,16797,True,2026-05-25
1091500,Cyberpunk 2077,10/10..one of the best games that I have ever played..got everything that you want in a video game..What a journey..PS: <3 JS,True,15,0,6430,6430,True,2026-05-24
1091500,Cyberpunk 2077,"So I never played this game at launch and only played it years later. Ngl, I didn't want to play through it at first but after buying it i told myself to play if for at least 3 days. It turned into a 3 month obsession. I didn't know it was a game where you could get different endings. This game was genuinely somewhat responsible for ending a 2 year relationship i had with my fiance because of how real if felt and how nihilistic i became. one of the most real games i have ever played. no game comes remotely close to being as immersive or having characters that feel so genuinely alive. and the people who tossed this game to the side after a few crashes and never gave it a second chance, don't deserve the masterpiece that it is now. legit a 10/10 game.",True,10,4,6029,6029,True,2026-05-20
1091500,Cyberpunk 2077,"The only thing I dislike about this game is that there isn't an infinite amount of it for me to enjoy.  I return to this game every few months, lose myself in it for a week, gush about how great it is to my friends, and then go back to the coldbox of other games like Bartmoss for another few months.

My only real gripes are that I wish there were more voice options, and I'd like a native option to narrow the field of random stats that populate when upgrading cyberware to stats that are relevant to your build.  Mods solve this problem handily, but it's something I hope they CDPR thinks about doing if this game gets a sequel.  Also, I personally am not a fan of any of the romance targets in the game; they all have some pretty crippling character flaws that would make me shy away from a serious relationship with them, so most of the time I just skip romance entirely.

9.5/10, sell me another one please -- preferably with fewer on-launch issues than this one.",True,5,0,67366,65633,True,2026-06-05
1091500,Cyberpunk 2077,"A epic open world first person game with many different factions and political elites. A great story that'll have you either laughing or emotional at times. There's a skill tree mechanic in which you can unlock new abilities that'll either help you in combat, survive or learn skills to help you progress by means of learning how to hack systems, open doors and ventilation shafts.

The character animations are nicely done and life-like. The quests or missions are super long compared to other games. You literally feel like you're hanging out with someone for 2-3 hours. With lengthy dialogues and animations. Also, whether you are picking someone up, driving to a location to gather supplies, checking out or gathering intel on an enemy base before entering, driving to a location to pick up your reward. And even after everything, sometimes dropping that person back off.

To make the missions faster and easier to navigate, you can either fast travel to your objectives or allow AI to drive you to your objective markers with auto-drive. You can also skip forward in time, which skips dialogue and animations for those who have to reload a save and don't want to go through it all over again.

The Phantom Liberty DLC is well worth the price as I thought it would never end. But in a good way. With much more content, such as additional missions, skill tree, tech, cyberware, vehicles and weapons. A new cast of characters and actors. Not only does the base game alone have multiple different endings based on the decisions you make in the game, but the Phantom Liberty DLC also has many different endings.

The only downside to the game for me is there's no vehicle garage or aircraft hangars where you can customize your vehicles. You can at least purchase many different types of vehicles and give them a custom paint job.

I recommend making a manual save for each mission you play as there are some missable achievements and you also may have not liked the choices you have made that will change the overall experience and ending.

[b]Don't Forget To Grab The Free DLC Bonus Content :[/b]
- Original score
- Art booklet featuring a selection of art from the game
- Digital Comic Cyberpunk 2077: Your Voice
- Cyberpunk 2020 sourcebook
- Wallpapers for desktop and mobile

[b]I Recommend This Guide :[/b]
https://steamcommunity.com/sharedfiles/filedetails/?id=2314731948
[b]Features :[/b]
- Photo Mode : When enabled in game, allows you to freely roam with a camera. It has many different features from changing camera settings, filters, adding / removing NPCs, adding backgrounds, overlays, stickers and much more. You can also make the camera live and not just a freeze frame still picture by changing the game speed.

- Apartments : You can purchase different apartments located throughout Night City where you can store items, check your computer, watch TV, shower, sleep and more.

- Relationships : You can choose from various main story characters in which you can have a relationship. There are different interactions based on the chosen apartment.

[b]Save Folder Location :[/b]
The saves can be found in the ""CD Projekt Red"" folder, which is located in :

C:\Users\USERNAME\Saved Games\CD Projekt Red",True,4,0,13649,13649,True,2026-06-10
1091500,Cyberpunk 2077,"Awesome game, a bit misunderstood and overhated at launch.

Graphics are incredible overall, especially after all the updates. Night City is one of the most detailed and immersive open worlds ever made, full of life, neon lights, crowded streets and beautiful environments. Character models and facial animations are excellent, and the combat animations feel fluid and satisfying. Some NPC behaviors can still feel a bit awkward at times, but the overall presentation is top tier.

Sound design is amazing. Weapons sound powerful, cars feel aggressive, the city ambience is immersive, and the voice acting is top tier across the board. The music is absolutely phenomenal, perfectly matching every moment, whether you're cruising through the city at night, fighting through chaos, or experiencing emotional story moments.

Gameplay is great and highly engaging. Let's start with the combat, because many people still think Cyberpunk is just ""GTA with RPG elements"", but it offers so much more than that. There are many different playstyles to choose from: stealth hacking, aggressive gunplay, melee combat, katanas, throwing knives, cyberware-focused builds, snipers, shotguns, netrunning, and more. Every build feels different and has strengths and weaknesses depending on your approach and preparation. Combat is fast, fluid and rewarding, especially once your build starts coming together. The movement also feels great, especially with double jumps, dashes and cyberware upgrades that make you feel increasingly powerful.
The progression system is great, allowing you to specialize heavily into your preferred playstyle. Skill trees offer meaningful upgrades that genuinely change how you approach combat and exploration. Cyberware customization is one of the best parts of the game, letting you turn your character into an unstoppable machine, stealth hacker, samurai or whatever style you prefer.
Looting and equipment are also very satisfying. Finding iconic weapons, upgrading cyberware and experimenting with builds keeps the gameplay fresh for dozens of hours.
Exploration is another huge strength. Night City feels alive and dense, with hidden events, side gigs, random encounters and environmental storytelling everywhere. Even just driving around the city at night can be immersive on its own.
The side content is surprisingly strong too. Many side quests are written with the same quality as the main story, often presenting difficult choices, morally gray situations and memorable characters. Some side quests end up being more emotionally impactful than entire main campaigns in other games.
Another great mechanic is how your choices and relationships affect quest outcomes, dialogue and endings. Some opportunities, conversations and endings are only available depending on how you played and who you connected with throughout the game.
These are only some of the great mechanics the game offers, the rest are for you to discover.

The enemies are varied and fun to fight. Different gangs use different weapons, tactics and cyberware, forcing you to adapt your approach. Boss fights and cyberpsychos can also be very memorable, especially when your build is tested properly.

The story is excellent, emotional and extremely well written. The characters are memorable, believable and full of personality. V and Johnny Silverhand have fantastic chemistry throughout the game, and many side characters leave a strong impression too. The role playing aspects are very well done, with meaningful dialogue choices, different character backgrounds and multiple endings depending on your decisions. The game constantly presents morally complex situations where there is rarely a completely right or wrong answer. Also some of the endings are brutal, so be prepared to a rollercoaster of emotions.

In short, awesome game, a bit misunderstood because of its disastrous launch. After years of updates and improvements, the game became what people originally hoped it would be. Many people still judge it based on old impressions without giving it another chance. If you enjoy immersive RPGs, great storytelling, strong world building and flexible character progression, this game is absolutely worth experiencing.",True,3,2,16523,16523,True,2026-05-26
1091500,Cyberpunk 2077,"When this game first came out I refused to buy it it because of the state it was in. 6 years later I was able to get it on sale for like 15 dollars and thought why not. Overall, was playable, though still buggy. I like the story and the world, and the gameplay. But mostly the gameplay of sidequests and main stories. The boss fights are really not that great as is the melee combat. And especially bosses that primarily do melee or have knockdown attacks suck. But that's not really what the game was trying to go for anyway. 

Keanu Reeves carries hard. The game is definitely worth playing, and while flawed, is very fun, and has great worldbuilding behind it too.",True,2,0,4251,4251,True,2026-06-14
1091500,Cyberpunk 2077,"/SPOILER WARNING IN PARAGRAPH 2/

I honestly am torn between recommending and not recommending this game. The gameplay itself is fantastic. It makes a lot of fun, and that is only after one playthrough of a more stealth/Quickhack based Playstyle. The looting, scenery and also just the overall atmosphere is great and brings everything I want from a Sci-fi Looter Shooter. 

My Problem is with the Endings. I feel they are all badly written and just make no sense at all. I chose the Arasaka Ending, or rather came out there where I did the first one at the rooftop without the Pills, restarted and used the other longer one where I go to the Arasaka Tower and play through the Hanako Story. 

The Ending I got there is just terrible. My Romance just ups and leaves after I called her from the Orbital station and I die 6 months after. Or I would have chosen the other route of just surrendering myself to Mikoshi, completely ignoring the entire Alt cunningham arc where I thought something happens since she told me to get into Mikoshi and she helps me after. (Did not play that ending, but from  all I read it does not end well either and you just die?)

The Endings are understandably not all roses and sunshine as is NightCity standard, but they feel forcibly bad and not coherent with the characters and the previous storytelling. 

Takes away from a great game and also makes it infuriatingly bad for a decision making game to feel like no decisions make a difference or get you to your outcome.

Overall I recommend the game for the Play aspect and surely the replayability with difference Endings, Approaches or Romance and Storylines.
Just be prepared that the Ending might leave you disappointed or feel taken out of the immersion.
",True,2,0,3330,2795,True,2026-06-07
1091500,Cyberpunk 2077,"I’m V and the game is Silverhand - I can’t get Cyberpunk 2077 out of my head. I played 90.8 hours, which is probably about as healthy as scooping out my face and replacing it with electronics, but it didn’t feel like work. Like a digital personality loaded onto a biochip, it felt like stepping into another life for a while. It’s a life I can’t wait to relive.",True,2,0,5445,5445,True,2026-05-23
1091500,Cyberpunk 2077,"one of my favourite games and its very underatted in my opinion the Themes, the emotionall story and the depth of the sotry and it's symbolisms are amazing. It deserve every hour i give in to it and every little gig or sidequest was putting more depht to the story it's many amazing endings.",True,2,0,4449,4449,True,2026-05-20
1091500,Cyberpunk 2077,"peak story, peak gameplay, peak characters, peak atmosphere. absolute gem. everyone should play this game once in their lifetime. ♥♥♥♥♥♥♥ love it",True,2,0,2526,2129,True,2026-06-09
1091500,Cyberpunk 2077,great gunplay and support for variety of action playstyles. Tons of great additions through free updates as well,True,2,0,20046,19114,True,2026-05-26
1091500,Cyberpunk 2077,Accurate representation of what it's like to live in California,True,2,0,8493,6158,True,2026-05-26
1091500,Cyberpunk 2077,"Amazing experience overall—Cyberpunk 2077 isn’t perfect, but the atmosphere, characters, and slow-burning story really pulled me in. The diversity of transportation, from sleek cars to bikes, adds to the immersion, making Night City feel alive even when it doesn’t fully react to you. It’s flawed in places, but the vibe and moments it creates stayed with me long after I stop playing.",True,2,0,14738,10653,False,2026-06-02
1091500,Cyberpunk 2077,♥♥♥♥ all companies that force you to sign a binding arbitration agreement AFTER you already owned the ♥♥♥♥♥♥♥ game!,False,5,0,2172,2172,True,2026-06-07
1091500,Cyberpunk 2077,"In my opinion, it's the best single-player game of at least the last 10 years. It's one of the very few games I've played through twice.",True,1,0,7402,7402,True,2026-05-25
1091500,Cyberpunk 2077,"Panam got preem cheeks choom L game cause can’t crack Johnny. Gooned to naked Judy for 2 hours straight, honestly the best stuff I’ve ever seen. 10/10 boobies",True,2,0,4511,4283,True,2026-05-22
1091500,Cyberpunk 2077,"Not askin' you to never give up. Sometimes you gotta let go...
Just don't let anyone change who you are, 'kay?
G'night, V. Today was a good day.


Even when it was released and it was called a buggy mess, i never had issues and loved the games. Ever since then the game has only gotten better. Playthrough after playthrough i keep coming back to one of the best RPGs of the modern age. This is one of the few games I'm happy to have 100%'ed and one of the few games i regret not buying the collector's edition of.
",True,2,0,10554,10481,True,2026-05-31
1091500,Cyberpunk 2077,one of the greatest games ever made. the story and worldbuilding never fail to enthrall me even on my sixth playthrough. the gameplay/combat is also awesome ever since 2.0. peformance is solid. 11/10.,True,1,0,21449,19434,True,2026-05-31
1091500,Cyberpunk 2077,"After having finally played it after 6 years since release, I'd give it an 8.0/10 with Phantom Liberty 9.5/10. Cyberpunk 2077 offers amazing world building and an almost sandbox way to play the game. The base game story is compelling but choices don't seem to have as big an impact as I'd like them to have. Phantom Liberty is better than the base game in every aspect and should've been the standard from the start. The biggest downside of this game is the performance; DLSS and FG is basically mandatory to get a decent framerate while keeping the graphics looking good.",True,1,0,8114,7011,False,2026-05-29
1091500,Cyberpunk 2077,"Story 8/10
Side Quests 7/10
Graphics 9/10
Gameplay 8.5/10
Immersion 8/10
Atmosphere 8/10
Fun 8/10
Music 8.5/10
Sound 9/10
Voice Acting 9/10
Perks & Skill Tree 9.5/10
Animation 8.5/10
AI/NPC 8/10

Overall 8/10


The game is far from perfect, after all the fix patches, there're still bugs in the game, they're not game breakers but they are there. Cant wait for the sequel though!",True,1,0,16981,15915,True,2026-05-17
1091500,Cyberpunk 2077,"There are so many things I like about this game, but the biggest is that it makes me feel better about myself as a software developer. Stacked objects will randomly fling themselves around, especially tires. Traffic randomly stops or collide, and vehicles tear off for no reason. Bodies get stretched or thrown off into the far distance. It's fun to jump into a beautiful cityscape and wreak havoc, constantly being reminded that it's just a game.
For the actual game, I'd give it a B+ these five years after its launch. It's far, far too cutscene driven. The main storyline is just small side quests between long cutscenes. I constantly press 'skip forward' to advance dialog. I've completed all side jobs and quests, gotten all of the rewards from the fixers, and completed 3 of 4 game endings, but what I really remember are the early story arcs and the feeling that I didn't really know which subplot to follow (Johnny? Takemura? Panam? Evelyn? Judy? Rogue? River?).
In that way it was like Elden Ring to me. Confusing, fun, bewildering, and eventually something I'm glad I mastered. Night City is a fun place to visit, but I wouldn't want to live there.",True,2,0,10563,9356,True,2026-06-04
1091500,Cyberpunk 2077,good story and this game running smoothly on my little potato,True,1,0,6013,6013,True,2026-06-16
1091500,Cyberpunk 2077,We're living in a Cyberpunk world but without its aesthetics,True,1,0,4166,4166,True,2026-06-16
1091500,Cyberpunk 2077,"Runs smooth at rt medium, and not laggy (as much), also prefer internal ssd as much as possible especially on mac",True,1,0,4952,4925,True,2026-06-13
1091500,Cyberpunk 2077,"Best  game ever, with many things to do, a real impact of your choices in the game and an incredible story. easy 100/10",True,1,0,2587,2207,True,2026-06-12
1091500,Cyberpunk 2077,A testament to dedication and paitence.  A great game to lose oneself into.,True,1,0,9018,9018,False,2026-06-12
1091500,Cyberpunk 2077,"played this game before and just bought it on steam, it's very much worth the price especially the DLC add on, great story and free roam :D",True,1,0,925,74,True,2026-06-11
1091500,Cyberpunk 2077,"Best game ever, ties up with RDR2. Argue with a wall. Insane story line, great DLC, so many good side missions, characters you care about, really feels like living in a dystopian world, crazy weapons, cars and abilities. 

Only nit pick - need more playable activities and dialogues with Panam and other characters post game. Ruins the immersion a bit when Panam says the same thing everytime she visits our house. 

PS: I played 150 hours on PS5 hence low hour count in Steam. 10/10 highly recommend.",True,1,0,346,346,True,2026-06-11
1091500,Cyberpunk 2077,"Pretty solid AAA game, i wish they provided more context for every major decision you gotta make, the game kind of expects you to have played the whole thing already and gives you no info to make the choice you actually want. Stealth is top tier, regular combat is a bit awkward, melee is pretty janky and netrunning is ridiculously OP lol, id honestly avoid it next time bc it makes the game too easy.

My main complaint would be the endings, there are some VERY specific decisions you gotta make to enable all the endings, good thing is you can always choose which one to play and you can play them all, as long as you fulfilled the somewhat secret prerequisites. That said tho, the game literally tells you that *someone* cant be saved and doesnt even provide an (optional) side objective so i though it was true but the game purposely lied to me so now my 100hs+ save is going to be permanently lacking a character i actually liked and favored the entire playthrough. Im not gonna go through 70hs of gameplay AGAIN just bc of this, luckly i found an autosave there and will get the achievement but still, the game is pretty lacking in warning the player ''hey this stuff is important, heres some info for you to make an informed decision'', instead its like ''LMAO just start the whole game again and learn this next time, maybe''.

It really sucks bc i had to play the entire thing with the wiki opened on the second monitor, frecuently got spoiled and its FANDOM. Yes they didnt move to wiki.gg, my ram cries everytime.

Performance wise its pretty well optimised for today standards, its mostly CPU bound tho so if you have a decent GPU you'll be able to have most settings maxed with raytracing disabled, my frames drop to 75 worst case bc cpu, if not im usually over 100 sometimes even capped at 144 bc gsync.",True,1,0,6797,6565,True,2026-06-10
1091500,Cyberpunk 2077,"This is one of the best games I’ve ever played. It’s extremely immersive, raw, and gritty. A lot of replayability with different combat builds and dialogue choices. Hell, even the gender of your character changes the story. 

After finishing this game, I felt empty. Not because of the depressive nature of Night City and its outcome, but because there aren’t any other games like this one on the market. So much care, thought, and time went into every aspect of this game. It’s an absolute masterpiece. 

Unpopular opinion, but The Tower ending from the Phantom Liberty DLC is the best and most satisfying ending to this game.",True,1,0,6724,6724,True,2026-06-10
1091500,Cyberpunk 2077,"I am not really an shooter kind of guy but I'm really enjoying taking out the trash with pistols in this game. I feel like it's the whole cyberpunk aesthetic that draws me in. Or maybe this is just the perfect gateway drug to shooters. Either way, I keep coming back for more.",True,1,0,5976,5242,True,2026-06-09
1091500,Cyberpunk 2077,"An entertaining and depressing glimpse into the future with a cast of very compelling characters and an immersive world that reflects a lot of the darkest aspects of our society taken to their logical extremes. The combat is satisfying, though can get pretty easy at times. This emotional rollercoaster of a game feels extremely prophetic and will remain relevant for decades to come",True,1,0,6964,6964,True,2026-06-07
1091500,Cyberpunk 2077,"Can be a bit repetitive, but overall a great game (storyline and gameplay).",True,1,0,4216,4216,True,2026-06-06
1091500,Cyberpunk 2077,"I've never cried so much to every ending in a game before, never felt so happy to be immersed inside of a games world, never adored the writing and characters + relationships they all have with each other, never had so much fun in 3d combat, never got so much enjoyment and meaning and escape from a game before than Cyberpunk 2077. Truly this game went from being barely playable on all platforms outside of mediocre on PC in December 2020 to being one of the greatest video games of all time. But even switching from a 3060 to a 5070 to a 7900XTX to a 7800XT to now a 4070ti Super my experience never felt terrible, granted its always felt better since after my 3060. I'll probably never find a game that connects to my struggles in life again so ♥♥♥♥♥♥♥ much and that honestly makes me sad, outside of the fact Ill probably play this game forever. Thank you CD Projekt RED, please don't ruin the next game, I'll never be able to forget the work and dedication your team put into adapting the world into this game, beautifully executing it, messing up, and then not only fixing everything in stride but releasing one of the best DLCs for a game ive ever played. Seeya in the major leagues 😞.",True,1,0,23626,20611,True,2026-06-06
1091500,Cyberpunk 2077,"I believe i originally preordered this game way back in 2018, before it was delayed multiple times. By the time it came out, i wasn't even too broken up over the rough state the game was in. After years of waiting, the money i had spent on it hardly felt like it had ever existed. I played the game for 10 hours and then dropped it.

Fast Forward to 2026 and i get the urge to come give it another shot. I remembered enjoying the bit of the story I did get to experience, and i knew that the gameplay and bugginess of the game had been improved to various extents.

Having now binged nearly all of the content in the base game over the course of two weeks, i can confidently say that i am satisfied with my purchase of this game eight years ago. 
While occasionally rough around the edges, i did thoroughly enjoy the combat and character progression of the game. Running mostly a blade build let me enjoy an up close, frenetic combat style that i imagine to be wholly different but equally as enjoyable as to what might be experienced from focusing more on quickhacks or on smart weapons.
I found myself doing nearly all of the side jobs the game had to offer (save for the gigs, but i occasionally still did those if i stumbled into them), and was well satisfied with more of them than i would have expected. This is really all thanks to the character writing in this game. 

By far, the standout feature of Cyberpunk is its writing. Dialogue between characters feels natural and animations in important moments are incredibly well done. I found myself really invested in the relationships between many of the main cast, and especially the relationships that V has with Johnny, Panam and Judy. 
I won't speak on the endings too much, but i think they are all very well written. Something tells me that people were not happy with some of them when the game came out, but maybe i'm just being harsh on the average gamer in 2020.

I will say, the performance in the open world can sometimes be lacking, although i will admit that i run the game on ultra settings with a 2k monitor and average above 60 fps. I will especially mention that I never had any performance hiccups during important story scenes, I never once found myself taken out of a moment because of lag. The game also has occasional small bugs, like a cop walking around inside the sidewalk or a civilian loudly and repeatedly running their car into a wall 20 feet away from a conversation you're having. Nothing serious.

Honestly, my biggest complaint with the game is the content surrounding the romantic relationships in the game, or the lack of it. [spoiler] I can only speak on the relationship with Judy, but i imagine the others are quite the same. There's a whole big mission (and honestly a decent amount of setup in the background throughout the game) of this potential relationship blossoming, and once it finally does, the only thing that comes of it is occasional text conversations that eventually dry up, and a repeatable date mission in which you have access to a few small events and a set of dialogue that never changes and is largely the same as what you would get when you called Judy before you were even in a relationship. [/spoiler]
I think it speaks greatly to this game's strengths that this is my biggest issue with it.

I know this game has largely positive reviews today, but i imagine there are still a lot of people who view the game in the light it was (often justly) received in at launch (although there were certainly unrealistic expectations surrounding the game at the time as well). I hope any of those people who may have dropped the game like i did come give it another shot some time, it's really worth it.

I think I'd give this game a 9/10. I'm very happy I came back to it. Really looking forward to the DLC next time it goes on sale :)",True,1,0,5770,5770,True,2026-06-06
1091500,Cyberpunk 2077,A game where you can be a badass assassin that can hit the badest joy toys in the city,True,1,0,13558,12390,True,2026-06-06
1091500,Cyberpunk 2077,"Goated game, just gotta buy it and play all the endings
",True,1,0,6973,6659,True,2026-06-05
1091500,Cyberpunk 2077,"This game has come so far from its release debacle. With the bugs fixed and game optimization you can focus on the story, gameplay, upgrades, etc, if you love roleplaying story driven games this is the holy grail.",True,1,0,5806,5806,True,2026-06-05
1091500,Cyberpunk 2077,"Few games in history have undergone a redemption arc quite like Cyberpunk 2077. While its initial launch was famously rocky, CD Projekt RED’s unwavering commitment to their vision—culminating in the massive 2.0 update and the brilliant Phantom Liberty expansion—has officially transformed this game into a certified masterpiece.

Night City is the undisputed star of the show. It is a towering, neon-soaked vertical labyrinth that feels genuinely alive, dangerous, and intoxicating. Walking through the crowded streets of Watson or driving through the desolate Badlands offers an unparalleled level of environmental immersion. The world-building is incredibly dense, capturing the corporate-dominated, gritty essence of classic cyberpunk lore.

It is impossible to talk about the renaissance of this game without mentioning Cyberpunk: Edgerunners, the phenomenal Studio Trigger anime series. Edgerunners didn't just capture the hearts of fans; it perfectly mirrored the game's high-stakes, tragic, and adrenaline-fueled atmosphere.

The anime injected a massive wave of fresh energy into the game, making the exploration of Night City feel even more personal. Visiting locations featured in the show, listening to ""I Really Want to Stay at Your House"" on the in-game radio, or equipping David Martinez’s iconic jacket adds a profound layer of emotional depth for anyone who loved the series.

With the overhauled cyberware systems, revamped skill trees, and chaotic vehicle combat introduced in recent updates, the gameplay finally matches the narrative's ambition. Combat is fast, brutal, and highly customizable. Whether you want to be a stealthy Netrunner hacking enemies from afar or a sandevistan-powered solo slicing through corporate guards with a katana, the playstyles are incredibly rewarding.

At its core, the story of V and Johnny Silverhand is a deeply moving tale about legacy, identity, and survival against all odds.

Cyberpunk 2077 is no longer just a game about promises; it is a triumphant delivery of an unforgettable sci-fi RPG. If you were waiting for the right time to lose yourself in Night City—especially if you are a fan of Cyberpunk: Edgerunners—there has never been a better time to chrome up and dive in.",True,1,0,2435,2435,True,2026-06-04
1091500,Cyberpunk 2077,loved everything about it sadly i wished i chose to go back to earth in the end and spend my remaining time with pamam...she deserved better and so did v...best game ever,True,1,0,2941,2941,True,2026-06-04
1091500,Cyberpunk 2077,"Romance in other games: Let's spend time together on a date.

Romance in Cyberpunk: Let's commit domestic terrorism!

10/10",True,1,0,14024,13771,True,2026-06-03
1091500,Cyberpunk 2077,"10/10 the best game I have ever played, would highly recommend this game, the cinematic view in this game is just insane",True,1,0,13341,13341,True,2026-06-03
1091500,Cyberpunk 2077,"Tits, guns, and fast cars. need i say more",True,1,0,7570,6017,True,2026-06-02
1091500,Cyberpunk 2077,"best game ever with my gaming laptop rtx 4050 can handle 120-140 fps with dlss on performance high setting and 1 sharp. on quality dlss u will get like 90-100 fps - with ray tracing on and high mid settings u will get 60-70 fps dlss performance or quality. the optimization is just amazing, and the whole story and side quests are really really amazing.",True,1,0,1094,956,True,2026-06-02
1091500,Cyberpunk 2077,"This is genuinely one of the best games i have ever played. there are three main runs with the operating systems. i have beaten the game 3 times and have tried all the operating systems out and my personal favorite is the cyberdeck. you may only have 3 operating systems but the builds you can make with all the other cyberware and wepons give you near endless builds and insanly good replayability. if you are looking at this game because you watched the anime get it. if you are just looking at it or your friends suggested it, get it. whatever the reason is that you're looking at it, get it. i have a very budget PC. i mean 16gb of RAM and a GTX 3060 and i still run medium to high graphics with 60 fps. Turn on DLSS or somthing like that, set your settings and depending on your settings go with quality, balanced, or preformance (i run on quality) and you will have the best time of your life playing this game. Always bear iron and have a blast chooms!

(i know i'm glazzing and i DO NOT care in the slightest)",True,1,0,4248,3844,True,2026-05-31
1091500,Cyberpunk 2077,"Cyberpunk 2077 was an amazing experience from start to finish. Its story hooked me right away and completely immersed me in its world. I don’t usually play games in this genre, but Cyberpunk 2077 made me appreciate it and even become interested in it.

What surprised me the most was that after finishing the game, I thought no other game could make me feel the same way again. Then I played Phantom Liberty, and it gave me that experience all over again. It was every bit as good as the base game, and I can understand why some people even consider it better.",True,3,0,22368,22368,True,2026-05-31
1091500,Cyberpunk 2077,Amazing game and peak DLC. Hanako can keep waiting at Embers,True,1,1,6538,6538,True,2026-05-31
1091500,Cyberpunk 2077,"Gameplay and story are ♥♥♥♥♥♥' great and the modding community makes crazy mods for this. 100% try this game if your computer isn't gonna die from it since it does have incredibly high graphics. 

BTW: don't explode all the cars, you will crash your game.",True,1,0,15750,10727,True,2026-05-31
1091500,Cyberpunk 2077,"10/10 - Could live in this game.
Base game is fantastic but DLC + modding community makes it perfect.",True,1,0,7912,7855,True,2026-05-29
1091500,Cyberpunk 2077,so far runs great with path tracing at max settings usually running around 140 fps at 1440p on max settings.,True,2,0,131,131,True,2026-05-29
1091500,Cyberpunk 2077,"No words, this game changed me, it broke me, 

One of the best story in all video game,

",True,1,0,29107,28897,True,2026-05-29
1091500,Cyberpunk 2077,Cyberpunk 2077 is pretty fun. Story is alright and after the updates it is a pretty playable game.,True,1,0,2941,2941,True,2026-05-29
1091500,Cyberpunk 2077,"base game 8/10
phantom liberty 10/10 

base game has the makings of a true masterpiece but the story falls a bit short for my liking. would've preferred the narrative to be tighter and more compelling. it's got all the story beats you need for a great epic but falls short emotionally imo. 

phantom liberty fixes these problems. could've been longer, more fleshed out but it was amazing nonetheless. i'd have played a game that focused more on that plotline and not be disappointed. 
 
it's probably because of cdpr being rushed to complete it 5 years ago and they had the time and willpower to make a brilliant expansion so i don't fault them for this. still a great experience regardless",True,1,0,7719,7719,True,2026-05-28
1091500,Cyberpunk 2077,"One of if not the best open world Story game of our generation. If you're looking for a futuristic experience about a gritty world, with a lot of emotion, play this game. The DLC is also 100% worth it, easily adds another 5+ hours in story content alone, not to mention the whole area you unlock. Great game",True,1,0,5105,4518,True,2026-05-27
1091500,Cyberpunk 2077,This game unironically kickstarted the leftism in me. Holy mother of god I am scared for our future.,True,1,0,7541,7541,True,2026-05-27
1091500,Cyberpunk 2077,"Love it, so much stuff to do and an amazing world. This is a game for everyone. Listen to the disclaimer though",True,1,0,2542,2456,False,2026-05-26
1091500,Cyberpunk 2077,"This game is really, really fun. It has infinite replay ability and an amazing story. On top of that it has a beautiful, yet dangerous and in depth world. You can have so many playstyles, so its fit for all types of people too. Definitely buy this.",True,1,0,13542,12610,True,2026-05-25
1091500,Cyberpunk 2077,the best story game I have ever play and the only game that got me emotional  (JUST PEAK),True,1,0,3573,3485,True,2026-05-24
1091500,Cyberpunk 2077,"Great storyline and endings. Some bugs appearing still, but not destroying the fun.",True,1,0,2160,2160,True,2026-05-24
1091500,Cyberpunk 2077,"Damn, about Cyberpunk 2077!
This game is amazinf from start to finish. Yes it's got its blemishes past and present but if we focus and pay attentio to the bigger picture. Cyberpun is and emersive game with tons of possibilities, story and side quest wise.

I love this game.",True,1,0,10052,9719,True,2026-05-23
1091500,Cyberpunk 2077,"Awesome game, but this city would be absolutely terrifying to live in as a regular person. You're just minding your business walking through the city, some guy decides he didn't like the way you looked at him, and then he remotely fries your entire brain.",True,1,0,7370,7370,True,2026-05-23
1091500,Cyberpunk 2077,"Honestly Besides the crashing i experiance, I am addicted to this game",True,1,0,18681,11830,True,2026-05-23
1091500,Cyberpunk 2077,"Never panicked, cried, laughed, screamed and melted so much in one game.
Truly a masterpiece, even if I'm heartbroken by the ending. </3",True,1,0,4501,2981,True,2026-05-23
1091500,Cyberpunk 2077,"One of the best games i have ever played. Amazing graphics, world building and design absolutely top tier, the main story is amazing with its side stories and quests. Combat is similar to others but has its uniques twist to it, and even the music TwT.  You cant get enough of it",True,1,0,5148,3636,True,2026-05-22
1091500,Cyberpunk 2077,"Excellent game. Even despite the early release bugs, I've enjoyed it since Day 1. Can't wait for the sequel...whenever that may come.",True,1,0,32418,30081,True,2026-05-20
1091500,Cyberpunk 2077,"This is first time i write a serious review, so yeah... 👀
The game run on average 30-45 FPS on a potato laptop with Medium to High settings (Low Crowd Density), i'll say it's good performance wise if you are gaming on the budget like me. 

as for the game itself, i think i will give it 8/10,
PROS:
- It's fun to run around as Netrunner in Night City, but after several hours i kinda feel that the game is kinda too easy, maybe my decision making a Netrunner V is have a big role on it too.

- The world itself feels big and lively (even at low crowd settings),
 
- The story is good enough to keep me playing, especially Phantom Liberty DLC part, i think the Relic mechanic it introduce is really fun, and Tower Ending (without Spoiler) might be the best ending of all time in my opinion. I would say though, after you watch some in-game news on tv, you probably will be like me and think ""wow, the world building in this game is kinda fun and chaotic"".

- CDPR also have make mod support for the games, making it kinda easy to add mods, especially for stuff like tiny immersion fixes, you know, the unnecessary detail like making all in game ads fully animated or pettable cat (yes you can adopt cat and iguana in this game, weirdly enough, you can only pat the iguana, still, they are both cute though).

- also, the music are awesome, if you have watched Edgerunner on Netflix, you might already have taste a little bit of those juicy bangers. but let me tell you, most of the songs in this games are really good. Recently, i even start to make a habbit of listening to some of the songs while doing chores, especially Chippin In, Pon Pon Sh*t (Jhonny Silverhand version, it's easter egg, not in Radio) and Never Fade Away, they really make me forgot how exhausting doing daily laundry was. (FYI, most of the songs from anime are in Body Heat Radio btw, including that song).

- Easter eggs, lots of easter eggs, really fun. I kinda don't want to talk too much about this because it was really fun if you notice something you don't know, but just you know, there are a lot of eater egg in this game. (just so you know, Murkman is the best detective)

CONS:
-Even though most of annoying bug from first released was already been patched and fixed, there are still some minor bug or glitches in the game, Some like driving drift, texture pop-in (not as bad as first released) and that one time Jackie walk through lockers during the first mission are might tied to FPS and you machine, but stuff like auto drive feature driver recklesly or showing negative million numbers (it was without mod btw) and monowire doesn't glow at all sometimes are still small stuff that need fixes in my opinion. (also, i know Fream gen is bad since it will give you low latency, but so far, i can't use frame gen at all. It will crash on me when i open map, even when using the settings for RTX 30s and 20s, so i don't know what kind of stuff that will happened if you able to use it on RTX 20s or 30s).

- lack of consequences might be one factor that make the story can feel a bit monotone and less exciting for me. Like, don't get me wrong, some dialogue choice does lock you out from good reward, like when i miss my chance to get Jackie guns for free, but like what i just said, ""for free"", mean you don't really missing out much when you make a wrong choices, if you own the DLC you can just buy your best friend's gun from the vendor in Dogtown. pretty neat since it was your best friend's gun, you know something that supposed to be sentimental for his family and people close by :). And not only that, if you fail to save someone who will give you car if you save them, you can also just,,, buy the car. Yeah, no sh*t i actually kinda lost excitement when i find out i can just buy stuff i missed out, like, i might get that some stuff like buying car from someone being killed in street race kinda make sense, but buying your own best friend's gun? I don't think Mama Wells or Misty will appreciate me to buy item that so sentimental for them (it kinda make me feels like paying people to make myself a grave robber). And it's just about rewards, you can try to just never talk when the timer is on during dialogue, there are some exception that instant kill you, but most of them at least from my experience, you don't really need to do anything to resolve the situation. I know that CDPR doesn't advertise this game as RPG anymore since the only RPG you get from this game is only a character building game like most J-RPG, but i mean, even as action game, it kinda lost to GTA, i still remember how hard it was to make decision in GTA 4. Still, i appreciate that the game locked you out from the side mission if you fail to do it (even if you can just save scum it.

- on last thing that less  of annoying and more of nitpicking for me is that you can't save car you stole. I know we don't play as literal criminal and mor of a merc in need of help in this game, but that doesn't mean you can't be criminal in the game. I mean, since 2.0 update, they add wanted system, it was fun even though you can kinda cheese it with going to safe zone. Why not try making a mechanic where you can hack a system of the car and it to your collection? Like limited amount of stolen cars that can be save  to your cloud so you can call it whenever until it was blown up and make it so that stolen car can't be repaint using the crystalcoat because unlike El Capitan, when you break the system of the car you can restore the neat content inside it. Idk, having permanent different colors of the same cars kinda sound interesting and stealing car outside the quests feel kinda useless for me right now.

THINGS THAT I WANT IN THE FUTURE:
- more updates, even sometimes update can break the mods, some stuff does need to be fix imo
- more DLC, we will get Witche 3 DLC in 2026-2027 (probably), i don't think one DLC is enough for this game, Phantom Liberty was fun, but i hope it get more story contents, and i do think it deserve more, maybe stuff that connected to Project orion?
- This one is for Project Orion i think, in the next game i hope the mission will be much more harder, the choices have much more weight on it and at the start of the mission, you can get a choice to either hire a merc to help you or call you online friends to help you if they really do want to make add the online function, just for immersion, because doing the mission alone against crowded enemy that have so many chrome kinda feels weird, well, this one doesn't feel weird because of the plot, but i don't think the same plot can work twice (well, even if i given choice to go with people, i might go alone though since it's video game, lol)",True,1,0,4271,3876,True,2026-05-20
1091500,Cyberpunk 2077,"runs smoothly with 2x frame gen, no delay to any controls.
good game if you wanna do anything and everything
wanna be unstoppable and kill everything
wanna be like quicksilver in that one scene in that one x-men movie you can",True,1,0,2714,2573,True,2026-05-20
1091500,Cyberpunk 2077,"Cyberpunk 2077 is one of the most rewarding gaming experiences I’ve ever had.

I’ve been here since launch, and yeah, the beginning was rough. Bugs, performance issues, missing features, it deserved the criticism it got. But even back then, I could see the vision CD Projekt Red was aiming for, and I stuck with it because there was something special underneath all the chaos.

Then 2.0 and Phantom Liberty dropped, and I completely fell in love with the game all over again.

Phantom Liberty felt like a Bond movie thrown into the violent world of 2077. The espionage, the characters, the music, the tension is incredible. Combined with the massive gameplay improvements from 2.0, the game finally became what I always hoped it could be. Especially since 2.0 came out after the disappointment that was Starfield.

Night City is honestly one of the best worlds ever created in gaming. It’s visually stunning, dense, atmospheric, and a dystopian outlook on the future that feels like what were heading towards IRL. I constantly found myself getting lost in the streets, neon lights, and just trying to explore every hidden nook and cranny. I just couldn’t get enough of this game.

For me, Cyberpunk 2077 is a 10/10 game that, like a phoenix rose from the ashes, and is now one of my all-time favorite RPGs. The 100% grind is fun and rewarding with none of it feels like too much of a grind. If you haven't played it yet, please do.",True,1,0,31733,31708,True,2026-05-20
1091500,Cyberpunk 2077,"I have mixed feelings about this game but I decided to give it a positive review because I don't think it's bad but it's not great either. I had fun playing it but I expected much more. Here are some of my thoughts:

- The graphics are beautiful and I love the vibe of this game. The open world looks impressive, but when you try to explore it, you quickly discover that most buildings are inaccessible and few places are interactive.

- Unfortunately, I couldn't fully immerse myself in the main story. Dialogue options are very limited and only give you an illusion of actually influencing the story. I'm used to RPGs giving me a lot of options on how I want the story to progress so I was a bit disappointed. Cyberpunk reminds me more of games like Far Cry than typical RPGs and I guess I expected a different experience. I feel like it's more of a shooter than an RPG.

- Cutscenes and some quests can be very tiring and feel slow because in most of them you just listen to a character talk and follow them around or sit in a car with them.

- The game tries to create a sense of urgency but in reality there's no time limit and you can complete as many side quests as you want without affecting anything. Even missions that start with a character calling you and saying they'd like to meet you at a certain time today have no time limit and you can delay them for as long as you want.

- The romance is okay but a lot of things get repetitive and feel a bit mechanical. I romanced Judy and every time she visited my apartment, she said the exact same thing, no new dialogue appeared and nothing interesting happened. She was just there and that's it.

- I'm not a huge fan of Johnny Silverhand. I like the idea of his character but I feel like his potential wasn't fully realized and his relationship with V could have been more interesting. It was a bit strange to me how he suddenly went from being hostile towards V to being nice. Also, Keanu Reeves' performance in this role felt flat and emotionless at times.

- I dread to think how bad this game was when it first came out because even after all these years it's still very buggy. Disappearing NPCs, items getting stuck in NPCs' hands, messy AI that causes enemies to randomly pause during fights and allow you to kill them easily, enemies seeing you through walls, NPCs bugging so you're unable to talk to them when you want to start/finish a quest, NPCs talking with their mouth closed, identical NPCs spawning in the same place, cars crashing into each other and exploding when you're not looking at the road (sometimes it looked like one car spawned on top of another and exploded), V picking up the phone, saying she can't talk right now and then immediately calling the person back, and many, many more.

- I've seen a lot of people complaining about the game's poor performance, but in my case it wasn't that bad and mostly ran smoothly even though my computer isn't high-end. It randomly crashed twice and that's it. Perhaps I just got lucky.

Overall, I'd say it's a pretty fun game but it does have a lot of flaws and I definitely recommend buying it at a discount. Maybe if I didn't have such high expectations because so many people consider this game to be one of the best, I wouldn't be so critical.",True,1,0,5333,5333,True,2026-05-19
1091500,Cyberpunk 2077,"Still some minor bugs and what not overall, but It's ten times better than what it was years ago. It runs pretty great on my machine and it's still crazy (to me) to be able to run and play CP2077 and really immerse myself within the atmosphere of Night City...

You can always get mods to improve the performance and experience of your copy but overall out of the ""digital box"" it works more than well...

I could see myself getting a lot of hours within this game off and on. 

Plus if you really like Cyberpunk: Edgerunners, you'll REALLY love Cyberpunk 2077...!

I don't really have much else to say, this was meant to be brief. 

If you want a deeper review on Cyberpunk 2077 post update, then go watch your favorite 
Youtuber or something...

MY SCORE: 7.9/10 - 8.2/10",True,1,0,3486,2509,True,2026-05-17
1091500,Cyberpunk 2077,"Cyberpunk 2077 might have the greatest gaming comeback.

When the game launched, it was basically a bug simulator with some emotional damage included for free. Players were crashing more than their in-game cars, and CD Projekt Red got cooked by the entire internet.

But instead of giving up and disappearing into the shadows like a stealth build, the developers kept grinding. Update after update, they fixed bugs, improved gameplay systems, reworked mechanics, and finally delivered the experience people were originally hyped for. Then came Cyberpunk 2077: Phantom Liberty, which honestly felt like the developers saying: “Alright, let us cook one more time.”

And somehow… they actually did.

Now Night City feels alive, polished, and insanely immersive. You can genuinely tell the devs cared about the game and refused to let it die. That kind of dedication is rare nowadays.

Cyberpunk 2077 went from being the internet’s favorite joke to one of the best RPG experiences of the last years and honestly, that redemption arc deserves respect.

Thank you CDPR, and never stop fighting.",True,1,0,10458,10458,True,2026-05-17
1091500,Cyberpunk 2077,"[h1] - Remember what dex said?  quite life or blaze of glory?
- Shame you chose wrong.
- Damn shame.  [/h1]

Cyberpunk is the only long game I’ve ever fully completed, and I can already say with confidence that it’s one of the best games I’ve ever played.
For me, the world of Night City became something much bigger than just a game. It’s the atmosphere, the characters, the music, the dialogue, and the emotions that stay with you long after the credits roll.

During my first playthrough, there were so many moments that genuinely hit me hard - from pure excitement to the emptiness you feel after the ending. And those are the kinds of games that stay with you forever.
Cyberpunk 2077 gave me more than just a story - it gave me a feeling I’ll want to come back to again and again.

And I know for sure this won’t be my last playthrough.",True,2,0,8270,8270,True,2026-05-17
1091500,Cyberpunk 2077,"Truly a masterpiece of all times, I would make unholy things to forget it and relive those emotions once again. Amazing visuals, deep story with hard choices that actually make difference, a completely new gameplay each replay, very nice optimization and QOL stuff. If only the game had a real challenging difficulty option as well.. but that is just souls-enjoyer mindset.

Absolutely love you CD!",True,1,0,946,929,True,2026-05-17
1091500,Cyberpunk 2077,"I tried to fill the void The Witcher 3 left by playing this game. Now I’ve ended up with a second void to fill

10/10",True,1,0,4915,4887,True,2026-05-17
1091500,Cyberpunk 2077,"Take your time, take your sweet, sweet time with this game.
One of the worst features is a sensation of emptiness after completing all the side content, sincerely, take your time with Cyberpunk, get into it, make a character, do the whole spiel, roleplay by yourself, who's watching you?

If you're blessed to know nothing going in, then by all means please go in. 
If you just want an easy 100%, sure you'll find it, but is it worth ignoring everything just to get there?

The gameplay is significantly improved from the original release, players from that time say that 2.0 was a complete overhaul of the game systems. I wouldn't really know, I'm actually not that big of a fan and haven't been playing since release. If you've been waiting since release for the bugfixes, what are you doing reading this??? 
Get on?

For the rest of us, there's good meat here. 
I won't spoil anything for you, it's hard to accept making a ""bad"" build, but it's worth ♥♥♥♥♥♥♥ up at least once just to soak for a moment longer-

Replays suck though, especially if you take your time like I advised, this is a one and done game. You get the main story beats, they're very good, and then you're out. Mods can help but only in the way mods can. 

I wish it lasted longer or had MORE, but I suppose I'm just waiting for Orion next- There's still plenty to see and do here, but after around 60 hours you'll have seen just about all of it at least once, every now and then I'm still surprised when I see something new, but it's always stuff I missed because I already beat this game thrice and just need a fix for more Cyberpunk. 

This got riffed on hardcore at launch and for good reason since it was a buggy nightmare, memes were made about this back in the day, and I think they took it in stride- The game is ♥♥♥♥♥♥♥ incredible now, sure the writing was always there but it FEELS GOOD TO PLAY and that's just huge-

I can't get into any Witcher past Witcher 1, but this, this has me interested to see how CDPR proceeds
If you read these, keep it up gang but don't sniff your own ass too much because you got out of the fumble, make that 40yd goal, you can do it o7",True,1,0,24509,24509,True,2026-06-08
1091500,Cyberpunk 2077,"This game has some of the best, most though-provoking writing of any game I have every played, with complex and interesting characters and meaningful, genuinely difficult decisions to make. Excellent gameplay and brilliant storytelling. 10/10 would recommend.",True,1,0,33098,29255,True,2026-06-11
1091500,Cyberpunk 2077,"i played this game when it released and it was boring, buggy, missing tons of stuff, borderline unplayable. 

Now it's great, possibly top 10 or top 15 games I've ever played",True,1,0,4235,4072,True,2026-06-10
1091500,Cyberpunk 2077,"I didn't know anything about this game before going into it... and ♥♥♥♥♥♥♥♥♥ this game turbo slaps.
I managed to 100% it in 90 hours, and every single one of those hours was a blast. The music is peak, the game is super fun, the story had me crying, and it looks phenomenal.
This game is probably going in my top 10, it was unforgettable.
",True,1,0,5402,5402,True,2026-06-09
1091500,Cyberpunk 2077,An absolutely great story with gameplay just as good! The visuals in the game are very beautiful and the path tracing it has looks amazing with the new updates and lighting fixes!,True,3,0,2819,2715,True,2026-06-02
1091500,Cyberpunk 2077,"

Cyberpunk 2077 is an incredibly good game, and on a strong system it performs very well while looking visually outstanding. Night City is one of the most detailed and atmospheric open worlds I have played, with its lighting, reflections, city design, and overall presentation making it feel genuinely alive.

What really pushed the visuals even further for me was the **RenoDX HDR mod**. With RenoDX, the game looks absolutely stunning. The HDR feels far more impactful, with deeper contrast, brighter highlights, and a much more cinematic image overall. Neon signs, dark streets, interiors, car lights, and the skyline all look incredible, especially on an OLED display.

The game itself is also very engaging. The story, characters, side missions, and overall world-building all do a great job of keeping you invested. It feels like a game that rewards you for taking your time, exploring, and actually paying attention to the world around you.

Performance was also very good in my experience, especially considering how visually demanding the game can be. With the right settings and setup, it delivers a smooth and impressive experience without taking away from the visuals.

Overall, *Cyberpunk 2077* is absolutely worth playing, especially now with the improvements it has received over time. If you have a good HDR display, I would highly recommend trying it with RenoDX, because it makes an already beautiful game look even better.
",True,1,0,8587,7333,True,2026-05-27
1091500,Cyberpunk 2077,"Cyberpunk 2077 is the definition of ‘they fixed the game and nobody moved on fast enough to admit it.’

I’m on my fifth playthrough now, and somehow Cyberpunk 2077 still feels more alive than most new open world games coming out today. Night City isn’t just a map, it feels like a real place with exhausted people, fake dreams, dirty money, and nonstop chaos hiding behind neon lights.

What surprised me the most after replaying it so many times is how emotional the game actually is. Under all the chrome, guns, and explosions, Cyberpunk is really about loneliness, identity, survival, and trying to matter before the world forgets you. Few games make side characters feel this human. Panam, Judy, Johnny, Viktor they genuinely feel like people you knew for a while instead of quest dispensers.

And honestly? The atmosphere is unmatched. Driving through Night City at 2 AM with the radio on while rain hits the windshield is still one of the hardest vibes gaming has ever created. No game captures “beautiful but broken” like this one.

People talked nonstop about the bad launch, but after five runs, I can confidently say the comeback deserves just as much attention. The amount of detail, storytelling, soundtrack, world building, and freedom in combat is insane now. Whether you play stealth, netrunner, samurai build, or complete cyberpsycho, the gameplay actually lets you feel unique.

The craziest part is that Cyberpunk doesn’t try to make you feel like a hero. It constantly reminds you that in Night City, almost everyone loses something. And that’s exactly why the story hits harder than most RPGs.

Five playthroughs later and I still catch small details I missed before. That’s rare. Most games get boring after one ending. Cyberpunk somehow gets more personal the longer you stay in Night City.

“Wrong city. Wrong people.”
Still one of the coldest lines in gaming.
",True,2,0,25124,23079,False,2026-05-24
1091500,Cyberpunk 2077,"That's an amazing and absolutely unforgettable game.

Cyberpunk 2077 is all about the process. You can spend a few hours in Night City and not even notice how much time has passed. You WANT to explore. Maybe it's just me, but I genuinely wanted to look into every district, discover every possible thing, and just live in that city for a while. Night City feels believable — and at some point, you stop feeling like a player and start feeling like a person living there.

This game has an insane amount of content. There’s always something to do. Gigs, side jobs, random encounters, characters, hidden stories — at times it feels endless. And honestly, trying to finish everything in one playthrough is almost impossible.

But then something interesting happens. When you finally start running out of things to do, the city begins to feel strangely empty. Almost confusing. Like, “come on… this is Night City, there should always be something happening.” And somehow, that feeling fits the game perfectly.

Of course, the game isn’t perfect. The biggest issue for me was the bugs. There are still plenty of them — sometimes small, sometimes really noticeable. Occasionally they can completely break the immersion and make you laugh at a serious moment. Maybe I’m just too used to Rockstar-level polish, but I definitely felt that Cyberpunk could’ve been more refined in terms of quality of the open-world details and overall gameplay interactions, not just ""a beautiful picture"".

And of course — the ending. The characters are written incredibly well, so whichever path you take, it hits hard. For me, this was a story about change. Everyone has their own V, their own journey, and their own version of Night City.

I definitely recommend this game to anyone who hasn't played it yet.

And for everyone who already finished their journey in Night City — a tight embrace 🫂

P.S. — whoever was responsible for the soundtrack deserves their hands kissed. Some tracks hit harder than entire missions.",True,1,0,9201,9201,True,2026-05-25
1091500,Cyberpunk 2077,"Really enjoyed the game. One of the best looking game at max graphics with path tracing to this day. I 100% completed it and overall the game is really good. Stealth and hacking systems are really fun. The story has some flaws, but overall still a great experience",True,1,0,9066,9066,False,2026-06-15
1091500,Cyberpunk 2077,"Without revealing too much, this is a game that consumed my life for almost 4 months and it is truly a once in a lifetime experience bundled inside a videogame. One of the most immersive open worlds I've ever played in, ever. This is one of those games that is worth buying even at its retail price - with Phantom Liberty(which is in and of itself, a standout. But that deserves its own review). If you don't know anything about the game, go in blind and experience it for what it is.",True,1,0,9769,9496,True,2026-06-12
1091500,Cyberpunk 2077,"Fantastic game! Storytelling is so good here, gameplay makes you feel like an actual cyberpunk, after all the patches the game runs and looks beautiful. Highly reccomend!",True,1,0,9934,7375,True,2026-05-23
1091500,Cyberpunk 2077,"In love with Cyberpunk! Marvellous storyline(So much depth!!) and just so much to explore and mess around with:)
Tip: Do watch the anime- Cyberpunk: Edgerunners
One will absolutely fall in love with Night City.
Have fun chooms! :D
",True,1,0,8199,7432,True,2026-06-14
1091500,Cyberpunk 2077,"Definitely very overrated game. Dialogs are cheesy and characters are cringe. They have zero development and you don't care about them. They're trying to look and sound cool by swearing and acting ""badass"". It's just comical. Reminds me of those cheap action blockbuster movies from 90's where characters are badass, swearing, smoking and killing everyone. It's just dumb.

Another thing I didn't like is amount of talking. There is so much talking... If I wanted to watch and listen, I would watch a movie and if I want to play the game, it means I want to be in action and play the game, not to watch those cringy cutscenes & listening to those dumb dialogs all the time. I'd say amount of talking is 50/50 in this game. Basically, half of the time you will be watching & listening to those cringy dialogs rather than playing.

Another problem with it is the world. It's so empty, shallow and soulless. You can hit ""talk"" button on any NPC, but NPC just says a completely generic line like ""Watch it, chico"" or ""Get lost"" and walks away and the entire simulation shatters. They don't have schedules, they don't have routines, and they don't have lives. They are just mindless, moving cardboard cutouts designed entirely to fill up the background of your monitor so the city looks packed in trailers.

You are walking through an environment that looks 100% real, but behaves like an old 2004 video game. You can look at a street vendor cooking food, but you can't buy it. You can see a pool table or an arcade cabinet, but you can't interact with it. It is essentially a giant, gorgeous theme park where you are allowed to look at the pretty lights, but you can't touch anything.

In short, this game is overrated crap.",False,12,7,3079,2926,True,2026-06-08
1091500,Cyberpunk 2077,"Final verdict 6/10.

The game tries to be some jack of all trades combination of multiple genres, but falls flat due to not perfecting any mechanic.

The only thing Cyberpunk has going for it is the unique and fairly interesting story and the concept of implants. However that's where it falls off and the gameplay quickly becomes stale since the missions are either stealth or loud and both are really underdeveloped.


The stealth is really bland, the NPC's either stand completely still, or move between two points 10 meters apart. Every single mission is the exact same. Walk up to an enemy and press takedown, or distract them with a light and press takedown. Repeat for every enemy. 

The gunplay is also bland and braindead. The enemy AI is useless and either hitscan you from the other side of the map or stand still in front of you and miss absolutely everything.

 The melee combat is complete garbage. You spam R2 without a thought and the enemy hitbox is super clunky, often clipping through cover and teleporting straight on you when dodging or jumping away. The deflect mechanic is also broken, 9/10 times the deflected hit just deals damage anyways. 

The AI is extremely buggy, multiple times a session random cars drive off the road, spawn upside down or crash. You'll also notice that if you drive too close to a sidewalk, the NPC's will almost always glitch and jump BACKWARDS INTO YOUR CAR which gives you wanted level. 60€ btw.

Buy it if you like the style and story, but ONLY  on discount.",False,5,3,3808,3808,True,2026-06-08
1091500,Cyberpunk 2077,"I hope you are ready to cry, because this game studio's whole 'shtick' is viscerally breaking your heart into a billion pieces, and then raw dogging your hopes and dreams of there even being a happily ever after.",True,1,0,11849,11787,True,2026-06-10
1091500,Cyberpunk 2077,"I will preface this review with the fact that I played and loved Witcher 3, so was expecting something along those lines, but more futuristic and of course with a new and different story.
Having seen the trailers and this being a new IP, I was excited, though knew from the start that I won't play on day one as I generally never do (for both monetary and bug reasons).
Turns out this could not have been a better idea, given the absolute shambles the game was in on launch.

After all of the bugs were sorted and the DLC was released, I finally decided to sink my teeth into the game, and when I say that, I mean it, as I have put in 230 hours into the game, finishing every main story mission as well as every side gig / side mission.
Given the amount of time I've spent, you would think that I was a big fan of the game, but sadly, Cyberpunk is no Witcher and the game ultimately disappointed me.
Without getting too into the weeds, the world just didn't pull me in, which mostly resulted from (in my opinion) poor writing, plot inconsistencies, characters that are not likeable and are either shoehorned in or are clearly missing something (presumably due to content being cut) and of course, the bugs.
Don't get me wrong, there are definitely parts where the game shines and some missions that were really impactful and well written, however all this was in a sea of inconsistencies and issues, which ultimately made me disinterested.
I started and stopped playing this game multiple times, but just kept pushing myself to go through everything and ""experience"" the game fully, but at the end I feel like most of it was a waste of time.

All in all, Cyberpunk is not a terrible game, but it is definitely very flawed.
While it is definitely a cultural moment in gaming history, it's remembered more for how it launched than for what it actually is. And that's the problem: strip away the redemption narrative and you're left with a good-looking game built on a shaky foundation. The highs are real, but they're rare, and they never added up to the experience I'd hoped for. I'm glad I finally played it, if only to form my own opinion - but I don't see myself going back, and I'd struggle to tell anyone they need to.

P.S. If you do end up playing it, the Phantom Liberty DLC is MANDATORY!
In my opinion it was the best part of the game and if the rest of the game was more like it, this review would have a different tone.",False,19,7,13867,13867,True,2026-05-29
1091500,Cyberpunk 2077,"If you ever started this game only to put it back down fairly quickly, you owe it to yourself to play for a couple hours and just immerse yourself in the game",True,1,0,9764,9573,True,2026-06-10
1091500,Cyberpunk 2077,"Cyberpunk is an incredible game with a very rich story. Legit my only complaint is missing a third person perspective/camera. Breathtaking graphics, good gameplay and mechanics. Has all the modern technologies, FSR, DLSS, Framegen etc. 10/10 for me.",True,1,0,8048,8048,True,2026-05-31
1091500,Cyberpunk 2077,"Owned this game for a very long time. played it very little on my PlayStation before giving up with how many bugs it had. Ended up picking it up on my PC last year but was still hesitant on getting into it due to past experiences. I've actual sat down and gave it a real go about a month ago and I have to say this game has come a long way. From the story, to the side missions and now the new cyber wear stuff added, I haven't got bored (or kicked) from the game one time. solid 9/10 would recommend",True,0,0,3026,2987,True,2026-06-16
1091500,Cyberpunk 2077,Had since new. Good story and gameplay. Made even better with updates and just bought the DLC to add to the experience.,True,0,0,7653,7617,True,2026-06-16
1091500,Cyberpunk 2077,"Masterpiece Game: 10/10 

Played this game to 100% now. I played this back in Dec, 2020 launch on PC it is not solid state game had at time a lot of bugs, glitches & crashes if i remember correctly i think i played the version 1.04 at that time. Now years passed this game went through lot of updates & major updates in 2023 when they come up with Phantom Liberty Expansion since then i always wanted to play the game again but time is not by my side. In May 2026, give me opportunity to play the game second time i enjoyed this game more than my first playthrough now i played version 2.31. 

The experience is much better graphics wise, Story is itself legendary i encountered almost no bugs, no freeze, FPS drops, but encountered crash 2 to 3 times in 158 hours which is not a big concern atleast for me. The game is now in a solid state for play. I have completed everything in the game hence moved to complete 100% of the game. The best part of game i liked it have lot of content about gigs (missions) which feels very different from another that makes this game to invest good amount of time on it to experience the World of Night City not like the same Ubisoft open world games to liberate this city etc, talking about Soundtrack which is absolute banger both in main game & Expansion. Well game contains so much content that this can be played 100+ hours very easily.  

Now talking what i liked more is the NCART Metro Transit which is not included in the back original release i liked this feature a lot like i don't think any game have done that before to travel different areas in fully featured Metro Station in Open World Games. Radioport is another feature i liked a lot you can listen your favorite Radio Stations while walking or roaming outside the vechicle which is not earlier included btw my favorite Music Stations are 106.30 Principales, 103.5 PEBKAC, 101.9 The Dirge etc kudos to the game to feature a lot of variety of music genres which makes the game & it's life more unique experience to play. Honestly speaking great game i played totally worth my time.",True,0,0,9522,9522,True,2026-06-16
1091500,Cyberpunk 2077,"What a game! After 6 years of updates and improvements, it's finally at its best state. Finishing it was an unforgettable experience. Definitely a must play game that everyone should play before they die.",True,0,0,9764,9764,True,2026-06-16
1091500,Cyberpunk 2077,"incredibly unique game with an amazingly built world, cyberpunk is one of the best games out there and the gameplay experience is amazing.",True,0,0,2871,2871,True,2026-06-16
1091500,Cyberpunk 2077,"Engrossing world with some amazing storylines found especially in secondary missions and the DLC. The main path is actually pretty short but the game, shrewdly, forces you to get lost and immerse yourself in everything Night City has to offer. 
I loved being allowed to go Katana only as a powerful way to mow down enemies with Sandevistan. The skill tree offers a lot of personalization to your character and offers good and useful skills.
Some standout missions were: Panam's storyline with the nomads; Peralez's mindbending conspiracy (which I'd like to see continued in the next instalment, thanks CDPR); River's nephew's predicament; the whole Phantom Liberty DLC, which is a tightly written spy thriller with amazing performances, especially from Idris Elba from The Wire ; and finally, Silverhand's whole character and how it ties to the ending I got, which was bittersweet as it left some things up in the air. 
10/10.",True,0,0,3579,3579,True,2026-06-16
1091500,Cyberpunk 2077,"Is it worth to buying when it is on discount?
-Yes
Is it worth to buying at its full price?
-Yes",True,0,0,6139,6139,True,2026-06-16
1091500,Cyberpunk 2077,Help.. I’ve been playing cyberpunk on steam-os but recently I got force closed everytime.. Anyone experienced the same problem? I’ve even re-install the game but it doesn’t solve the problem,True,0,0,4224,4224,True,2026-06-16
1091500,Cyberpunk 2077,"Although it takes a bit of time to get used to, the mechanics are intuitive and can lead to some amazing gameplay styles, still a few bugs here and there, definitely noticeable but nothing game breaking. But my oh my, the graphics of this game is just jaw dropping. definitely recommend to people who appreciate a flexible play style.",True,0,0,2793,2648,True,2026-06-16
1091500,Cyberpunk 2077,Great game! DLC part might be the best video game DLC I have ever experienced.,True,0,0,3023,3023,True,2026-06-16
1091500,Cyberpunk 2077,really fun game cool cybernetics and guns and story,True,0,0,2901,2880,True,2026-06-16
1091500,Cyberpunk 2077,When I first tried to play this a year ago I really didnt like it. It was very difficult to understand. I randomly decided to play it again and still confusing but enjoying it now,True,0,0,469,469,True,2026-06-16
1091500,Cyberpunk 2077,"I'm not usually a fan of first-person games but CP2077 is hard to stop playing, at least now that most of the bugs have been worked out. The story, especially Phantom Liberty, is great, having Keanu Reeves insult/advise your character is charming, and there are multiple ways to approach every mission.",True,0,0,18604,18604,True,2026-06-16
1091500,Cyberpunk 2077,I last played this game late Dec. 2020. All I can say is this game has come such a long way from its beginning... Right now I'm dreading the Alien: Isolation mission :(,True,0,0,3970,3962,False,2026-06-16
1091500,Cyberpunk 2077,"It's like Skyrim, but in the dark near future, and it ACTUALLY just works!  Fantastic.",True,0,0,7133,7041,True,2026-06-16
1091500,Cyberpunk 2077,"Solid story, great characters, and the open world setting was very well thought out and fun to play. I finished the main storyline and DLC storyline (plus a bunch of side quests) at 88.4 hours. Considering that this was around $80 for both the DLC and base game (rounding), that's about a dollar per hour of gameplay; though I'm not even remotely to being done with the game in terms of 100% it. Very worth it",True,0,0,5386,5301,True,2026-06-16
1091500,Cyberpunk 2077,This game is so much fun. There's so much flexibility in the playstyles that you can play anyway you want.,True,0,0,7566,7232,True,2026-06-16
1091500,Cyberpunk 2077,"Cyberpunk 2077 has had possibly the most insane redemption in video game history. I wasn't one of the people who played this game in its nigh unplayable state at release, but if you did, I STRONGLY reccomend trying it again. Everyones experience with it is unique and I think everyone should try this game at least once in its current form.",True,0,0,4609,4609,True,2026-06-16
1091500,Cyberpunk 2077,"Enjoyable.

I played the original. It was a very dark time in my life, and the errors and crashes felt wholesome.",True,0,0,318,194,True,2026-06-16
1091500,Cyberpunk 2077,"Not only is there such beauty and benchmark reputation in this game, but this game makes you want to keep playing. It makes you want to keep playing even when you finish the story, which by the way, is almost on par with some of the best story games of all time. If you like shooting things with a little bit of strategy (if you play on hard at least), this game is def for you as you need to put in some brain power into how you go about situations. The gunplay is smooth and satisfying, and there are endless things to do and explore even past the side missions. 

10/10 would put in another 300 hours into",True,0,0,18117,18117,True,2026-06-15
1091500,Cyberpunk 2077,"Minor stability issues here and there, but a great game so far.",True,0,0,1734,1423,True,2026-06-15
1091500,Cyberpunk 2077,"Great game, fun to play. Some quests are annoyingly bugged, but I honestly find most bugs crack me up with laughter",True,0,0,7021,6747,True,2026-06-15
1091500,Cyberpunk 2077,"Imagine you go on a vacation to Tokyo but they've replaced all of the restaurants with chains such as Pizza Hut from the US and you were never allowed to attend any of the shrines or events. That's essentially how I see this game. The main story is fine but not all that interesting. Many of the more interesting concepts are in side stories, but when those only last a small amount of time it's difficult to get invested and they never lead to anything. The city is large and beautiful, but there's nothing all that interesting going on in it nor are there interesting activities to do in it. I like the gunplay and the ability tree is cool. The visuals are gorgeous and the character design for the main cast is unique. For a game like this to only have that, I'm disappointed. This game feels like it wants to be more, and frankly should be more, but it's relegated to being a decent entry in the action genre. Imagine if we got a game with the world of Night City, the writing quality of Disco Elysium or Last of Us, the conceptual creativity of Serial Experiments Lain or Blade Runner, and the density/variety of Kamurocho from Yakuza. That would be a killer game. I'll recommend it for the city and gunplay, but my recommendation comes with an asterisk to keep your expectations in check.",True,0,0,2624,2624,True,2026-06-15
1091500,Cyberpunk 2077,"Wonderful game with a great storyline, and hours and hours worth of side quests and exploring. 
I love the complexity of the open world map.
Surprisingly runs pretty smoothly on lower end devices on low settings!",True,0,0,4930,4766,True,2026-06-15
1091500,Cyberpunk 2077,"As of writting this review, i just 100% the achievements and started my 3rd playtrough.

I wasnt that big of a fan of RPGs or story driven games before playing Cyberpunk. So after almost a year of it sitting and rotting in my library i decided to boot up the game and see for myself what its worth was. 

This game has taken over my life( i could say that it costed me my college grades with the amount of hours i put into it in barely a month and a half ), made a playlist only of the best banger Cyberpunk songs. I feel, when playing, that i am a part of Night City, just another choom writting his story and trying his best to never fade away.  At times i just take the car and ride around Night City, taking it all in.

The game is gorgeus, the setting takes over your senses and even the repetitive aspects of the game can wildly differ on so many aspects depending on your style of playing and handling problems.

The story is a killer, the writters though of basically everything, even the more basic NPCs can make such an impact on you, the soundtracks are a masterpiece, the fightings feels great, i just wish for more customization for the player and what he owns. 

And at the end of the day, i truly  learned that we should ""Never stop
fighting""",True,0,0,11524,11197,True,2026-06-15
1091500,Cyberpunk 2077,"9.5/10 (nothing is ever perfect)
Absolutely one of the greatest games I have ever played.
The immersion  - Peak
Gameplay - Peak
Story - Super Peak
I loved it and I love the idea of no ""true"" happy ending. (well the way I feel about them)
Massively recommend to play through at least twice.",True,0,0,21541,21541,True,2026-06-15
1091500,Cyberpunk 2077,"what is there to say? y'all know this game is a gift, even with its flaws. just buy it already if you haven't played it yet. 
(dont use MSI Afterburner for counting FPS, high chance of crashing)",True,0,0,11288,10563,True,2026-06-15
1091500,Cyberpunk 2077,"Cyberpunk 2077 + Phantom Liberty is easily one of the best story-driven games I've ever played. The characters, world, and story kept me hooked from start to finish, and I genuinely enjoyed every minute of it. Phantom Liberty takes everything to another level with an amazing storyline and memorable moments. If you enjoy immersive RPGs with great storytelling, this is a must-play. Highly recommended!",True,0,0,3675,3675,True,2026-06-15
1091500,Cyberpunk 2077,"Oh Man, this game came out [i] Rough. [/i] but after CD PROJEKT RED fixed most/all of the issues people were having it's one of the most stunning single player experiences on the market right now.  Pick up the DLC, it's also worth it.",True,0,0,5033,5033,True,2026-06-15
1091500,Cyberpunk 2077,"If you asked me at launch, I would’ve told you to run away from this game. But man, the developers absolutely redeemed themselves. Night City is easily one of the most jaw dropping, dense, and alive urban cities ever built. Walking out of V’s apartment at night with the neon reflecting off the wet pavement is pure cyberpunk eye candy. The first-person combat is incredibly slick , chopping through Scavs with Mantis Blades or quick hacking an entire room from the shadows feels amazing. The story hits heavy emotional notes too with great romance options, and Keanu Reeves as Johnny Silverhand is brilliant. It’s not a perfect 10 because the AI can still act completely braindead sometimes, but it’s a masterpiece now.

The Score:

Gameplay: 9/10 (Gunplay is GREAT, cyberware upgrades feel incredibly impactful, and build variety is wild)

Story: 9/10 (Beautiful, unique, emotional, and handles the corporate dystopia vibe perfectly)

Graphics: 10/10 (If you have the hardware to max it out, it's genuinely unmatched)

Sound: 10/10 (The radio stations are packed with bangers and songs that give you ptsd after watching edge runners)

Immersiveness: 8/10 (The city itself pulls you in completely, though the Npc´s are genuinely ♥♥♥♥)

Overall 9/10",True,0,0,739,739,True,2026-06-15
1091500,Cyberpunk 2077,The more I play this game the more I think it's one of the greatest games ever made. Truly a masterpiece in so many ways.,True,0,0,3415,3296,True,2026-06-15
1091500,Cyberpunk 2077,"the pedestrians are chronically suicldal, so the ncpd is always after me
otherwise great game, absolutely love it",True,0,0,6147,6147,True,2026-06-15
1091500,Cyberpunk 2077,"Pre-DLC Review:
Really good graphics, music is ok, story is ok, side quests and gigs are fun but get repetitive at times. Combat is cool, but movement could be more interesting (car is janky, running is slow, so fast travel is usually the best way of transportation). Main story is just so much weaker compared to the side content. The side content is like 75% of the main content no lie. Biggest issue was the bugs. Some quests are super janky, some visuals look cooked, and my character glitches out sometimes. It was so bad that it took away from the game (but wasn't as bad as release). Characters are pretty cool but some get removed so quickly. Skill points and the skeleton system is cool. Overall good game, but bugs and some other things hold it back. 9.33/10.

DLC Review:
i didn't get it yet",True,0,0,3684,3684,True,2026-06-15
1091500,Cyberpunk 2077,"Yeah, you can say what you want. You can talk about the crimes of the past and the bugs and the glitches. But you can't say they tried their damnedest to fix it. This version, the current one I'm playing now, may not be perfect, but damn do I absolutely adore it. I adore leveling up, blowing up people's heads with my brain, and the story- auuuugh I love the story. I love the humanity, the grief found in each character. I love the small moments you find, like the simple mission where you fix up and ride an old rollercoaster. I don't care what happened in the past, the people who developed this game cared about it, and it shows up in the funnest ride of my life. Also I heard the ttrpg this was based off of was good so play that too.",True,0,0,2187,2050,True,2026-06-15
1091500,Cyberpunk 2077,"i got it on sale for $30 long about a year after the game was released, after they had fixed all the launch issues, and wow, extremely good at that price point. genuinely a great game, i was more interested in it for aesthetic reasons but the combat genuinely felt incredible which surprised me (AAA games have the worst mechanics nowadays for some reason) I think combat becomes too easy once you get to a high level character though, like 49+, especially with the Body skill tree which is braindead strong with the second heart and auto-heal augment, but that's usually beyond what most people are going to stick to their characters on anyway, so overall, really good game, lots of fine details, great voice acting, tons of story choices, only thing is that it requires a beefy graphics card so if your PC isn't good for that, don't expect good framerates. I can get about 130FPS on average but some areas drop to 70ish.",True,0,0,6588,6588,True,2026-06-15
1091500,Cyberpunk 2077,one of the best games ive played thankfully they managed to fix almost all the glitches and the glitches that are left are almost always just funny to see and not gamebreaking,True,0,0,2844,2780,True,2026-06-14
1091500,Cyberpunk 2077,"I don't even like the cyberpunk genre that much but easily one of, if not best story in any video game,. Gave me depression for week straight...",True,0,0,10794,10794,True,2026-06-14
1091500,Cyberpunk 2077,"Cyberpunk 2077 — A Modern Masterpiece

Cyberpunk 2077 is one of those rare games that feels less like a product and more like a fully realized artistic vision. Night City is not just a setting — it is a living, breathing organism, filled with ambition, decay, beauty, violence, and humanity. From the moment you step into its neon-soaked streets, the game pulls you into a world that feels both terrifyingly dystopian and strangely believable.

What impressed me most is how well Cyberpunk 2077 combines atmosphere, storytelling, character writing, exploration, and player choice. The main story is emotional, stylish, and deeply personal, but the side quests are often just as memorable. Many of them feel handcrafted, meaningful, and written with the kind of detail you rarely see in open-world games. The characters are outstanding, the dialogue is sharp, and the world constantly gives you reasons to care.

The gameplay has also become excellent. Combat is fast, flexible, and satisfying, whether you prefer hacking enemies from the shadows, going in with blades, using firearms, or building your own hybrid playstyle. The RPG systems, cyberware, weapons, and progression all make the experience feel rewarding from start to finish.

The DLC content only makes the game stronger. It adds more depth, more emotional weight, more style, and more reasons to return to Night City. Everything feels like it expands the world naturally rather than simply adding extra content for the sake of it.

Yes, the game had issues at launch. That is impossible to ignore. But judging Cyberpunk 2077 as it stands today, those early technical problems do not define the experience anymore. What remains is an incredible open-world RPG with unforgettable atmosphere, powerful storytelling, and one of the most immersive cities ever created in gaming.

For me, Cyberpunk 2077 is not just a great game. It is a masterpiece. A bold, emotional, visually stunning, and unforgettable experience that deserves to be remembered as one of the defining games of its generation.

Rating: 5/5
Absolutely recommended.",True,0,0,23492,23492,True,2026-06-14
1091500,Cyberpunk 2077,"Cyberpunk released in such a terrible state that I left it in my library for 5 years, and finally played it out. I'm glad I waited, because I also bought a new PC in 2025 and now I'm experiencing the game in its intended graphical form. What a gorgeous adventure.",True,0,0,21751,21443,True,2026-06-14
1091500,Cyberpunk 2077,"One of my favorite games by far. I was playing vanilla for a while, and once I started modding the game, it was a game changer to a game that is already amazing. Started out as using a sandevistan OS, and now I'm a dual sandy and cyberdeck user. I put over 100 hours into the game and I still haven't beaten the main story, which is a testament to the amount of content this game provides.",True,0,0,6670,6528,True,2026-06-14
1091500,Cyberpunk 2077,"Great story, soundtrack, DLC, and world. Only gameplay leaves a little to be desired. Good at a lot of things but great at very little. But these issues are easily overlooked with content as abundant and quality as this game. Side content is engaging and doesnt feel grindy or paint by numbers. Decisions carry weight but rarely amount to a good ending. Ran decently well. Would play again for different gear and endings.",True,0,0,12742,12742,False,2026-06-14
1091500,Cyberpunk 2077,Very good game with many different routes to take in the story and an immersive world to fall in love with.,True,0,0,2549,2549,True,2026-06-14
1091500,Cyberpunk 2077,"I shed more tears than I fired shots. I think playing it after they fixed it was the best thing. My favorite game to date. The story, the odds, the plot, everything was spectacular. The fact that I can play it on a 10 yo PC makes it even more spectacular!",True,0,0,8852,8852,True,2026-06-14
1091500,Cyberpunk 2077,It still has its bugs but people overestimate how glitchy it is. I haven't seen any softlocks or things that break my game. Despite having a McDonalds PC I'm consistently seeing 30fps with few crashes (Maybe one every seven hours),True,0,0,2867,2514,True,2026-06-14
1091500,Cyberpunk 2077,"Fun progression system and combat paired with a nice big map to explore, filled with plenty of collectibles and side quests. If you liked WatchDogs or Far Cry this game will feel very similar.",True,0,0,3100,2458,True,2026-06-14
1091500,Cyberpunk 2077,"Cyberpunk 2077 is a masterclass in modern open-world RPG design and represents one of the greatest redemption stories in gaming history. While its initial launch was famously rocky, years of dedicated overhauls—culminating in the massive 2.0 update and the brilliant Phantom Liberty expansion—have transformed the game into a breathtaking, near-flawless masterpiece.",True,0,0,3267,3254,True,2026-06-14
1091500,Cyberpunk 2077,"One of the greatest games ever made.  Compelling narrative, well fleshed out characters, compelling gameplay and a lifetime of fond memories.  If you haven't played this yet, do yourself a favor and pick it up now that it's cheap and treat yourself to a wonderful experience!",True,0,0,5340,5340,True,2026-06-14
1091500,Cyberpunk 2077,"Good story, good acting, good graphics. It's far from a perfect game but it has entertained me very much.",True,0,0,6760,6386,True,2026-06-14
1091500,Cyberpunk 2077,"Fantastic game after years of bug patching. If you were one of the ones that bought this on launch you experienced horrendous state that CD project released this with. However, after years this game is playable and major bugs have been fixed to the point that you can overlook minor details and bugs and focus on the game. 

The writing, world building, VA, characters, music, shooting mechanics to a deep rich lore of cyberpunk this game delivers. Its atmosphere pulls you in after just hours of play and until you notice you have played the story missions and side content which all feel meaningful and unravel the story in great ways without feeling like extra whatever.",True,0,0,5555,5555,True,2026-06-14
1091500,Cyberpunk 2077,"Despite how utterly broken the game was on release, at this point most of the things got fixed. 

The game is fun, the story is great, the characters are well made, the combat feels amazing. Driving is on the weaker side, some car will spin out of control from the slightest turns.

Recommend playing the game with mods.",True,0,0,5138,5138,True,2026-06-14
1091500,Cyberpunk 2077,"Graphically impressive, nice big open world to explore, good story and characters. Lots of side missions, upgrading and skill chain to keep you playing. My only gripe is like a lot of open world, the world looks incredible but most of it offers nothing other than eye candy, would be good to have more interactions / side games / hussles. I blame Rockstar, they have spoilt many of us.",True,0,0,15929,15929,True,2026-06-14
1091500,Cyberpunk 2077,"If somehow my review is the first one you see, the answer is yes. The game is worth it. Cyberpunk 2077 has the most believable world I've ever seen from any piece of fiction. The first person perspective is such a good choice even when just walking around the city. It makes every scene all the more cinematic. Plenty of weapons and equipment to fit different kinds of playstyles. Side quests and missions are actually fun to do.

The game has some issues though. There were multiple instances of glitching NPCs and vehicles and even dialogue moments, but none of these ruined the story. It's mostly from side content. Overall this game is 100% a recommend.",True,0,0,6196,6196,True,2026-06-14
1091500,Cyberpunk 2077,"This game is all over the place. In some instances it's fantastic, then it rips your heart out with how undercooked it is in other places and your immersion is quickly broken.

[h2]Story and narrative[/h2]
The premise of the world is simple - megacorpos run most of the world in a world where governments inexplicably bent over to them nearly everywhere regardless of the system, yet it fails to deliver that feeling in the most corpo-driven city. For some odd reason, their presence is visible everywhere, yet felt nearly nowhere throughout the story, even in quests where you are screwing with the corporations, and I blame the writing and pacing here. Edgerunner immediately pulls you into a world run by corpos, whereas the game tries it in so many ways, and still falls flat. This corpo narrative began and ended with Meredith Stout. That was a fantastic introduction to what corpos can and would do, and then it just fizzles out. They quickly became a background noise even though your whole main quest is related to dealing with them. Gangs became the focal point and the pacing prioritized them and the result is tangible.

Narrative is also suffering from pacing and writing. Just like in Fallout, you need to fulfill your mission before time runs out. Here however, it does not run out, because the world is filled with side quests and we wouldn't want to miss out on that. A terrible mistake. Cake-and-eat-it-too kind of a mistake. On top of that, you are bombarded with endless phonecalls in the very first hour of gameplay, to the point you begin to lose track of what certain quests or side characters are about and you do not know what to do first. How this wasn't ever patched or why it was introduced in the first place is beyond me.

The first mission is the best example of this dissonance. It's an endless stream of information and cutscenes that attempt to pull you into the story but they instead leave you dazed and confused. You're meeting over a dozen characters within your first hour, which is filled with cutscenes that inform you about three subsequent missions. Incomparable to the pacing of Witcher 3's beginning. Absurdly terrible but am I glad I stuck through it, as I knew what they were attempting to do.

[h2]World and immersion[/h2]
I don't think I've ever played a game so immersive and yet so shallow at the same time. Citizens are immersion-breaking, but then you get to live a second life within this world as long as you're not done with much of the story, but as you finish quests, immersing in it becomes less and less interesting to you. Why? Because CD Projekt Red is not Rockstar nor Valve. They've created a static world that tries to simulate a dynamic one. Compare the world to GTA's where the world is an actual, reactive sandbox. Everything is designed to react to a trigger - from the world, from the characters, from the physics. In Cyberpunk, you are the sole trigger, and the game reminds you of it every so often. In GTA5 you can't drink, car interiors are awful, apartments are lackluster and staticky, the interaction with the world objects is undercooked, CP77 builds on that in so many ways, but it just didn't have the funding, time and tech know-how to build a living world, and one feels and sees it.

The city itself is beautiful to look at. The more you explore though, the more you see the seams unfortunately, but it's well detailed. Not many interiors to enter, some interiors are only a one-time occurrence, some are notably undercooked.

[h2]Characters' reactivity[/h2]
It's a heavily narrative-driven game, relatively loose where it can afford to be, but otherwise you are shoehorned into a particular V every single time no matter your background. However, your choices do matter when it comes to characters you come across - their fate, and the reaction to your actions, are a direct consequence of your doing. They act in juxtaposition to certain choices you make throughout quests or stories, which allows you to really ponder on the eventual outcomes, though some outcomes will certainly leave you confused as to why X happened, and will feel forced as a consequence. Again, writing isn't the strongest suit of this game, pacing exacerbates it, but the characters are well fleshed out and they thankfully salvage the entire game. They suffer from a few things though - terribly animated vehicle cutscenes where they're the ones driving, mistimed voice lines and sound EQ being all over the place. The loud and annoying ads sometimes cut through very emotional lines so awfully, it left me extremely annoyed.

[h2]The technical slavjank nightmare[/h2]
No wonder why they decided to go for Unreal Engine 5. The accumulated tech debt became too great. They're not a large corporation yet still they built an amazing looking engine that does things it's set out to do relatively well. But it is indeed a pig with a lipstick in every way imaginable and you get reminded of it while playing quite often. I will not list them here.

[h2]Phantom Liberty DLC[/h2]
Very happy they eventually fixed most of the issues plaguing the game and even released a fantastic DLC. They doubled down on a game they worked their asses off for nearly a decade. The writing and pacing there is immeasurably better and it shows what CP77 could've been had they simplified the whole premise and focused on building a reactive world. Instead, they branched the main story out and the further you strayed from the beginning the more it suffered. This is a non-issue in the DLC. It's a relatively simple and arguably much more linear approach to an immersive and atmospheric story with memorable characters and, finally, very few side characters you're supposed to remember after a dozen or so quests. I still remember Paco and his friend I smuggled out of Dogtown, the chippery merchant who kept spamming me with tidbits about events that happened a week ago in game for some reason.

[h2]Modding![/h2]
Hell yeah. So many great mods that we will not get to use once the new installment is launched on UE5. Plenty of mods brought back cut content and fix bugs that are still present. Imho they are vital for those who really want a great experience, doubly so for replays.


[h1]Main game: 8/10[/h1]
[h1]DLC: 9.5/10[/h1]

I watched Cyberpunk's development ever since 2013 teaser dropped, and finally got to play it in 2026. Boy am I glad I waited till it got sorted out. Kudos to CD Projekt Red devs for this fantastic piece of art, and screw the management, the idea of a publicly traded game company, and the crunch culture. 

Bunch of ♥♥♥♥-for-brain gonks.",True,0,0,19070,19070,True,2026-06-14
1091500,Cyberpunk 2077,"Overall great game , even this started as a bit boring at start. But as you move into the story you’ll love it. The immersion and the graphics of this game are amazing and so is the story. 

Definetely worth a play",True,0,0,378,378,True,2026-06-14
1091500,Cyberpunk 2077,"it keeps crashing now but its a good game, fun while it lasted",True,0,0,1876,1876,True,2026-06-14
1091500,Cyberpunk 2077,"Played for a few hours and it has been nothing but dialogue. Just endless talking and pretty much no gameplay. I looked online and apparently that doesn't stop, so it isn't just the introductory stage. Even in a story-driven RPG, there's such a thing as too much talking. Can't expect me to sit through many hours of non-stop dialogue with absolutely minimal action.",False,1,2,173,173,True,2026-06-14
1091500,Cyberpunk 2077,"♥♥♥♥♥♥♥♥♥ where do i even start..

-amazing graphics (provided pc can run it)

-amazing story

and just amazing world building/ atmosphere

truly one of the best games ive played well worth the 60 bucks it had a rocky launch but its truly one of the best pieces of fiction ive ever taken in",True,0,0,1808,1692,True,2026-06-14
1091500,Cyberpunk 2077,"This is a really, really good game.  I remember first downloading GOG over 10 years ago and that's all they would advertise:  ""Cyberpunk 2077!""  I was like, ""Great, another future title is being over-advertised and over-hyped.  It will probably end up sucking.""  Well, I was half-right, because it did suck initially when it was released.  I figured I wouldn't even give it a chance because have little faith in developers with investors who rush and over-hype everything, like No Man's Sky, for example, but I was talking to a friend about Cyberpunk 2077 a year or so ago and he said the game has improved significantly.  So, I decided to get it.

No regrets.  I had a ton of fun playing and re-playing this game.  There are so many main quests and side quests that intermingle with the main quests and side quests that don't intermingle with the main quest, but intermingle with other side quests and independent side quests and gigs and crimes to resolve and races, etc.  There's so much content it was almost overwhelming, but in a good ""I am getting my money's worth out of this game"" way.

The story is pretty dystopian and bleak.  I'm pretty sure the developers don't really believe in ""winners"" as we do in a lot of games.  Decisions can be very difficult to make, unless your ambition is to get the most gain out of it.  However, if you're trying to be a ""good"" person, this game makes it difficult to do, because most story-driven choices have good and bad sides to them.  I won't spoil anything, but you'll see when you experience it.  And it's not just the main quest, there are side quests that have this same dynamic.  It was morally challenging.  My only problem was that, with each ending I discovered, I felt like I was finally making the right choice, but then the writers throw a random wrench into the ending that kind of ruins it for me.  I got a little tired of that, but like I said, this game wasn't meant to be good vs bad.

Ok, potential spoiler ahead, but I can't resist.  I recognized Keanu Reeves the moment I saw him.  I hadn't realized he was in this game, but he did a marvelous job in his role and he's a great actor.  I think a big part of this game's success is because of him.  I won't lie, though, I hated his character my first playthrough, and I wanted nothing to do with him.  However, the game slowly and surely makes him seem decent and enables you to understand things from his point of view.  He's still a bit of a jerk, but as I mentioned before, this game doesn't cater to your whim.

Oh yeah, I almost forgot, developers are finally recognizing and representing straight-edge and sexually-abstaining persons.  I was getting so tired of games ruining characters for me by having them get drunk, do a bunch of drugs and sleep around like degenerates without giving me the option to avoid it.  I was glad to finally have the choice to graciously decline alcohol, cigarettes, drugs, promiscuity, etc. if I wanted.  Speaking of such, you can turn off any and all nudity in this game.  Female characters will have a black, bra-like texture over their bosoms if they're ""naked"" and they'll be wearing panties.  Male characters will always have boxers on at least.  However, if you want the nudity, you can even change the size of your ding-dong or rack.  Aside from the cosmetic viewpoint, I don't think this mechanic adds anything else to the game.

So, weapons, cybernetic implants, clothing and outfits and consumables are numerous.  I found myself always discovering something new or better than what I had.  There's also a huge amount of ""written"" dialogue, in the form of data shards.  This can also be a little annoying, because I could either be sneaking around, fighting enemies and looting stashes and corpses, etc. and I'd pick up like 18 different data shards that I'd have to go to my journal to read.  Normally, that's not so bad if you can ignore it, but each data shard shows up as a bolded item under an extensive list of categories.  The ""other"" category being the biggest culprit because I'd have like 75 unread data shards in there because I'm not going to pause my game every 5 seconds to read shard number 54 of the 87 that I somehow got from the 5 gangsters I just hollowed out, neither am I going to analyze every stash I search for every little thing I want to pick up or not.  It got a little ridiculous by the end.

Anyway, I'm happy to say that this game turned out great.  If you're looking for a new first-person action adventure, definitely play this.",True,0,0,15693,15693,False,2026-06-14
1091500,Cyberpunk 2077,"It's a good game. Plays well, the story is good, the characters are even better. Gun play feels right and so does the driving. Cant really say anything bad about it.",True,0,0,7798,7798,True,2026-06-14
1091500,Cyberpunk 2077,"I want to like this game. I think this game sold so much better than it should have because so many of us absolutely adore the Witcher 3. Many of us expected the Witcher 3 experience more similar to grand theft auto in a distopian sci-fi cyberpunk setting. We got a linear mediocre experience with a strangely segmented story arc that forces you to bounce between perspectives. The anime was great, why is the game so mediocre? Maybe expectations were to high but Cyperpunk 2077 was honestly THE LAST GAME I EVER PREORDERED. I will never pre-order a game again, this seems like a guaranteed masterpiece and it is honestly a skip for me. If you get the game for less than $20 or can family share it, give it a try. This is a hard pass for me, I revisit it on PC and PS5 occasionally to see if my opinion has changed because I love anything Cyberpunk. It's unfortunate I would rather play The Ascent than this, at least that has co-op and good combat.",False,0,0,1436,1436,False,2026-06-14
1091500,Cyberpunk 2077,"Visually outstanding, incredibly immersive, total freedom and a brilliant story. What more could you want? Maxed out the settings using DLSS at 2560x1440 and it is just stunning to look at. This game could well be the thing to sway me into upgrading my monitor and GPU!",True,0,0,440,364,True,2026-06-14
1091500,Cyberpunk 2077,"I am OBSESSED with this game.  I believe [i]Cyberpunk 2077[/i] is or will become one of the most important experiences in gaming history.  I cannot recommend this game enough!

I heard that this game flopped hard on release.  That truly disappointed me.  I watched the promos, and I felt the hype:  This game seemed like a game that I would love.   Five years, several patches, and DLC have passed since then, and it still has all of the hallmarks of a game that corpos rushed-through development.  There are still glitches, and there are still parts of this game that I believe needed more time to develop before its release, but it is beyond playable.  It is an experience beyond its time.

This game hits hard.  I downloaded it about 2 months ago, during a rainy spring, and as I worked through the opening chapters,  I flashed back to the time when I played-through the opening chapters of the first [i]Deus Ex[/i] for the first time, more than 25 years ago, and I felt, as I did more than 25 years ago, like I was a part of something that is truly great; something that is rare and singular.  [i]Cyberpunk 2077[/i] is a gamers' game:  Its story is so good that it becomes your story.  One hour becomes 24.  And then 24 hours became more than 200.  I cannot recommend this game enough.",True,0,0,12451,12090,True,2026-06-14
1091500,Cyberpunk 2077,This game is lowk one of the best games ive ever played definitely pick it up if your thinking of getting it or even if its just on sale,True,0,0,3517,2986,True,2026-06-14
1091500,Cyberpunk 2077,"Playing in 2026. Still very fun game to play.
Pros:
- Interesting and unique concept in world building,
- Main questline is captivating.
- Graphics are very good.
- Enables different combat styles. Can choose what to shoot or whether to shoot at all.

Negatives:
- Open world is a bit repetitive
- Driving is not that captivating. Although there are multiple cars out there, they are not that different.
- You can swim but there is nothing in the sea. Like... why?",True,0,0,3696,2401,True,2026-06-14
1091500,Cyberpunk 2077,I don't think I've ever played a game with a more immersive open world than this one. It's made by the same devs who made the witcher games so it shouldn't be surprising.,True,0,0,28991,28991,True,2026-06-13
1091500,Cyberpunk 2077,This is one of the greatest RPG's I have played in many many years. I don't have much to say other than that. It is an absolute gem of a game,True,0,0,2480,2480,True,2026-06-13
1091500,Cyberpunk 2077,"i had the game in my library since launch, a combination of waiting for bugs to be fixed+optimization, having a decent pc to play it at its finest and lack of time caused me to start this game in mid 2026.

Honestly? worth the wait. quickly became one of my top 10 games, storyline? 10/10, Gameplay? 10/10, graphics? 20/10.",True,0,0,8285,4191,True,2026-06-13
1091500,Cyberpunk 2077,"I first bought this game on release. It was a terrible, broken mess. 

I tried the game again after 5 years, and it was a totally new game. Great job from CDPR to fix it. 

Some criticisms:

The game still has quite a few bugs, but most are harmless and sometimes funny. Not to be unexpected for a game this complex and big. However, considering the game's tone is serious, I do think it would be great to iron them out for the sake of preventing immersion breaks. 

Personally, I didn't like the English voice acting for male V nor female V. Perhaps just me, but it just felt a bit goofy, lacking in emotion, etc. They also reused quite a few voice lines and at times it is noticeable.

The game's pacing is also very awkward. There is quite a lot to do, except the game feels like it rushes you to complete the main storyline as you are dying in a matter of weeks. It seems like it was a big mistake to make that such a prominent part of the story so early on. It is also very difficult to care about Jackie, as you basically experience none of their previous relationship. I almost wonder if it was cut content. 

I won't get into the details, but the pacing of the main game was not good, and it also felt quite short. It would have been great to have some time being a regular merc with Jackie before everything begins to go downhill.

There are a ton of details that have not been attended to, and are only partially fixed by mods (reflection in mirrors, for example).

I think player customization is also quite limited, accessible building interiors are limited as well. As you get more cyberware, your character does not reflect it. A shame. 

Some random things that really came to bother me are how CDPR approached buildings that don't have accessible interiors. Instead of designing a model for the player to view from the window, they simply emplaced a 3D drawing that looks terrible if you look at it for longer than a second. And it is standardized, so you seem the same pattern everywhere, and it is quite immersion breaking. I wonder if they did it procedurally, because there are several spots on the map that you CAN actually go inside, but when viewing it from the outside window, it is just painted over with the same 3D drawing. This creates impossible physical dimensions and mismatched interiors/exteriors, etc.

Same thing with NPCs. Play long enough (just 10 hours was enough to notice), and you will realize that there are a limited number of base NPC models, of which all other NPCs are just variations of. Incredibly immersion breaking.

Your decisions in the game, as well as the life path you take in the game, basically do not matter except for the very end. That was quite frustrating. I also felt it was very limiting. If I wanted to roleplay as a diehard corpo, even after getting discarded, it is impossible to do so as your dialogue locks you into a certain philosophy and playstyle. 

The romantic options are generally all terrible. I didn't like any of the characters that you had an option to romance. Only Kerry was fine, and it just feels wrong to romance him while being half-Johnny. 

A lot of times, the dialogue prompts are completely different to what is actually said by V. Not just semantically different, directionally different. Very frustrating and a confusing design choice.

There is still a lot more to complain about, but those are the things that immediately come to mind.

Some compliments:

The graphics are generally great for a 2020 release. It is a visually stunning game. The atmosphere, overall story, and execution are well done. 

What really saves this game, in my opinion, is the Phantom Liberty DLC. What a fantastic addition. I think it is better than the base game by far. The story is dynamic, morally grey, your decisions have profound consequences, it just does everything you would like it to. The characters are well fleshed out, flawed, and make the story incredibly captivating. As much as I like Keanu Reeves, I think not having the DLC be as focused on Johnny allowed CDPR to make something really special. It's a spy thriller meeting the Cyberpunk world. It was truly awesome.

Replayability is also pretty decent. Combat is fun. The cyberware is fun. For the most part, especially if you are able to ignore details (I struggle a bit), the game is very immersive. 

I am really looking forward to Cyberpunk 2 (Orion), and I hope that not having to focus on Johnny will allow them to really flesh out a great story.",True,0,0,19878,19878,True,2026-06-13
1091500,Cyberpunk 2077,"The game offers a brilliant mix of compelling storytelling, unforgettable characters, and fast-paced combat that lets you play exactly how you want - you can even go full cyberpunk samurai and slice through enemies using just a katana. To be fair, it's still not perfect, and you will definitely run into some annoying bugs and glitches from time to time. But despite these flaws, the incredible atmosphere and emotional story make it completely worth your time. It’s a solid 8/10 that you shouldn't miss.",True,0,1,4567,4567,True,2026-06-13
1091500,Cyberpunk 2077,great game and a lot of fun. good for destressing and ticks all the boxes for FPS. 10 out of 10 would highly recommend.,True,0,0,3125,2912,True,2026-06-13
1091500,Cyberpunk 2077,didnt play it when it launched cause it was not optimised but decided to give it a play this game is genuinely one of the greatest games you could play and i highly recommend to anyone who wants a genuine story experience and get lost in the world of night city. You do need a pretty decent pc to run the game at some decent graphics as i had the graphics on high/some medium its a very demanding game but worth every second playing. I hope they make another one cause you can have all my money CD projekt red,True,0,0,7001,6964,True,2026-06-13
1091500,Cyberpunk 2077,"Very nice game, lots of bugs got fixed, few endings and career paths to pick. Had a lot of fun while playing",True,0,0,14656,14656,True,2026-06-13
1091500,Cyberpunk 2077,"Conducir por la ciudad lloviendo en la noche mientras sonaba Isometric Air de la radio Pacific Dreams es un sentimiento que no he sentido en ningún otro juego.

Cyberpunk 2077 es probablemente mi juego favorito y uno de los juegos que siempre voy a recomendar jugar en la vida. 10/10",True,0,0,19869,19869,True,2026-06-13
1091500,Cyberpunk 2077,"What an preem experience The characters, the setting, especially Phantom Liberty. Must Play. Night City is the Main Character.",True,0,0,15372,15372,True,2026-06-13
1091500,Cyberpunk 2077,"No more running for me dawg,. Reaper is finally calling my name. David you can't do it... This is it.. This the end of the line for me.. But not for you.. Fast is what you do best ain't it? Just keep runnin-


10/10 would **** up Arasaka Tower again",True,0,0,10600,10600,True,2026-06-13
1091500,Cyberpunk 2077,"10/10 Nova BD, If you like zeroing gonks, will be preem. Watch out for cyberpsychos and goodbye Night City!",True,0,0,25489,25488,True,2026-06-13
1091500,Cyberpunk 2077,"best game ever! So much to do, everything flows together and I lose hours into this game. Recommend 100%",True,0,0,4016,3789,True,2026-06-13
1091500,Cyberpunk 2077,"Absolute masterpiece of a game, side missions never felt boring and a super interesting story and concept with great characters and combat, I remembering seeing this game and hearing it was unplayable until now I decided to give it a shot, 10/10.",True,0,0,7087,6850,False,2026-06-13
1091500,Cyberpunk 2077,"I loved this game, even back when I played it for two weeks when it was buggy as hell in 2020. Now it's just a bit less buggy, but all the changes and additions made me enjoy it even more years later.",True,0,0,33424,28030,True,2026-06-13
1091500,Cyberpunk 2077,"A good 3D shooter with excellent graphics, an interesting plot, varied missions, it offers a degree of freedom and isn't too difficult",True,0,0,504,504,True,2026-06-13
1091500,Cyberpunk 2077,"Really good since the updates, they put a lot of work into fixing the game",True,0,0,3245,3217,True,2026-06-13
1091500,Cyberpunk 2077,"Highly recommend this game, its super fun and also very realistic for a fictional game to be look and feel like your in an actual city",True,0,0,3506,3340,True,2026-06-13
1091500,Cyberpunk 2077,"Masterpiece.

The plot, the characters, the universe, the gameplay. Nailed it.

A must for every single player games enjoyer.",True,0,0,6143,6143,True,2026-06-13
1091500,Cyberpunk 2077,This game is fire! I like the futuristic vibe Jackie Wells look gives and I love the design of the city but most of all I love the story and the combat and... Ahem... Other... More... Inappropriate things... But it is really good!,True,0,0,723,220,True,2026-06-13
1091500,Cyberpunk 2077,"Simply one of the best. I've been with it from the start, the buggy mess that I already thouroughly enjoyed back then and that grew to be a legendary rpg.",True,0,0,11794,11415,True,2026-06-12
1091500,Cyberpunk 2077,"What an awesome game! Can't believe I've waited so long to play this thing; I bought it like a year or two ago lol. GREAT graphics (we all know it's the industry benchmark), great storyline, suppppppper long and intricate. Keeps you hooked coming back for more!",True,0,0,15056,14649,True,2026-06-12
1091500,Cyberpunk 2077,Gold Standard for any Action RPG. Improves on basically everything from The Witcher 3.,True,0,0,4843,4357,True,2026-06-12
1091500,Cyberpunk 2077,"Yeah it's worth it, the story is gonna be in theaters pretty soon. Viva Venezuela!",True,0,0,3407,3098,True,2026-06-12
1091500,Cyberpunk 2077,"Very solid game from CDPR.

8.2/10

You can still get some minor bugs here & there (i.e. no-clipping into a crate, stuff like that) but they're so minor and very rare that you'll probably laugh it off & forget about it later on. Only thing I'm not a big fan of is the NCPD system, getting swarmed by a dozen and so cop cars with a 1 star while there are npcs out there walking in the city with 4 stars breaks the immersion a bit. Of course this can be solved by mods & I heard the mod support for this game is superb though I have not tried it yet.",True,0,0,25973,25927,True,2026-06-12
1091500,Cyberpunk 2077,超级好玩呵呵呵呵。虽说ai驾驶可能会往墙上撞吧但是总体还是蛮好玩的。我本身就挺好未来城市这口的。剧情很好玩，很喜欢这种你死我活的戏剧张力。我不是一个数值玩家，所以关于武器、义体——不妨碍我推进剧情就可以了。不过这方面也有很多可玩性。,True,0,0,1429,1429,True,2026-06-12
1091500,Cyberpunk 2077,"Came back 5 years later after beating it the first time with all the bugs, I never got to truly experience what this game had to offer and after being truly immersed in this game and being actually able to do gigs, side missions, collect cars, etc without all the game breaking bugs and weird things happening with spawns and detection. I can finally say this game is a 9/10 and I'm putting in my top 10 games of all time because I'm honestly shocked by how much love and effort they put into this game including the modding community there's endless things to do and come up with. Only reason its not a 10 is because I feel like there could've been more variety in terms of story pathing and decisions actually holding weight instead of getting an almost linear path through most MAIN missions. Regardless, I love the game.",True,0,0,7879,6674,True,2026-06-12
1091500,Cyberpunk 2077,"Its an awesome game with a huge an expansive city.  I definitely recommend this game.

However, I have restarted it 3 or 4 times now and I just can't seem to get into it.  Every once in a while I start it up, walk or drive around the city a bit, then shut it off.  I don't really like the questlines that much and the characters are all kind of annoying.  For listening to the music and experiencing the city, to me, its great.",True,0,0,4184,4184,True,2026-06-12
1091500,Cyberpunk 2077,"I preordered and, despite it being crap at launch, now it slaps",True,0,0,8813,8813,True,2026-06-12
1091500,Cyberpunk 2077,"I'm simple 
- a game with Keanu as a dark passenger? - 
I'm in.

But really to the writers and devs, terrific job. Truly. Only sorry I'm so late to the party.",True,0,0,14104,11985,True,2026-06-12
1091500,Cyberpunk 2077,"Gaming felt so off for so long
This game made me feel like we are so back
also incredibly optimized",True,0,0,3879,3251,True,2026-06-12
1091500,Cyberpunk 2077,"this game and franchise as a whole changed me as a person and i love it.

the base games story was alright but HOLY phantom liberty is just straight flames and fire bro it deadass made me cry 😭 brotha just buy the game and trust the process",True,0,0,15248,15248,True,2026-06-12
1091500,Cyberpunk 2077,great game and the story is not bad. would say get the dlc phantom liberty as well. free roam is nice but for anyone who wants the chaos of GTA 5 5 stars chases and or GTA online like experience  wont find it here. would recommend but i think gta is more replayable once all your missions and tasks are done,True,0,0,4772,4772,True,2026-06-12
1091500,Cyberpunk 2077,"It's honestly crazy how much Cyberpunk 2077 has changed since launch. Back in 2020, the game had more bugs than Night City had citizens. Now? It's one of the best open-world RPGs I've played.

The story, characters, and world were always great—the game just needed time to catch up to its own ambition. Huge respect to the developers for sticking with it and turning one of gaming's biggest disappointments into one of its best comeback stories.

Cyberpunk went from ""Wait for patches"" to ""You need to play this.""

10/10 redemption arc. 🚀🤖",True,0,0,8970,6901,True,2026-06-12
1091500,Cyberpunk 2077,"first thing i gotta say: i only played this game like 4/5 years after release. Why? If you were on the internet in 2020, you already know

i delayed playing it 'cause i really liked everything around this game. Ignoring all the fckng promises CD made, obviously. Never trusted any of that ♥♥♥♥ anyway, so i wasn't hit by the launch drama nearly as hard as everyone else

and looking back, that was probably the best decision i could've made

i LOVED this game

i love gray stories. I love human stories. I love the cyberpunk aesthetic, and it goes WAY beyond just ""neon and blood""

this game is all about waking up alive the next day

it's about egoism, love, friendship, purpose, self-growth, and most of all, it's about being a fckng human

a human that somehow got another chance

and it puts YOU in that same spot

avoiding spoilers: just play it

seriously, just play it

enjoy it, listen to the music, live the city, take a minute to just walk around, look at the scenery, take some screenshots, vibe with the atmosphere

live the game

u won't regret it",True,0,0,7019,7019,True,2026-06-12
1091500,Cyberpunk 2077,"The most fun I've had playing a game in a long time. Great story, awesome world.",True,0,0,24000,21502,True,2026-06-12
1091500,Cyberpunk 2077,"Cyberpunk 2077 is the best game I ever played. I'm telling you this game fits any vibe. The way that you can play the game in so many different ways, different cyberware, stats, attributes, is simply amazing. The game is so good that mostly every other game is ♥♥♥♥♥♥♥ compared to this. Plus, the basilisk scene is pretty sweet.",True,0,0,10981,10981,True,2026-06-12
1091500,Cyberpunk 2077,"In the big 2026 this game runs.... fantastic! If you are worried about performance due to the launch (completely understandable) I can confidently say the game is ""fixed"". Is the game perfect no, but is it really close in my opinion yes. I cannot recommend this game enough. Never Fade Away",True,0,0,2957,2029,True,2026-06-12
1091500,Cyberpunk 2077,One of my favorite games just some fps issues (personal computers fault),True,0,0,14117,14117,True,2026-06-12
1091500,Cyberpunk 2077,"Fantastic game now that its fixed. 9/10, only complaint is that the story feels rushed at the end, and way too short.",True,0,0,8913,7666,True,2026-06-12
1245620,Elden Ring,"This game is very addictive and it is huge! It took me 275 hours to play and now I have started the DLC. One of the best games I have ever played, and I have been playing games for 50 years!",True,88,4,18462,17280,True,2026-05-20
1245620,Elden Ring,"The ultimate GAMING experience! Honestly, this is one of those cases where writing a review feels unnecessary because words simply can't do it justice.

I hadn’t bought a Collector’s Edition in a long time, but even before this game came out, I knew I had to get the CE of Elden Ring.

The game is perfect, and it belongs in the category of “you absolutely have to play this before you die.” If I really had to mention a negative, it would probably be the reused enemies, which are the game’s biggest flaw. But the gameplay, exploration, and boss fights are all masterclass level! (ER has the weakest PvP among the Souls games, but it's still fun.)

I've been a huge fan of FromSoftware since 2011, and I can confidently say they're the best developers in the industry. 

Perfection.",True,151,3,61924,61924,False,2026-05-20
1245620,Elden Ring,"[h3]A generational game, but not without flaws[/h3]

To preface this review: my only experience with any souls-like was 'The First Berserker: Khazan', and I never finished it.
Actually, I almost never finished Elden Ring either. A few hours in, and I was ready to quit, but the sheer number of players glazing this game was bugging me. ""What do they see, that i dont?''
I couldn't tell you exactly when I found my answer; it was more of a gradual experience. But I do now understand, even if I don't fully agree.

The [b][i]world[/i][/b] that's built here is amazing. The ambience and overall vibes made me feel like this was a living, breathing realm full of despair and danger. Even without many cut scenes, I could still grasp the severity and gravity of the events that had taken place. (even if most of the time i had no idea what was happening in the story)

The [b][i]combat[/i][/b], while at times was a little frustrating, is still one of its best features. The build diversity and scope are something special that I can't really find a comparison to in anything else I've played before it. 
The bosses, too, were imaginative and challenging, and more than a few times I found myself jumping out of my seat and slamming my desk in excitement after I defeated them.

There's more I could praise, but I won't, because so many reviews have already done that. So instead ill bring up a few of the [b][i]negatives[/i][/b] that i dont see mentioned very often.
The target locking in this game is dreadful. I swear I died more times to this than actual bosses. It's mostly fine when you have a single enemy to deal with, but as soon as there are multiple targets, it fails miserably.
The other massive flaw I feel this game has is with its in-game systems/mechanics. I can't think of a single game I've ever played that required me to tab out and Google as many times as this. It really was ridiculous. There is just so much that isn't explained or explained well, and most players will miss out on a lot of content or waste a lot of time without Alt-tabbing and turning to guides. 

Overall though, I'm happy I put the time in and finished it. It was a great adventure.

⠀",True,40,1,5037,5037,True,2026-05-31
1245620,Elden Ring,Bought it late. Wish I hadn't waited. Played more hours than I can justify. Completed everything and immediately wanted to start again. The exploration alone is worth the price. Best gaming experience I've ever had. Just buy it. Explore slowly. Trust your curiosity. 10/10.,True,20,2,16655,16655,True,2026-06-01
1245620,Elden Ring,"Hi guys, i didnt want too play this game but i was told its a good game and it is. thank you woorim and ryan for getting me this game and for me spending 72 hrs on it. Love you guys.",True,12,1,4374,4335,False,2026-06-07
1245620,Elden Ring,"SILLY LORE/PLAYED BEFORE KNOWLEDGE I never played a soulslike before, and before this game the usual combat in game experiences I had were (in order) Zelda, Baldur’s gate 3, and assasin’s creed Origins. Oh, and some light dragons dogma 2. I heard of Eldenring shortly after completing Baldur’s gate 3 and was intrigued by its alleged amazing worldbuilding handled by none other than George R.R Martin. (known from ASOIAF/GOT) This is kinda how the ball began to roll, but it would take YEARS before I would give Eldenring an actual chance. Mainly: Allegedly, ER is a very massive, beautiful but challenging game. Up until joining an achievement hunter discord, where tons of folks told me just how fun it was and that I should give it a try. Before, my biggest challenge in games used to be that a villager would plant its butt down in animal crossing in the way of my terraforming and oh my, has that issue been overshadowed immensely by Elden Ring.

OVERRAL THOUGHTS ABOUT THE GAME.
DESIGN:
The game is in my honest opinion, but I don’t play many games like this very beautiful designed. The colours seem lush and lifely, while still keeping that wandering between two worlds kinda element, as if you are in a magical place beyond our world. I liked the watergraphics, the grass looked cozy as the guards knocked me face down into it, and I am sure my character enjoyed bleeding out on some of the amazingly beautifully designed bridges. The character creator was also very important to me, and I sure enjoyed making my EldenLord a few times over…maybe too many times…

THE GAME FOR ME
So as I said, the game is unlike anything I played before. From the leveling system, to the rather harsh punishments when you do lose, to the scary enemies and the darker themes this is not a classical game I would normally pick up to play. And maybe that is exactly what made playing this (eventually) so much fun! At the first few times I felt like I was failing really badly and that I’d never make it past the first boss but after help from my friends and kinda learning that soulsgames=dying and learning I slowly became more confident. Bosses that used to send me running, or jumpscares that caused me to close the game became tests to test my reflexes and with every victory (big or small) I regained more and more confidence and learned along the way. The world that once seemed so overwhelmingly big became smaller as I uncovered pieces of the map and once my weapon was upgraded, and I actually paid attention to what a boss does during a fight, I had an absolutely almost unhealthy amount of joy playing it, jumping enemies in a violent way and screaming that their time had come, making concerned neighbors of mine wonder if everything was truly alright. Is ELDENRING for everybody? I think not, but what game truly is? It was a challenge, and it did what it promised. It challenged, it changed the way I’d approach a fight in a game and maybe even me along the way. 

10/10 would recommend.
To my friends, thank you. I couldn't have done it without you all.",True,7,1,6639,6639,True,2026-06-11
1245620,Elden Ring,"Elden Ring took everything that made Dark Souls great, dialled it up a bunch of notches, and set you loose in an open world.

I wasn't initially sold on the idea of an Open world souls game, but I can honestly say that I think it was a fantastic move to make the genre accessible to new players. Far more so than in the souls series, if you hit a wall you can often pick another direction very easily, find new dungeons or encounters, and hunt for loot and runes without specifically banging your head against a wall. Pair this with the spirit ashes allowing summons in almost every boss fight that you can level with you, and this is a great starting point for newcomers to the genre.

If you're a veteran, the game has you covered too, since there's no NEED to engage with summons if you don't want to. The fights escalate a lot as the game goes on, and really make you feel rewarded for learning the dances in a way I feel is only beaten by Sekiro in the Genre.",True,6,1,36275,36226,True,2026-05-28
1245620,Elden Ring,"The premise of Elden Ring was really quite simple. You know this iconic series of challenging action games FromSoftware is known to make? Take that and make it bigger, grander and epic. Make it Dark Souls, but open world. Then give GRR Martin yet another excuse not to finish the Winds of Winter by hiring him to create for you a backstory full of weird incestuous genderfluid gods. Finally, add to the mix a strange horse-goat of a mount and you have something really quite unusual. That's the premise and the promise. Now whether it delivers on that promise or not that's a different discussion. One that after spending a good 200 hours on this game's expansive world, perhaps I can answer.

Let's begin with the elephant in the room. The open world. This is one damn big elephant, truly ginormous. It goes on and on. Mountains, swamps, frozen over lakes, caverns, vast underground locations. This is one of the bigger games I have played and it's filled with details. It's also terrifyingly beautiful. The rich use of colour, the stunning landscapes, the dramatic vistas, the incredible heights. The game's art direction is top-notch. I would argue it's era defining. However there is an important caveat to consider. The open world is an incredible achievement yes, but how well does it serve the game's other mechanics.

Here the picture becomes somewhat less celebratory. You see the game retains its Dark Souls bones, the nuanced, environmental story-telling, the sparse quests driven by occasional meetups. Only now this spans a vastly larger surface and becomes a lot harder to experience naturally. Put simply, a great number of quests are next to impossible to do correctly without a guide. Not because of the minimalist design and lack of compasses, but exactly because of how incongruous the quest design is when applied to an open world. You execute a step in a quest. The character moves. Where? Go figure. In Dark Souls progression was linear and this was not much of an issue. Here, it is.

On gameplay this is largely Dark Souls still. Except significantly easier. This is likely another side-effect of the open world direction. I'm not saying the game is not challenging. Rush ahead and you will be punished. However, the game rewards careful exploration, as it rewards skilful combat. Generously. And there is plenty of rewarding side-content to conquer. Do that enough and by the endgame even superbosses won't be that scary. On a smaller scale, a disappointing element was the complete lack of a swimming ability. So many inviting islands close to the coast that are impossible to reach without gimmicks. The moment your character reaches the darker shade of waters down they go, as if they reached the proverbial end of the world. Be that as it may, this is a competently made and entertaining action game. Given its pedigree, I would expect no less.

Technically speaking the game is less impressive than its stellar art direction might suggest. Its graphical prowess in particular is decent but not extraordinary. There are sloppy technical decisions present that I wouldn't expect to see in a modern game. For example the lack of ultra wide monitor support. Even Dark Souls Remastered had that. But not Elden Ring? What's worse, the game is taking anti-cheating a bit too seriously and attempting to mod the game to include missing functionality can mark you as a cheater. I ended up having to play the game completely offline and with the use of extraneous software that didn't integrate quite seamlessly enough. All so that I could make the game work properly with my setup. FromSoftware really needs to do better here.

To conclude, does Elden Ring deliver on its promise. Is this Dark Souls but open world and is that a good thing? The first question is easy. Yes, it definitely is. The minimalist story telling, the challenging combat, the well crafted world. It's all here. The second question is harder. Dark Souls is not an open world game and making it one required changes that occasionally felt like discounts to the formula. In the end this is a lovingly made game of incredible ambition. It is beautiful and it is flawed. Is it worth playing? Absolutely, it's also worth pondering. There is something truly monumental just a few improvements away.",True,9,0,11868,11868,True,2026-06-09
1245620,Elden Ring,"This is the hardest game ive ever played, and no, i did not enjoy every second of this like some liars will say. A lot of this game is hating a boss, but when you kill said boss, you see how far youve come. You see what you can do if you truly try to accomplish it. I tried maliketh for hours. I ran a pure strength build with the grafted blade great sword. At first i genuinely questioned continuing the game as maliketh seemed impossible to understand. One hour later i new every single attack pattern on his first phase bc i really hated him, and just wanted to kill him. Once i get to his second phase i think its impossible, hes jumping doing weird attacks, bleeding me, and nearly one shotting me. By the 3 hour mark i had memorized what he did. I saw what he looked like when doing a certain attack rather than another. From there, it was all just getting a good run, and it was worth it. Also the whole map is really good",True,3,0,4228,3881,False,2026-06-11
1245620,Elden Ring,This game caused my wife and kids to leave me cuz i was too obsessed please dont get this game save yourself while you can. Also cant have sex with alexander,False,10,24,28317,27046,True,2026-06-14
1245620,Elden Ring,"Voice of (( A stinky grandpa straight out of medieval fantasy land )) says....Ooooooooooooooh Elden Ring


10/10",True,12,6,7867,7867,False,2026-05-19
1245620,Elden Ring,Objectively the best game ever made there is seriously nothing that comes close.,True,3,0,7856,7263,True,2026-06-11
1245620,Elden Ring,"Elden Ring is one of the most impressive open-world RPGs ever made. Developed by FromSoftware and directed by Hidetaka Miyazaki, the game combines the challenging combat the studio is known for with a massive world full of exploration, secrets, and unforgettable encounters.

The Lands Between is a stunning setting that constantly rewards curiosity. Every region feels unique, from haunting castles to underground cities hidden beneath the world. Unlike many open-world games, exploration rarely feels repetitive because there is always something interesting around the next corner.

Combat is deep and satisfying, offering a huge variety of weapons, spells, and character builds. Boss battles are a major highlight, requiring skill, patience, and strategy. While the difficulty can be intimidating for newcomers, the game's open structure allows players to explore elsewhere and grow stronger before tackling tougher challenges.

The story is mysterious and often told through environmental details, item descriptions, and character interactions. This approach won't appeal to everyone, but it creates a sense of discovery that fits the game's world perfectly.

The few drawbacks include occasional performance issues and a lack of traditional quest tracking, which can sometimes leave players confused about where to go next. However, these flaws are minor compared to the overall experience.

Overall, Elden Ring is a masterpiece that successfully blends challenging gameplay, rewarding exploration, and rich world-building. Whether you're a longtime fan of FromSoftware games or a newcomer looking for an unforgettable adventure, it is a game well worth playing.",True,2,0,7501,7029,True,2026-06-11
1245620,Elden Ring,"it has amazing scenery and is just such a beautiful game it is worth the 60$ i enjoy it very much and it has a huge impact on the way you see and play games it also effects the game genres you like but it is amazing
",True,1,0,1558,1060,True,2026-06-16
1245620,Elden Ring,Beautiful game. Dont kill the pope turtle. Not even In NG+. Its my biggest regret. His sad high pitched cry still echoes in my nightmares,True,1,0,4735,4399,True,2026-06-15
1245620,Elden Ring,"If you like Souls likes this is the game for you. If you were lured here because you think this is an open world similar to BOTW, no it isn´t the world only opens up bit by bit and you only really get to decide in what order you do things in if you´re not on your first playthrough because the way you get to bosses is structured very linear in a way that you can only get around in if you know about small and hidden side paths (this is only in the first half of the game, the second half of the story is linear with no possible diversion in the steps you complete the story in). This game is also really not something for people who like to have things be completed or orderly because it is not possible to get everything in one consecutive playthrough (excluding the new Journey feature) due to some items being locked out because of story or quest progression without letting you know. this brings me to my next issue of quests etc. not being marked or progressed clearly leading to me having to constantly use a wiki for quests because they are barely followable without any external guidance.
This all being said I really like the lore and world building which has been created within this world. The characters were designed and thought out well especially looking at characters like Rykard which have extensive and thorough hidden lore for you to explore I mostly enjoyed my time in this game.

In conclusion if you like challenging games or enjoy learning about characters / worlds this is a game for you. If you don´t like those things or are a cleanly person I would not recommend this game for you (seriously I spend hours working on getting every weapon and item and I am still not done).",True,1,0,10881,10879,True,2026-06-15
1245620,Elden Ring,"This game is simply insane, I really don't know how they managed to do it, there's nothing I didn't like about the game, from character creation, bosses, open world, story and more, Malenia and Messmer are definitely in my top 10 favorite bosses of all games, possibly top 2 and 3 of the souls series losing only to Artorias Lmao, I would just recommend that you watch a little of the game before buying, I believe that the open world is really not for everyone, but 10/10! It ran without any problem on my PC.

",True,1,0,7072,7072,False,2026-06-15
1245620,Elden Ring,"honest such a good solo game, i havent tried the multiplayer yet, but 100% recommend",True,1,0,11621,11573,False,2026-06-15
1245620,Elden Ring,"I've seen someone call this game the ""best worst game of all time"", and I'd disagree with that. I think this is the worst best game of all time, and trust me, that difference matters.",True,1,0,53517,50247,True,2026-06-14
1245620,Elden Ring,"great game, i love the bosses it is not very hard and i became elden lord",True,1,0,3054,2741,True,2026-06-14
1245620,Elden Ring,Borderline masterpiece. i 100% it when it released on ps5 and now im playing on pc.,True,1,0,1259,1238,True,2026-06-13
1245620,Elden Ring,"I've lost count of how many times I've completed this game
What I do know is that I could finish it hundreds more times and still come back for another playthrough",True,1,0,2932,1819,False,2026-06-12
1245620,Elden Ring,"Alas, the time has come to give my input on this delectable piece of trash. Its convoluted, offers no quality of life for its players, the community is toxic, there is more talk of fingers and buttholes than you'd expect. If you came expecting to find a ring, there is none. The enemies get better versions of the same attacks you have, the scaling is abusive and you are essentially being toyed with by the false Gods of a dying world for what I would expect to be near 75 hours on your first play through. 

10/10 I would crawl over broken glass to drink Fromsofts bathwater. GET GUD GG HF.",True,1,0,36892,36740,False,2026-06-09
1245620,Elden Ring,"Amazing game. This is my first ever souls game, all I have to say is it is amazing. yes, it is hard but I feel like with any good game its going to be challenging at first. My advice is ♥♥♥♥ around and find out .
",True,1,0,1659,1611,True,2026-06-08
1245620,Elden Ring,this is extremely replayable it has a very well done open world so it is somewhat challenging and also very entertaining to do since there are multiple O.P whepons also the spirit summons are extremely nice to distract bosses if you don't want them to fight you for a bit so genuinely think it is a great replayable game when going in for the first time so in my personal experiance 9.9/10,True,1,0,137887,134924,True,2026-06-07
1245620,Elden Ring,"♥♥♥♥ u fromsoft, malenia is the worst boss to ever be created how about you learn from dark souls 3 on how to make a good boss like slave knight gael, a boss with actual readable AND dodgeable attacks. but NOOOOO lets make malenia who you literally cannot attack once before you get one shotted by waterfowl dance which is completely and utterly unavoidable. mind you i have beaten malenia twice so dont assume im some crying little kid complaining because he cant beat the boss. NO, i have suffered TWICE through that ♥♥♥♥♥ and not once have i enjoyed it",True,1,0,30261,27257,True,2026-06-07
1245620,Elden Ring,"put off playing this for a while because i've never played any soulsborne games and i can be a very angry person, finally gave it a try and it has taken over my life. an absolute master piece, i am obsessed! everything about this game is so much fun! and i love how it doesn't hold your hand with anything at all, even the lore, you have to actually read item descriptions to understand certain things, and the exploration is so so so much fun!

i am so glad that i finally gave it a try.

also beat malenia, took me 48 attempts, but i finally did it!!",True,1,0,7832,6708,False,2026-06-06
1245620,Elden Ring,"Good game, rage inducing bosses but the feeling after beating them is either bliss or annoyance.",True,1,0,10266,10140,True,2026-06-05
1245620,Elden Ring,"Well, I guess I'll leave a review after over 4 years. Elden ring was the kind of game that I always had in the back of my mind as my kind of game. A souls like experience but open world, where you can explore to your heart's content. And all of a sudden it came true out of no where, and despite having my own set of gripes with the game and the dlc, it has been the best gaming experience of my life so far.
",True,1,0,46211,46211,True,2026-06-04
1245620,Elden Ring,"Addicting, frustrating, sometimes a little ♥♥♥♥♥♥♥♥, but super rewarding when you learn the mechanics. Map feels unnecessarily large at times, like there's missing enemies or towns or something, but it's also kind of nice getting a break from enemies caving your skull in, or shooting you with giant magical arrows, or hitting you with heat seeking magic darts, or lighting you on fire with torches, etc.

Most fun I've had playing a game since Skyrim came out, wish I played it sooner.",True,1,0,3422,1697,False,2026-06-04
1245620,Elden Ring,"Challenging, beautiful, vast, sad, funny, unfair, fascinating. 
These are all terms that came to mind in my playthrough of Elden Ring. At the time of writing I have not yet completed the DLC but I can wholeheartedly say that this is my favorite game of all time.

The game wants to be discovered and rediscovered, and with good reason. You never really feel like you're done in the Lands Between. Keep looking and you'll find a cave, a chest, an NPC or an item you didn't find last time you looked there.
I highly recommend going into this game with as little knowledge of the story and content as possible.

Truly phenomenal.",True,1,0,7164,7042,False,2026-06-02
1245620,Elden Ring,"This game was very fun. The story was engaging to me and I really enjoyed the combat. The combat can certainly be brutal at times, but it's manageable. Overall, it's a great game and I'd recommend it.",True,1,0,8030,8030,True,2026-06-01
1245620,Elden Ring,"absolute cinema. if you havent played this game, youre not a gamer and havent played a real game. just buy it already",True,1,0,6081,6081,False,2026-06-01
1245620,Elden Ring,Game brings me back to childhood when my parents used to beat me black and blue. this game is torture on the soul and i love it.... thanks fromsoft,True,1,0,3018,2214,True,2026-05-31
1245620,Elden Ring,"Juego Maravilloso 100/10 una obra de arte y el peak del gaming, Miyazaki te amo and MAY CHAOS TAKE THE WORLD",True,1,0,5079,4154,False,2026-05-31
1245620,Elden Ring,"You burn trees, very fun game, same in the dlc you just burn trees.",True,1,0,12190,7995,False,2026-05-30
1245620,Elden Ring,"If i had 1 word to describe the game, the word would be Peak, because this ♥♥♥♥ is absolute peak but i sadly didnt really play it for that long",True,1,0,2237,2237,True,2026-05-26
1245620,Elden Ring,spent like half my lifespan fighting tht stupid fat dude n malenia n i hated the final boss. lwk a rlly good game tho highly recomed,True,1,1,6189,6189,True,2026-05-23
1245620,Elden Ring,"Vyke and Blaidd got me into this game, their stories cut so deep and related so hard and now I have had some of the most exciting and blood-flowing experiences from defeating Morgitt for the first time and eventually defeating Renna and the bloody tree sentinels... It's a beautiful game both in visuals, gameplay and story. Though you will have to look deeper for it.",True,1,0,2596,2596,False,2026-05-23
1245620,Elden Ring,"Used a gigantic finger to kill a god, helped a girl breed with a dead guy and plunged the world in madness for fun.
10/10 would do it again",True,1,0,15333,15333,True,2026-05-20
1245620,Elden Ring,"I have over 1500 hours across all platforms, mostly on XBOX (I transitioned to PC quite recently, thus the 52 hour playtime at the time I post this review). ELDEN RING is seriously the best game ever made.

Please dear god spend the $50 on this game. Best decision I've ever made.

All hail lord Miyazaki.",True,1,0,5182,3292,True,2026-05-20
1245620,Elden Ring,"Elden Ring is a hauntingly magnificent odyssey that masterfully intertwines brutal combat, enigmatic storytelling, and awe-inspiring world design into an unforgettable gaming experience",True,1,0,12936,8916,False,2026-05-18
1245620,Elden Ring,"A visual and gameplay masterpiece. After a 110+ hour main story, I want to play the game over again just to try different builds.",True,1,0,7793,7682,True,2026-05-17
1245620,Elden Ring,Game is amazing. Only thing it can be improved in is an actual multiplayer mode. But currently solved with mods.,True,1,0,3839,3839,True,2026-05-17
1245620,Elden Ring,"The best way I can describe this game is it is a bad GREAT game. There is no doubt that the game is great, however as far as great games go, I think this one is bad at it.

Starting with the negatives, the main one for me is just boss repeats. I don't want to fight 3 Margit's or 5 Demi-Human's or whatever. So there are somewhere around 200 bosses I think? But maybe only about 50 of them are unique? And I understand that you can't really have a game with over 200 unique bosses, but I just find it quite lazy and honestly a bit of a turn off. Why are there 2 Godrick's or 3 Morgott fights or whatever, to me it just doesn't make sense and where yeah, you get more overall boss fight time (which is the fun of the souls games) repeating it in this way? No fun.

Another issue I have is the game feels more like a dodge simulator, some bosses feel like they give you no ♥♥♥♥♥♥♥ room to attack. It takes me back to DS3 Pontiff where you just never get a damn turn and honestly, I hate that. I'm not saying I want 5 second long openings to get free staggers, but I don't want to have to do 8 dodges, 1 attack, another 6 dodges, 1 attack, but I also don't want to have to trade damage just because I want to attack. I think some bosses aren't balanced well at all for this, and I think the DLC makes it more of a prominent issue.

That said, that's the main negatives for me, a couple small gripes could also be things like I don't find the Catacombs fun, just felt lengthy imo, I didn't really like the whole underground in Siofra, the area was just a bit tedious, and I do wish you could navigate the map a bit faster especially in NG+, going for graces again takes so long. Add a Surge Sprint into this just like Nightreign, would honestly help so much.

All that said, I still think it's a great game. There really is an endless amount of things to do. And one thing I really love is the weapon variety. In Dark Souls, it felt like you could just get a Uchigatana and be set, but in this I actually wanted to try new weapons. Godskin Peeler with Black Flame Tornado was so much fun for me, then things like the Fallingstar Beast Jaw also has such a cool and unique skill to it, I do love the variety in that and love how almost all weapons feel useable. And then there's magic to swap things up even more, even though I think melee is way more fun, the spells were cool and you could get creative. 

Back to bosses, for what fights are actually unique, I think they are great. Some bosses are just obnoxious, like Red Wolf just running away and spamming Glintblades, it does get infuriating but every game is gonna have annoying bosses like that. I think pretty much all Great Rune bosses are cool, I love the final boss, love Radagon, love Godfrey, they are some very enjoyable bosses. 

Overall great game, definitely has potential to be a great great game, but for me the negatives of it really do take it down quite a bit, but that said the game itself is so good that I would still recommend it 100%. 
8/10 game",True,2,0,5461,5165,False,2026-05-17
1245620,Elden Ring,"What a great game it has been. I am not usually a big fan of the soulslikes, but this one kept me hooked-on like crack. It's almost impossible to get blocked behind a wall, because you can always farm more runes elsewhere to level up or just persevere through pain. The game has a crazy replayability: from the new game+ to simply trying the multiple weapons and builds available with the right upgrades. I once got lost in the undergrounds, arrived at a bright red lake full of rot. At this moment, I was speechless. ""Holy f*ck ?! Where the hell am I ?!"" and then I found a coffin I could interact with...... I didn't have a great time but I really enjoyed the view down there.

While I'm writing this review : I haven't played in months, I took a long break after beating the game for the first time, but now I bought the DLC and I'm ready to eat my controller all over again !",True,1,0,7128,7058,True,2026-06-14
1245620,Elden Ring,"Elden Ring is one of the best games I’ve ever played.

I finished the main game and the DLC in around 200 hours, and honestly I enjoyed every second of it. The world, bosses, exploration, build variety and atmosphere are just on another level. It’s the kind of game where you always feel like there is something new to discover, even after so many hours.

The only real thing I dislike is the PC optimization. The game can have performance issues, and the lack of official DLSS support is disappointing. I played the main game without any upscaling mods, but the moment I stepped into the DLC, the performance hit was noticeable enough that I had to use an FSR mod to make it smoother.

Even with that complaint, the experience was still incredible. The main game and DLC gave me some of the most memorable moments I’ve had in gaming.

Not perfect on the technical side, but as a game, Elden Ring is a masterpiece.",True,1,0,12529,12529,False,2026-06-11
1245620,Elden Ring,"For this being my first souls-like game that I've put time in. I can confidentally say that this has become one of my favourite games. 
1a. The game atmosphere is beautiful, the creatures are so unique in thier own ways and it helps make the game more lively. This also includes main bosses, mini bosses and random hard enemies you encounter.
1b. The different regions you come across is so cool to me. The different affects that might occur as well as the different enemies that are specific to each region.
2. I enjoy the basically free reign running round of an open map, this gives me stuff to explore which is one of my favourite things about open world games and being able to enjoy this while in Elden Ring is so nice. 
3. I've only got 1 boss done; Margit. Yes it was difficult at first, but having a good understanding of movements and attacks really help you get through the boss entirely.

The only issue that I've come across and it might be just me since I'm new to souls-like games is not having that option to see objectives or tasks you are doing. I know listening to the dialoge is supposed to help guide you, and I try my best to sit and listen/read, but it's difficult to have an understanding at some points with where I need to go.

Overall for my first time playing and having 11.8 hours put into it I'll 100% give it a solid 9/10",True,1,0,878,705,False,2026-05-31
1245620,Elden Ring,"Elden Ring was my first souls game (on xbox) and it couldnt have been a better introduction into the genre.
My biggest advice to new players is: Dont look up guides on your first or even second playthrough.  Test out spells and weapons that you find and create your own builds. instead of copying a meta build from youtube or tiktok. 

The world is beautiful and full of secrets, the bosses are somewhat challenging and the game is (imo) a a game everyone needs to have experienced once in their life.
10/10.",True,1,0,3458,3373,True,2026-06-01
1245620,Elden Ring,"a beautiful game, with an even more devestatingly beautiful storyline. literally no game will ever compare.
the feeling of finally defeating someone you've spent countless hours on, finding invisible bridges and hidden loot, it all is just so unique and beats any other game ive ever played.
as someone who's mainly played FPS games, I was always hesitant to play a souls game, thinking that the combat was going to be too hard but once you get the hang of it, it comes naturally! just stay calm, and DONT. GIVE. UP.
get this game!!!!!!",True,1,0,7769,7597,False,2026-05-29
1245620,Elden Ring,"[b]Games fun, [i]very casual (non-derogatory)[/i] souls game, open world feels like an afterthought; lots of really generic catacombs, caves and mines that makes Oblivion dungeons feel fun to explore.[/b]

   [b]Few gripes[/b]
[list]
[*] Bosses aside from the main ones are just regular enemies but large and there's a lot of repeats.
[*] Most enemy types will already be encountered before you beat your second main boss.
[*] Boring exploration, as stated before all the dungeons are very dull and primitive, you'll get one or two items out of them, sometimes it'll be good.
[*] Game heavily focuses on using the horse for things but it cannot be upgraded at all, not even cosmetics.
[*] Souls NPC Questlines, if you know you know, now add an entire open-world of sequence skipping on accident.
[*] Crafting mechanics.
[/list]
   [b]Couple Positives[/b]
[list]
[*] Co-op is massively streamlined, you get the ability to touch statues to make it yourself available to be summoned to that location remotely, not only that it adds it to a pool of potential places to be summoned, insane upgrade from having one static summon sign, wish you could use both at the same time though.
[*] Posture from Sekiro, practically all enemies can be staggered from beating the living hell out of them, leaving them exposed to critical finishers.
[*] Heavy attacks matters, in the old games heavy attacks were usually a waste of time since light attacks would out-dps them and leave you a lot less vulnerable, in this, heavy attacks on most enemies will knock'em out of animations so you can pulverize them (can be a negative since it can easily be abused)
[*] Sorceries look a lot cooler, that's pretty all there is to say, they still boil down to press the win button from across the map but they look really rad.
[*] Miracles got a glow up, lots more offensive and cool abilities for priest players
[*] Prop hunt is a re-usable item
[*] Invasions are locked behind co-op, you will never be invaded by a real player unless you're playing co-op. making invading a lot more intense since it'll always be a 1vs2 situation at least (can be a negative especially since the rewards is not all that great at times and the invasion items sparing until you get your hands on the re-usable one)
[*] Crafting mechanics.
[/list]",True,1,0,8370,3654,False,2026-05-20
1245620,Elden Ring,10/10 just one complaint and that's DLC related that please add achievements for it so I can motivate myself to play it....,True,1,0,20173,20173,False,2026-06-14
1245620,Elden Ring,"I honestly don’t even know what to say, it is absolute PERFECTION. I’ve poured hours and days into this game, and I don't regret a single second of it. What an incredible open-world design! Just when you're heading somewhere on the map, a cave you stumble upon can lead you into a whole different underground world. The boss designs, the soundtrack, the combat impact, the absolute freedom... That flawless formula that makes you say 'just one more try' instead of getting tilted when you die has reached its absolute peak here. If you still haven’t played it, do yourself a favor and do not miss out on this experience. Though, I hope you have divine patience before starting this game. Good luck to everyone! 10/10!",True,2,0,12102,9420,False,2026-05-18
1245620,Elden Ring,Spent 2 hours creating my character just to get beaten to death by a golden knight on a horse in the first 2 minutes. Great game. Very relaxing before bed if you want to stare at the ceiling and question your life choices.,True,2,1,7990,7694,True,2026-05-19
1245620,Elden Ring,Great game. Nice ambience and difficulty,True,1,0,8694,8105,True,2026-05-17
1245620,Elden Ring,"Legendary game. A masterpiece of a singleplayer game, with a bit of co-op and pvp thrown in there too.

The only real critique I personally have, is that the game is not playable at above 60 fps. I feel like today that is an actual issue, as most people with good PCs are playing games at 120+ fps and it is a big difference in smoothness and visual quality imo. 

Nevertheless, I used Lossless Scaling app to activate framegen and can play it at 120 fps that way, it works perfectly. After you have played the game once, I also highly recommend a remake mod called Elden Ring Reforged. It makes the experience better and is very easy to install. 

This game is a 10/10.",True,1,0,75394,75208,True,2026-05-31
1245620,Elden Ring,"Jogos da From são celebrados, acima de tudo, por conta de seus chefes desafiadores e memoráveis. Você não vai encontrar isso em Elden Ring; apesar de o jogo ter mais chefes do que grão de areia na praia, a maioria deles pode ser derrotado por um portador de Alzheimer com histórico de derrames. Até os chefes mais glorificados não chegam perto do xadrez que é um duelo pvp qualquer de Dark Souls 2. Dito isso, é o meu jogo favorito da empresa, onde a soma de seus piores defeitos não supera suas maiores qualidades. A jornada é cativante, os cenários são inspiradores e a exploração, mesmo que repetitiva, fórmulaica e maçante, não deixa de ser recompensadora, te dando novas formas de construir seu personagem e ferramentas para explorar o verdadeiro brilho do sistema de combate presente nessa aventura. Recomendação instantânea, não como o sucessor da série Souls, mas como um excelente jogo de aventura.",True,2,0,14215,14204,False,2026-05-21
1245620,Elden Ring,"Compared to other souls games, Elden Ring is easy and kinda nice after a long day.",True,1,0,11970,11778,False,2026-06-12
1245620,Elden Ring,"Good game! Great visuals, great combat, insane level of flexibility to the point that 60% of the game can be considered optional if you're good enough. Loot progression is immensely satisfying, the game make sures to make every mechanic, consumable etc useful enough that nothing feels useless. Huge replay value too, I finished the game on a strength/faith build but am already excited to try again focusing on a mage build, the freedom is crazy.

Legacy dungeons were easily my favourite part about the game, lots of hidden shortcuts and treasures with fun progression through various wild bosses, the game really encourages you to explore the world without it feeling like a constant grind. Most of all though the sheer scale of imagination was astounding, beautiful underground cities and massive mega castles  on mountaintops etc, starry night skies, cool autumn vibes, theres even a completely optional part of the map thats in a constant blizzard which is really surreal.

First time fromsoft player and its easily a solid 9/10, challenging boss fights can be made much easier by exploring the world and finding better loot etc and then coming back, to the point of sometimes nerfing yourself just to feel more challenged. My only pet peeve was the inconsistent narrative structure, the worldbuilding was incredible I just wish they utilised cutscnes more and that side quests didn't feel so cryptic sometimes. You'll have to pull up online wikis to backtrack steps and progress side quests which gets annoying but you'll get used to it, good thing is theres load of good guides online anytime you feel lost. Anyways hope you enjoy!",True,1,0,6055,4962,True,2026-06-02
1245620,Elden Ring,"You know, I spent so much time playing, I entirely forgot to write a review.

This game's brilliant. More than brilliant, honestly. I've played the Souls games, I'm familiar with the formula, and I feel like this game does it the best. Every build is enjoyable and rewarding in its own way - even playing as a base Wretch isn't all that awful, given the awesome r1 combos you can do with the club.

The art direction is more evolved than any Souls game I've ever played, to be honest. It knows what it wants to look like at all times and it literally never breaks that view. City design, boss design, and weapon design leave *nothing* to be desired. 

The story's great, too. I mean, it's a Souls story, so you can't expect the game to read like a Dr. Seuss novel, but once you can wrap your head around the world and its characters it's genuinely an incredibly enjoyable setting.

Honestly, this game's just great. One of the best. Exploration, gameplay, art, music, all that. You'll like it.

10/10",True,1,0,12553,12383,True,2026-05-23
1245620,Elden Ring,"One of the very few games that I have sunk more than 100 hours into straight. I went from never having played Elden ring, to then playing it constantly, and even went from 0-100% of the achievements, in one multi week playthrough. Very few games have enjoyable achievements, enjoyable gameplay and get you so immersed that you dont put it down till you have done everything. Well done Elden ring, would highly recommend you",True,1,0,10282,10001,True,2026-06-09
1245620,Elden Ring,amazing game js pure glory. couple hard bosses here and there but the game itself is amazing,True,1,0,8832,6725,True,2026-05-30
1245620,Elden Ring,"4 years after this game came out, still a banger. 
Did my first playthrough as a month ago and just one playthrough,: taking everything in, exploring as much as I could, and of course, dying, took me 84 hours total, and I enjoyed all of it. 
I have never played a souls-borne and I am glad this was my first. 

THE AMAZING:
First and foremost, this is one of the best open worlds I have ever expierenced. Every vista was beautiful, there was always something to go find on the map and do. I'd get a map fragment and then immedietly mark like 5 points of interest to go visit, be pleasantly surpised and do it again. 

It was easy to get immersed in the world, and nearly every single piece of armor or weapon excited me in some way that made me want to try different builds. 

THE MEDIOCRE
Quests. Holy hell this game has obtuse quests. THey don't really give you any direction to go, and half the time you'll sit there confused as you try and figure out where to go or who to talk to. This doesn't become as much of an issue when you're exploring everything. 

THE BAD
Now even though the game is difficult, there is a difference between difficulty and some of the absolute ♥♥♥♥♥♥♥♥♥ this game has to offer. Some things that were done - Valient Gargoyles, duo bosses overall, and a few areas - feel like an afterthought or just slapped together. Some things are frustrating or exist for frustrations sake. 

OVERALL
Changed my life, this was the most fun I've had in a game in a while, and even through the frustrations I enjoyed it",True,1,0,5020,5020,True,2026-06-13
1245620,Elden Ring,One of the best game I played by far even tho I have a love hate relationship with the game,True,1,0,12966,11721,False,2026-05-17
1245620,Elden Ring,"Great game, was hard to get into at first but teaches you not to hit everything that stands in your way. Lore actually goes crazy and the further I went into the story the more captivated I was. (Elden Ring's lore and backstory were written by George R.R. Martin, author of Game of Thrones alongside Hidetaka Miyazaki (The goat) president of FromSoftware.
By no means a noob-friendly game, the world design is S-tier once you get past the initial phase. 100% deserved the GOFTY",True,1,0,10662,7403,True,2026-05-17
1245620,Elden Ring,"Not bad, but leans too much on unrealistic amounts of drags when it comes to enemies and bosses. Garbage patterns like waterfowl dance too, along with over-punishing Flask healing. Multiplayer is also broken, and PVP doesn't even compare to Dark Souls 2. Would give a mid review if possible.",True,1,0,11906,11846,True,2026-05-17
1245620,Elden Ring,Probably my most favorite game of all time.    This game provides peak thrill and perfect scenery.  I would play the most ''aura'' music and fight Godfrey and lose about 500 times but I love it still,True,1,0,25207,22992,True,2026-05-21
1245620,Elden Ring,"Just finished the game minutes ago... a wild journey it is...
Elden Ring was my first souls game. At first, I hated each and every second of it... yet i found joy in leveling up and seeing the lowly and weak my foes. It gave PLEASUREEEE!!!
Ended up at level 190. Killed Malenia too, easily. Nice game really, the lore and so on. I finished with Ranni's ending.
9/10! Masterpiece",True,1,0,6836,6836,True,2026-06-09
1245620,Elden Ring,"Extremely fun and hard.
Good graphics.
Very good feeling of mastery when you beat a boss.
Smooth.",True,1,0,3854,663,True,2026-05-26
1245620,Elden Ring,"Great game, only down sides is when you quit playing for a while and have to restart a fresh build to remember how to play.",True,1,0,13663,12888,True,2026-05-26
1245620,Elden Ring,absolute cinema of the game absolute cinema of the game absolute cinema of the game absolute cinema of the game absolute cinema of the game absolute cinema of the game absolute cinema of the game absolute cinema of the game absolute cinema of the game absolute cinema of the game absolute cinema of the game absolute cinema of the game absolute cinema of the game absolute cinema of the game absolute cinema of the game absolute cinema of the game absolute cinema of the game absolute cinema of the game absolute cinema of the game absolute cinema of the game absolute cinema of the game absolute cinema of the game absolute cinema of the game absolute cinema of the game absolute cinema of the game absolute cinema of the game absolute cinema of the game absolute cinema of the game absolute cinema of the game absolute cinema of the game absolute cinema of the game absolute cinema of the game absolute cinema of the game absolute cinema of the game absolute cinema of the game absolute cinema of the game absolute cinema of the game absolute cinema of the game absolute cinema of the game absolute cinema of the game absolute cinema of the game absolute cinema of the game absolute cinema of the game absolute cinema of the game absolute cinema of the game absolute cinema of the game absolute cinema of the game absolute cinema of the game absolute cinema of the game absolute cinema of the game absolute cinema of the game absolute cinema of the game absolute cinema of the game absolute cinema of the game absolute cinema of the game absolute cinema of the game absolute cinema of the game absolute cinema of the game absolute cinema of the game absolute cinema of the game absolute cinema of the game absolute cinema of the game absolute cinema of the game absolute cinema of the game absolute cinema of the game absolute cinema of the game absolute cinema of the game absolute cinema of the game absolute cinema of the game absolute cinema of the game absolute cinema of the game absolute cinema of the game absolute cinema of the game absolute cinema of the game absolute cinema of the game absolute cinema of the game absolute cinema of the game absolute cinema of the game absolute cinema of the game absolute cinema of the game absolute cinema of the game absolute cinema of the game absolute cinema of the game absolute cinema of the game absolute cinema of the game absolute cinema of the game absolute cinema of the game absolute cinema of the game absolute cinema of the game absolute cinema of the game absolute cinema of the game absolute cinema of the game absolute cinema of the game absolute cinema of the game absolute cinema of the game absolute cinema of the game absolute cinema of the game absolute cinema of the game absolute cinema of the game absolute cinema of the game absolute cinema of the game absolute cinema of the game absolute cinema of the game absolute cinema of the game absolute cinema of the game absolute cinema of the game absolute cinema of the game absolute cinema of the game absolute cinema of the game absolute cinema of the game absolute cinema of the game absolute cinema of the game absolute cinema of the game absolute cinema of the game absolute cinema of the game absolute cinema of the game absolute cinema of the game absolute cinema of the game absolute cinema of the game absolute cinema of the game absolute cinema of the game absolute cinema of the game absolute cinema of the game absolute cinema of the game absolute cinema of the game absolute cinema of the game absolute cinema of the game absolute cinema of the game absolute cinema of the game absolute cinema of the game absolute cinema of the game absolute cinema of the game absolute cinema of the game absolute cinema of the game absolute cinema of the game absolute cinema of the game absolute cinema of the game absolute cinema of the game absolute cinema of the game absolute cinema of the game absolute cinema of the game absolute cinema of the game absolute cinema of the game absolute cinema of the game absolute cinema of the game absolute cinema of the game absolute cinema of the game absolute cinema of the game absolute cinema of the game absolute cinema of the game absolute cinema of the game absolute cinema of the game absolute cinema of the game absolute cinema of the game absolute cinema of the game absolute cinema of the game absolute cinema of the game absolute cinema of the game absolute cinema of the game absolute cinema of the game absolute cinema of the game absolute cinema of the game absolute cinema of the game absolute cinema of the game absolute cinema of the game absolute cinema of the game absolute cinema of the game absolute cinema of the game absolute cinema of the game absolute cinema of the game absolute cinema of the game absolute cinema of the game absolute cinema of the game absolute cinema of the game absolute cinema of the game absolute cinema of the game absolute cinema of the game absolute cinema of the game absolute cinema of the game absolute cinema of the game absolute cinema of the game absolute cinema of the game absolute cinema of the game absolute cinema of the game absolute cinema of the game absolute cinema of the game absolute cinema of the game absolute cinema of the game absolute cinema of the game absolute cinema of the game absolute cinema of the game absolute cinema of the game absolute cinema of the game absolute cinema of the game absolute cinema of the game absolute cinema of the game absolute cinema of the game absolute cinema of the game absolute cinema of the game absolute cinema of the game absolute cinema of the game absolute cinema of the game absolute cinema of the game absolute cinema of the game absolute cinema of the game absolute cinema of the game absolute cinema of the game absolute cinema of the game absolute cinema of the game absolute cinema of the game absolute cinema of the game absolute cinema of the game absolute cinema of the game absolute cinema of the game absolute cinema of the game absolute cinema of the game absolute cinema of the game absolute cinema of the game absolute cinema of the game absolute cinema of the game absolute cinema of the game absolute cinema of the game absolute cinema of the game absolute cinema of the game absolute cinema of the game absolute cinema of the game absolute cinema of the game absolute cinema of the game absolute cinema of the game absolute cinema of the game absolute cinema of the game absolute cinema of the game absolute cinema of the game absolute cinema of the game absolute cinema of the game absolute cinema of the game absolute cinema of the game absolute cinema of the game absolute cinema of the game absolute cinema of the game absolute cinema of the game absolute cinema of the game absolute cinema of the game absolute cinema of the game absolute cinema of the game absolute cinema of the game absolute cinema of the game absolute cinema of the game absolute cinema of the game absolute cinema of the game absolute cinema of the game absolute cinema of the game absolute cinema of the game absolute cinema of the game absolute cinema of the game absolute cinema of the game absolute cinema of the game absolute cinema of the game absolute cinema of the game absolute cinema of the game absolute cinema of the game absolute cinema of the game absolute cinema of the game absolute cinema of the game absolute cinema of the game absolute cinema of the game absolute cinema of the game absolute cinema of the game absolute cinema of the game absolute cinema of the game absolute cinema of the game absolute cinema of the game absolute cinema of the game absolute cinema of the game absolute cinema of the game absolute cinema of the game absolute cinema of the game absolute cinema of the game absolute cinema of the game absolute cinema of the game absolute cinema of the game absolute cinema of the game absolute cinema of the game absolute cinema of the game absolute cinema of the game,True,2,1,10188,9971,False,2026-06-12
1245620,Elden Ring,another masterpiece  form mr miyazaki with great feet and gameplay,True,1,0,6271,6271,True,2026-05-25
1245620,Elden Ring,"This game is not easy but if are willing to put in the time it can get fun over time.
But be aware that especially the beginning of the game is not something I would recommend you play
without a wiki. It is an exploration game for sure and will not stop you while wasting your time.",True,1,0,9255,9249,True,2026-05-24
1245620,Elden Ring,"this game has caused me unbearable amounts of pain and suffering. if torture was turned into a game, this would be it. i just got hit by a 1000 pound man with 8 arms who did a 360 in the air and hit me. 10/10 game would reccomend",True,0,0,1182,1182,True,2026-06-16
1245620,Elden Ring,"Over multiple steam accounts i have well over 1000 hours in this game, it is both the most infuriating game, and the most enjoyable game you will ever play. I can not recommend this game enough, it is beautiful, well made, challenging and has a range of playstyles for a range of players",True,0,0,13510,13510,True,2026-06-16
1245620,Elden Ring,"Equal parts frustrating and rewarding, Elden Ring turns every victory into a memorable achievement. Its world and lore are among the best ever created in a video game. If a movie adaptation ever happens, I'm buying a ticket for the very first screening...",True,0,0,4640,4640,True,2026-06-16
1245620,Elden Ring,honestly like honestly i with this game on first in 3 hrs very ez honestly I think that hoinestly anybod can victory within a 10 hour at most honestly so makes it easy and waste of thhe dollars earned but anyway honestly mediocre game very small world and no real diversity in weapon choice.,True,0,0,6612,6538,False,2026-06-16
1245620,Elden Ring,"First boss took me 5 hours to beat, last boss took me 5 hours to beat, based game.",True,0,0,5749,5710,True,2026-06-16
1245620,Elden Ring,"Great game.
Unlike Dark Souls or Bloodborne, you can't really beat some of the harder bosses on intuition only but you actually have to learn the move set and timing which makes it a bit harder by default for those who like a good challenge.
On the other hand, the game is far far more breakable than their other games, with buff stacking, ash of war combinations, different elements with different scalings, even summons, which makes it easier for more casual players who don't want to be stuck on a boss for too long. Such setups require a bit more running around and looking stuff up but it's an option nontheless. 
Really a game for everyone.
Great story.
Very fun cutscenes, power fantasy bosses, loveable npc-s. It has the standard idea we all love from other games, but adds a little different spin on it.",True,0,0,11799,11745,False,2026-06-16
1245620,Elden Ring,"Came back again after some years, to play it again, such and amazing game i love it so much, everything about it is so good.",True,0,0,13320,13091,True,2026-06-16
1245620,Elden Ring,"If you're on the fence the things you need to ask yourself are, do I like a challenge? Do I like not having my hand held?

It's a single player RPG. It's hard, and feels impossible at times. However, it's incredibly rewarding. You can spend hours on a boss because of your build, gear, and/or playing ability. When you beat that boss though, what a rush. If you want to play with a friend, check out the seamless co-op mod, it's a much better experience in that regard.

Don't let the internet tell you that you can't use any item in game. if it's your first time or hundredth, any item in the game is meant to be used. Have fun, play it your way. It's a gem of a game and I hope you enjoy it at least half as much as I have.",True,0,0,24686,24672,True,2026-06-16
1245620,Elden Ring,"This game is very difficult for new players but a fun challenge to figure out. Also, put these foolish ambitions to rest.",True,0,0,569,569,True,2026-06-16
1245620,Elden Ring,"what a masterpiece of a game its difficulty combined with the lore and story are a magnificent combo

10/10 Must play",True,0,0,16981,16981,True,2026-06-16
1245620,Elden Ring,"Playing this game is like a toxic relationship. Feeling angry, tired but you still comeback for more. Maybe I'm a masochism...",True,0,0,4509,4509,True,2026-06-16
1245620,Elden Ring,"Elden Ring is, in my opinion, the greatest video game ever made. It takes everything that made FromSoftware's previous games special and expands it into a massive open world filled with mystery, challenge, and unforgettable moments.

The world of the Lands Between is breathtaking. Every region feels unique, with stunning landscapes, hidden secrets, and incredible bosses waiting around every corner. Exploration is constantly rewarding because you never know what you'll discover next, whether it's a powerful weapon, a secret dungeon, or an entirely new area. Critics widely praised the game's open-world design, combat, and sense of discovery.

Combat is one of Elden Ring's strongest features. Every victory feels earned, and the variety of weapons, spells, and builds allows players to create their own unique playstyle. The boss fights are challenging, memorable, and some of the best in gaming history. Reviewers frequently highlighted the depth of the combat system and the creativity of its encounters.

The game's lore and atmosphere are equally impressive. Instead of telling its story through long cutscenes, Elden Ring encourages players to piece together its world through exploration and discovery. This makes the adventure feel personal and rewarding.

While the game can be difficult and occasionally overwhelming for newcomers, those willing to learn its systems will find one of the most rewarding experiences gaming has to offer. Its combination of exploration, combat, world-building, and freedom creates an adventure unlike any other.

Rating: 10/10

Elden Ring isn't just my favorite game—it's the standard by which I judge every other game. Few titles capture the same sense of wonder, accomplishment, and adventure. For me, it is the best game ever made.
",True,0,0,10971,10971,False,2026-06-16
1245620,Elden Ring,"Playing this game reminds me of myself when i was playing Breath of the wild a few years ago and why i fell in love with open world rpgs: you're quite clueless at first, but as you pick up the skills, you feel strong and confident, only to immediately get put back to your place by a bunch of magic spammers(lol). I highly feel like i have to earn my own place in the food chain, unlike botw/totk, where you easely felt ontop of everything. Elden ring offers a great challenge for those who wants it. Altought, the game is performance hungry, even on the lowest settings- but that is for me atleast",True,0,0,251,251,True,2026-06-16
1245620,Elden Ring,I prefer linear souls like more but the bosses in Elden Ring were way harder. +10 I'd do it all again. PCR was the hardest boss ever on souls like history. Sekiro is my next opponent.,True,0,0,8553,8553,True,2026-06-16
1245620,Elden Ring,"[SPOILERS] 

This game is basically LOTR, but if it was a videogame. 

This game deserves all of its flowers, and I want to add my piece: Limgrave is probably the smartest ease-in to an open-world I've ever come across. As soon as you leave the tutorial area, you open those doors, and the beauty of this game immediately leaves you in awe. You take your first steps toward whom you perceive as the welcome mat to this stunning spectacle, and get called maidenless. You see a Golden-armored horseman and are immediately filled with the determination to kill it, only to be stomped on like a bug. You can't seemingly fight him as you are now, unless you're willing to keep bashing your head at it, so you go on to explore. You look around and fight some enemies, only for them to kill you over and over again, and suddenly you're met with an exhaustion to put down the controller. You wake up the next day realize that whether its exploring or fighting a boss, there's no way you're going to progress unless you practice, so you take it slow and sneak up on a few enemies instead of taking them head on. you find a cool weapon and figure out how to start leveling up, and that same boss becomes trivial. That is the philosophy that is drilled into your head not even 30 minutes into the game, and yet it spans across your entire playthrough. you don't HAVE to explore every nook and cranny of the surrounding area until you level up enough to beat a boss easily, and you don't HAVE to die 40+ times until you kill a boss. That's what the game is telling you, the way you want to play is how the game is played. You can choose an int build and melt enemies with your magic. You can pick up the biggest sword you can find and make bosses to buckle easily, it's all up to you. 

I haven't completed the game more than once, but I will say I have played through at least Limgrave a few times a least. It's just that good. I would take the time to talk about the masterful level-design of Limgrave ALONE from a game-development perspective, but it would just turn into a full blown essay. Go play this game, its definitely more of a full package than any other game at it's pricing, and I've heard the DLC is its own full game, which is insane. I'll be giving this a 9.5 out of 10, only because the Godskin Duo looks like and sucks balls.",True,0,0,11077,11077,True,2026-06-16
1245620,Elden Ring,lots of bosses and lots of freedom to do whatever u want. the game looks really good and the cut scenes are amazing,True,0,0,2217,2115,True,2026-06-16
1245620,Elden Ring,"This is the greatest masterpeice ever created and i recommend everyone to play this atleast ones in there lifetime.
And if you decide to play this dont use summons or magic because its gay.",True,0,0,7695,7695,True,2026-06-16
1245620,Elden Ring,"Nothing quite like your first souls game, I'll always love Elden Ring, even more than the game might really deserve at times lol.",True,0,0,25513,25513,True,2026-06-15
1245620,Elden Ring,open world endless hours of enjoyment doesnt really tell you much though at first can seem can of aimless and pointless but sticking with it was worth it now i find it super fun.,True,0,0,1296,1073,True,2026-06-15
1245620,Elden Ring,best game cool combat awesome graphics and hard bosses,True,0,0,8864,8559,True,2026-06-15
1245620,Elden Ring,"only fun with seemles co-op
i have good specs but game runs like dookie",True,0,0,1321,1112,False,2026-06-15
1245620,Elden Ring,this game makes me wanna chuck my controller against a wall and blow my brains out thats it fun game tho,True,0,0,2206,2061,True,2026-06-15
1245620,Elden Ring,"First off, Elden Ring is not a bad game. The boss fights, visuals and world building are all cool, and while I finished the game and then some, its just... a drag. 

The world is massive, and you can really feel it. Exploration is a key to Elden Ring, and that can be fun at times. What is not fun, is the absurd scale of the game combined with a complete lack of non-filler content. Useless crafting materials, random ashes (another whole topic on its own) and grave glovewort being treated like ""rewards"" for exploring far off corners of the world, same one enemies in every dungeon, and half of the boss fights being ""what if we did it again... but now there's two of them"". Same one tree sentinel. Same one tree spirit.

With enemies scattered all over with nothing to gain from killing them, the game heavily encourages you to not fight, and just explore in the open world. What's that? John Knight patroling a random road drops a unique item, but you ignored him as he's literally a generic enemy found all over elsewhere? Oh well, thats unfortunate. Better luck next time. 

Souls games inherently will never be possible to mostly complete on a first run without some sort of guide, and quest chains even more so as they're intended to be done over multiple playthroughs, but the insane amount of NOTHING in this game that is just recycled over and over and over that you CANNOT skip without a guide because guess what, that one dungeon you chose to skip, missed or forgot was the one dungeon that didnt just have useless ashes in them. That one hill over there might have a key item for your build or quest chain, so you better go explore it thoroughly, but wait... there was nothing. Again.

As I started with, the game isnt bad. The game is mostly enjoyable. It has some crazy fights, its weapons and various forms of incantations/sorceries are very cool, but there's just too much in this game that has no place, or is recycled adding nothing but filler, for me to reccomend it before literally any other fromsoft souls game. If part of the enjoyment in these games for you is trying to explore and find as much as possible without help, the world is filled with far too much nothing, but hey, at least it will look pretty and the main boss fights will be cool.",False,1,1,8220,8220,True,2026-06-15
1245620,Elden Ring,Bone breaking game and the most beautiful game humans have made AND ♥♥♥♥♥♥ ALL BANGER SOUNDTRACKS...IT HITSSS,True,0,0,7811,7786,True,2026-06-15
1245620,Elden Ring,"This is a review for the base game only.

I don't like FromSoftware games, I find them boring, they are often annoying and just suck. It is not hard to call them overrated, they are extremely popular and also quite edgy, and like in every other media, edgy titles tend to produce the most overrated works.

But Elden Ring is a pleasant surprise and I even got all achievements in it. The exploration felt amazing, there was a discovery to be made at every corner. The builds feel diverse, and there is a lot of space to experiment. And of course, the combat was quite clean and felt nice, it really favored being aggressive. The game is very beautiful, areas look amazing.

The problem, however, is in the small recurring things. Annoying sequences that have become FromSoftware signatures, despite being ♥♥♥♥♥♥♥. Poison lakes with speed debuffs, terrible platform sections in an engine that clearly is not for that. Vague quest system that no longer works in an open world. Lingering AOEs (poison mists and fires) that you can't really roll through due to their size, despite the game being designed around roll. Bosses that keep repositioning after attacks (I played melee, ♥♥♥♥ Maliketh). Giant bosses that really don't work when you can't see them whole on camera. Some bosses just being recycled too much, like ♥♥♥♥♥♥♥ dragons, I HATE GENERIC DRAGONS. Horse combat was ♥♥♥♥, but what game does vehicle combat well...

It's a good game, quite inconsistent, but you should play it.
I LOVE HOARAH LOUX.

7/10",True,0,0,8500,8500,False,2026-06-15
1245620,Elden Ring,"10/10 adventure about a graceless tarnished in search of the elden ring, emboldened by the flame of ambition.",True,0,0,14077,13766,True,2026-06-15
1245620,Elden Ring,this game is a master  piece bestr game of all time goty 100 percent all across thre board if u  dont know what to do look it up,True,0,0,6191,5757,True,2026-06-15
1245620,Elden Ring,"This is the only game where you can struggle on amazingly hard boss, summon your friend from across the country, and get killed by an invader throwing cancer pots in your face. Also love opening messages for help and seeing ""give head"" or ""try fingers, but hole""",True,0,0,5244,4426,True,2026-06-15
1245620,Elden Ring,"game is great if i wasnt fighting the controls i used keyboard AND later controller and both failed me as im fighting 3 systems 

im fighting the controls
the enemies
and my slow brain .

if the controls wher easier for dumb dumbs like me i think i would have more fun il return to the game mayby in a few years but i cant touch controllers they hurt my brain and patience",True,0,0,372,372,False,2026-06-15
1245620,Elden Ring,"This is my first soulslike. It feels like self inflicted torture, but honestly, it's pretty fun lol XD",True,0,0,6930,6916,True,2026-06-15
1245620,Elden Ring,When I started the game i was really hyped up with doşng a paladin build. Its really powerful at the start. Too bad %80 of the game you fight vatican city. They re all immune to holy. Definitely recommend it.,True,0,0,2218,1361,True,2026-06-15
1245620,Elden Ring,"Hard enough to challenge you, possible enough to keep you coming back

I have full intentions to beat this game in its entirety",True,0,0,2265,2189,True,2026-06-15
1245620,Elden Ring,"This game is so good there are lots of great bosses and cool swords and cool armor. Nobody does it like dis game right here, would reccomend.",True,0,0,22254,20654,True,2026-06-15
1245620,Elden Ring,Beautiful open-world sandbox. Cant stretch enough how much this game excels in everything it tries. Only thing is this is not a game you can play a couple hours every few weeks but never-the-less my GOAT of gaming.,True,0,0,7752,7527,True,2026-06-15
1245620,Elden Ring,"Game is already peak as hell. Good Graphics, Cool Armors and Weapons. Awesome bosses. Now, lets talk about the mods for the game. SOOOOOOO much more peak content on an already amazing game.  Take my word for it and just watch videos before buying this game but not to spoil content but just to see if it is something you'd try. Genuinely everyone should play this ♥♥♥♥. This was my introduction to the souls series and god do I not regret playing it.",True,0,0,2041,2041,True,2026-06-15
1245620,Elden Ring,"As someone who's really fond of the ""soulslike"" genre Elden Ring is hands down one of the best souls games / game in general I've ever put my hands on. With a little over 400+ hours on my Xbox and 100% completion, I'm finally transferring my stats over to PC and cannot wait to get back into it; not only the base game but the DLC as well. If you're ever considering trying a new game or getting into a souls game, this is 100% the right choice. Thank me later.",True,0,0,4578,4551,True,2026-06-15
1245620,Elden Ring,"10/10 Best game of all time if not definitely in the top 5. Game is beautiful, runs great, has an amazing story, and plenty to do plus replayability.",True,0,0,6287,6241,True,2026-06-15
1245620,Elden Ring,"Lots of places to explore, lots of fun builds to try, memorable boss fights, and fun with friends who play similar games, excellent dark fantasy vibes. Overall, great game.",True,0,0,13318,13318,False,2026-06-15
1245620,Elden Ring,"This game is a masterpiece from narrative to gameplay. I have close to 1k hours on it between steam and xbox and have never had more fun. While I've never really done pvp so I can't speak on it. The pve is outstanding whether you want to play normally or do challenge runs. It gives you so much to choose from and in my opinion is my favorite souls game. Bosses feel smooth with most having good movesets and being fun to fight. The exploration is also very well done the massive map being beautiful and fun to explore. As well as having plenty of things to find and do, and the game having alot of hidden mechanics so there will pretty much always be something new to learn.

Most of the same can be said for the DLC most all bosses are fun and have great movesets. The $40 price tag for it is well worth it the map being quite big with plenty of content, and having the story feel more alive due to the events of shadow of the erdtree happening as you progress instead of everything happening before you've arrived. which is a great touch. The scaling for the DLC also being well done ensuring that high level characters cant just breeze through everything.

Overall the game is amazing rich in both story and gameplay while it is not without it's issues. Mainly the target locking system breaking occasionally on faster bosses, and the multiplayer feeling clunky at times. It is one of the best games I've ever played and loved every second of it.",True,0,0,17159,16867,True,2026-06-15
1245620,Elden Ring,Game so good I might get the great runes tatted. top 3 game all time.,True,0,0,14584,14479,True,2026-06-15
1245620,Elden Ring,Greatest masterpiece ive ever played. No questions asked.,True,0,0,3178,2879,True,2026-06-15
1245620,Elden Ring,"Amazing, my friend recommended me this game, I was sceptical at first, a 60 dollar game. Im going to beat it than never play it again. I have 80 hour and on NG+1 It is amazing I just got this a month ago its so amazing and worth it. it will keep you hooked for hours.",True,0,0,6135,5029,True,2026-06-15
1245620,Elden Ring,"Possibly better than Skyrim, if you want a massive open world game, with or without Multiplayer elements.

The downsides are you inevitably end up grinding for runes and as a new player you will probably need to play three to four builds (back to back) to get a hang of the mechanics and the difficulty (and it is difficult).  Another downside is it is way more addictive than Skyrim, if you are wired that way.  The number of potential builds in Skyrim is relatively small in comparison.  On this it's massive.

I've put 300 hours in, played through to the Giants Mountain twice (and no further) and just started what I consider to be a serious build that i will take to the end.  How long it takes to get to the end, no idea.

One other thing, if you somehow manage to get the quest early on that nets you the Bloodhound Fang sword, you can take that all the way through the game.  It's a good build and you can buff it with Faith/Incantations.",True,0,0,20423,19875,True,2026-06-14
1245620,Elden Ring,"This game is like heaven and hell, when yours getting your ass beat by a boss (i'm currently fighting raddahn) its top 10 worst thing of all time, but when you finally beat said boss and you get the chance to explore its the best game of all time",True,0,0,1715,1563,True,2026-06-14
1245620,Elden Ring,"[h1] Elden Ring [/h1] 

Man where do I begin, I'm writing this review fresh off of beating the game and I will tell you [b] This is one of the best games I've ever played. [/b] 

I loved exploring this games vast world the most, just finding new things and figuring it out without any guides was so engaging.

I personally used a strength build and had a great time doing so, It was very cool seeing chunks of health deplete when fighting bosses.

The game has fps stutters sometimes but its really not bad at all, especially for how good the game looks.

I cant recommend this game enough especially if you're planning to get into the souls genre.

This was my first souls game, I loved it, and I plan to support FromSoftware for the foreseeable future and you should too.

thanks for reading my review",True,0,0,5272,5272,False,2026-06-14
1245620,Elden Ring,"Elden Ring is a game that truly has my heart. I have most of my hours on my Xbox before I got my PC, but it is one of a kind for me. Every level is so well designed and holds its own unique environment. The variety of builds is almost overwhelming. For example, I have never been a ""fire build"" type of player in games because it has never spoken to me. But in Elden Ring, I finally did because there are builds to make that use white fire, which I just thought was super cool. The lore is a rabbit hole of storytelling, but it amplifies the experience of a playthrough 100x when you understand it. THIS GAME IS INCREDIBLE",True,0,0,6607,6607,False,2026-06-14
1245620,Elden Ring,"Played it second time after a few years. DLC is absolutely gorgeous, but some bosses already crossed some anime fights with all the jumps and what's happening on the screen. I did not enjoy them, but overall experience was absolutely positive. 
Works great on steam deck as well, but I'd recommend playing on the big screen, of course.",True,0,0,7635,7635,True,2026-06-14
1245620,Elden Ring,This game got me back into gaming after a decade of not playing and became my favorite title and now I'm addicted to soulslikes.,True,0,0,32481,32295,False,2026-06-14
1245620,Elden Ring,"The best game of all time in my opinion. It just has everything a game needs: Captivating lore, great combat and world design, Insane voice acting, cool bosses, genius progression and some of the best music of i've ever heard. This game is also very replayable. You can use so many different builds and playstyles and each one is so unique that feels like a different game. The DLC is also 100% worth it. It's not quite as good as the main game, but you'll still have a great time with it. All in all my absolute favourite gam and in my opinion the best game ever made.",True,0,0,31369,31369,False,2026-06-14
1245620,Elden Ring,Amazing game everytime i think i am bored of it i think of a new way to play resparking my interest in it,True,0,0,4747,3743,True,2026-06-14
1245620,Elden Ring,"Great game, just buy it.
- Graphics: great
- Art Direction: amazing
- Music: very good
- Sound design: great
- Gameplay: 10% puzzles, 20% exploring, 70% fighting
- Story: keeps you reading",True,0,0,27898,27898,True,2026-06-14
1245620,Elden Ring,"Though I'm still not that great at this game I would definately recommend it. As an experience, it's a must.",True,0,0,8288,7935,True,2026-06-14
1245620,Elden Ring,Up to NG+8  on PS5. Decided to give the PC version a crack and start fresh.. OMG it looks so much better. I probably should have just got it on PC to begin with... Oh well... Loving playing it again fresh...Still the best game ive ever played!,True,0,0,2395,1995,False,2026-06-14
1245620,Elden Ring,"This game is like eating a dih, it's long and hard, but the feeling of stopping is amazing",True,0,0,2395,1865,False,2026-06-14
1245620,Elden Ring,"Best game ive played in a long while and will keep playing till atleast 400 hours 

Addicted to souls games for life now",True,0,0,12129,12129,True,2026-06-14
1245620,Elden Ring,"As someone who's played Dark Souls 1, Dark Souls 3, and Sekiro, Elden Ring is a bit of a mixed bag for me.

The biggest difference is obviously the open world. In the older games, if I got stuck on a boss, that boss became my entire problem. There weren't a hundred other places to go or things to do. The only option was to learn the fight and beat it. I really liked that feeling of being forced to overcome the obstacle in front of me.

With Elden Ring, I sometimes end up overwhelmed by all the choices. Even on my third playthrough of the base game (my first two were on Xbox), I still find myself wondering where I should go next or if there's something else I should be doing instead. The freedom is impressive, but it can also make the experience feel less focused.

That being said, everything else about the game is incredible. The combat, bosses, build variety, world design, music, and sense of discovery are all top-tier.

I still prefer the more linear design of Dark Souls and Sekiro, but that's really just personal preference. Other than the open-world structure not being my favorite, Elden Ring is a 10/10 game and easily one of the best games I've ever played.
",True,0,0,2834,2834,False,2026-06-14
1245620,Elden Ring,"I have completed Elden Ring and Elden Ring: Shadow of the Erdtree. These were my first introduction into ""Souls"" games. I have been thoroughly impressed and challenged. The enemies are diverse and offer varying levels of challenge. The bosses are impressive and extremely challenging, especially those in the expansion. The open world is beautiful and foreboding at the same time, combining both light and dark coloring to highlight this very intense and immersive experience. Weapons options are unique and varied with unique abilities. The levelling capabilities are substantial with a considerable learning curve as well but a very welcome component for the RPG aspect. I highly recommend picking up this game even if it is not on sale. You will definitely get your money's worth!",True,0,0,9796,9329,True,2026-06-14
1245620,Elden Ring,Genuinely one of the best games ive ever played. Looks-wise and all. Just an outstanding game. Normally i do multiplayer games and held off of this game for years and years. And I painfully regret that. Truly tops any other game. No glaze fr.,True,0,0,2267,1320,True,2026-06-14
1245620,Elden Ring,Top 5 game of all time. Enough said! What an experience and was my very first souls game. I would kill to experience ELDEN RING for the first time again to explore every nook and cranny while felling everything in sight..!,True,0,0,8044,8044,True,2026-06-14
1245620,Elden Ring,"I have 6 hours and i'm still in the beginning, I still recommend bc its a pretty game",True,0,0,494,367,False,2026-06-14
1245620,Elden Ring,broke many monitors playing this game wanted to kms but IM THE ELDEN LORD so im the goat.,True,0,0,3969,3969,False,2026-06-14
1245620,Elden Ring,Simply a game of it's generation playing it for the first time was such a breath taking experience 🥴,True,0,0,54254,54254,True,2026-06-14
1245620,Elden Ring,its like the ultimate combat fantasy and exploration game man you should like try it bro,True,0,0,23683,21736,True,2026-06-14
1245620,Elden Ring,"A hit or miss masterpiece that initially fills you with wonder, but ultimately forces a choice between aimlessly wandering or treating the world like a tedious checklist.",True,0,0,1298,1298,False,2026-06-14
1245620,Elden Ring,"Insane learning curve, can only be on 60 fps, and super hard, but extremely fun.",True,0,0,1170,425,True,2026-06-14
1245620,Elden Ring,"Perfeito, a indústria nunca vai conseguir replicar algo do mesmo nível, obrigado Miyazaki.",True,0,0,10617,9436,True,2026-06-14
1245620,Elden Ring,"There is few pieces of media/art that can compare to this masterpiece of a game. I just beat the final boss and it left me wanting more. Yes it can be punishing and frustrating at times but that is the fun of it . I love that it’s not easy and gets rid of the hand holding a lot of other games do . Also for the people that maybe think it’s just difficult the whole playthrough I really feel like you are given all the tools to be as strong or as weak as you want to be . Overall I think this is easily one of the best games ever made and I am so glad I bought it and gave it a chance. This game itched a scratch I didn’t know I had . There’s not many games where I am actually nervous about the next boss or the feeling of reward you get from killing that difficult boss . The exploration is awesome and you are doing all of this in some of the most beautiful and coolest environments I’ve ever seen in a game 

What more is there to say other than this is more than a game it is one of the best works of art I have ever had the privilege of experiencing. 

10/10 masterpiece is a understatement.",True,0,0,5467,5467,True,2026-06-14
1245620,Elden Ring,"first playthrough 235/238 bosses, got locked out of the invaders cuz I beat Mogh too early sadge... and I beat 83/83 bosses on the DLC. I didn't do a challenge run, but my main weapons were the flamberge and the great stars. Got the Ranni ending and had 666 deaths at the end of the main game + DLC. Mostly from fall damage, 16 deaths total on Malenia, 6 deaths total on consort Radahn. My main enemy: Godskin Apostle in the divine tower of Caelid. Game is a solid 10/10.",True,0,0,6767,6767,True,2026-06-14
1245620,Elden Ring,amazing game. the epitome of action adventure rpgs.,True,0,0,9352,9352,False,2026-06-13
1245620,Elden Ring,"I have beaten this game three times now (twice on the xbox and once here, no way I'm beating this game three times in 60 hours) and I am still finding new ♥♥♥♥ with every playthrough. This game does not end and it is beautiful. Incredible enemy variety and the level up system it shares with all soul's games just scratches an itch in the back of my brain. My only critique of this game is that it would benefit from a more balanced difficulty. This is coming from a guy, who like I said, has beaten it three times. I love this game. Attack variety and unpredictability is what makes this game fun. But having those attacks hit you for all your health is pretty lame and kind of restricts you from exploring weird builds. I think the from soft game that got its difficulty balanced perfectly was Sekiro. It was incredibly difficult but I felt like it was fair. An attack with an area of effect that could cover the surface of the moon should not be able to take all of your health. Additionally a sleeping toad that does no damage to you should not be giving over two thousand runes while a flying paladin with holy magic that can one shot you only gives you three. This almost perfect game would have benefited from some balancing. But even if they don't make that change in the future, From Soft is still going to make some of the best games on the market.",True,0,0,3787,3787,False,2026-06-13
1245620,Elden Ring,I have over 350hrs in this game on PlayStation. Never was a Souls fan before this game but this game drew me in and and held me there until I had everything there was to offer and got every achievement there was to get. I ran through the game several times doing every path and I did not get bored until about the 5th play through on my main account. This game is great for anyone with ADHD. It's hard to find games that give you constant gratification and keep your mind in the game the whole time but this one never failed to keep me interested. 10/10. This game is a gem and I wish there were more like it.,True,0,0,3019,2999,False,2026-06-13
1245620,Elden Ring,"One of my favorite open world RPG's out there. Almost the ideal dark fantasy game everyone wants. The difficulty isn't a problem, just adapt. Challenging games are what make them fun.
The DLC is much bigger than I thought it would be, the world building for the DLC is unique with some optional bosses that have interesting lore. I can't wait for another awesome FromSoft steam game.

I am disappointed on how the invasions worked, I feel like anyone should invade you no matter what level they are, I like getting invaded every once in a while but that's hard to come by when you're level 180.

I recommend starting with the Wretch class, since that's the class I started with.",True,0,0,11169,11146,True,2026-06-13
1245620,Elden Ring,By far the best game I have ever played. Nothing feels the same after Elden ring. 😍😍😍😍😍😍😍😍😍😍😍😍😍😍😍😍😍😍😍😍😍😍,True,0,0,16754,16703,True,2026-06-13
1245620,Elden Ring,"Stone is the strongers spell in the game! Enough said, 11/10 would get ganked again.",True,0,0,29278,29278,True,2026-06-13
1245620,Elden Ring,"Masterpiece of a game, and perfect for a masochist like me. Great for developing patience and emotional regulation skills. You quickly come to understand that there isn't any unfairness. It isn't the game that's bad, or the boss design that's bad, but it's you that's bad. You'll get curb stomped over and over till you get gooder but the dopamine rush is INSANE when you nail it down. Seeing bloodstains, messages, and echoes of other players was probably my favorite part.

After getting endlessly brutalized I embraced the three fingers and lit the lands between ablaze in the frenzied flames.

Burned the Erdtree.
Burned yo mama.
Burned yo ♥♥♥♥♥.

10/10",True,0,0,22865,22865,False,2026-06-13
1245620,Elden Ring,unforgettable. my only wish was that i didn't rush through it so much and truly savored what the lands between had to offer. one of the games of all time if you're willing to put in the time and effort.,True,0,0,5547,5547,False,2026-06-13
1245620,Elden Ring,"Overall a great game not to hard if u spend the time to learn it i myself was able to beat it within 50 hrs with no guides.However,this was mainly focoused on the main story.I did kill all remeberances bosses do vares quest.This game has a wide versatil build options wich scale the difficulty quite significantly. if you are strugling you can use a bleed build or you could use a mage or faith build  but if u want the best exprience i reccomend strenght as it means u have to learn the bosses movsets  to acctually win.This provides a very rewarding feel. if you start finding to easy you can add limitarions or mods to increase the difficult.It  runs smoothly on 144+fps on my 1080p monter but gets capped at around 120fps on my 1440p moniter.",True,0,0,3731,3606,False,2026-06-13
1245620,Elden Ring,"This is and always has been the absolute EASIEST souls game. Its insane how simple this one is.
Even when it first released it was by far the easiest one. 

If you love a challenge, any of the previous titles will give you just that. If you are new to the series or a vet wanting to wander around and hear a bit of lore here and there, jump on in.",True,0,0,38017,38006,True,2026-06-13
1245620,Elden Ring,"Uno de los mejores sin ninguna, el DLC un nivel de dificultad muy bueno, increíble historia, personas e increíblemente bien ambientado.",True,0,0,10125,10118,True,2026-06-13
1245620,Elden Ring,"I love this game. <3

My only issue is the EAC forced on us, even if i just want play Singleplayer.... :S Luckly there is a workaround to ""fix"" that issue.",True,0,0,459,459,False,2026-06-13
1245620,Elden Ring,"It has ruined other games for me, like wdym this npc is pointless or this item is just an item with no description",True,0,0,31534,31433,True,2026-06-13
1245620,Elden Ring,"I never expected to play Elden Ring, but after seeing Jynxzi play It I had to try it and I'm so glad I did! This game is truly a masterpiece! 10/10 roped me in for nearly a week. Beat the game in 33 hours and I was not even trying to rush it, was simply enjoying it that much I didn't stop playing! DLC is up next, cant wait!",True,0,0,3506,2154,False,2026-06-13
1245620,Elden Ring,Elden Ring will always have a special place in my heart as It was an amazing game from the rich lore of the game to the insanely fun boss that you fight. This was such a good game to play and I would recommend this game to anyone who is interested in the souls series and I would proudly say that Elden Ring is one of the best souls like games to ever come out.,True,0,0,7962,7962,True,2026-06-13
1245620,Elden Ring,Best open-world game oat. 10/10 would recommend playing.,True,0,0,4268,3649,True,2026-06-13
1245620,Elden Ring,"a experiência média do elden ring é tipo estar em uma relação abusiva. 
o jogo cospe na sua cara toda vez que você inicia ele, te ameaça e até espanca, ainda sim, tu volta pro mesmo pois a dependência emocional só não te deixa seguir em frente.",True,0,0,1360,1360,True,2026-06-13
1245620,Elden Ring,"If u play this game I highly recommend watching playthroughs before u start u will become hardstuck for hours make sure not to go on youtube and look up builds thats lame as ♥♥♥♥ when there are infinite possibilities for builds, Great game highly recommended.",True,0,0,3453,3339,True,2026-06-13
1245620,Elden Ring,"The only thing my kids are going to inherit is my Elden ring playthroughs on an encrypted USB stick, and in order to crack it they will need to watch all of Vaati's Elden Ring Lore video. 
Highly recommend",True,0,1,4296,2664,True,2026-06-13
1245620,Elden Ring,"This game is in my top 3 games of all time and it won't be leaving EVER. If you don't know anything about Elden Ring, just get it. No looking at spoilers or anything. My first playthrough of this game was the best gaming experience ever and I knew nothing, even if you know stuff about Elden Ring you should still get it. It's a masterpiece, I have 500 hours on this game on PS5 and I plan on having more than that on PC. Anyway, I am going to kiss Michael Zaki's toes.",True,0,0,3506,3044,True,2026-06-13
1245620,Elden Ring,Dark souls combat + open world + beautiful landscapes + epic lore = 10/10,True,0,0,8956,8956,True,2026-06-12
1245620,Elden Ring,BEST game ive played in a while. Bosses lowkey easy tho. maybe because i use summons but still VERY VERY good game i would def recomend. the game relitivly hard tho but veryfun.,True,0,0,5390,4877,True,2026-06-12
1245620,Elden Ring,"My first Souls experience, it was frustrating at first.

Elden Ring deserves ALL the hype though. Incredible game in every aspect. Graphics and art deisgn honestly beautiful even today. Controls are so good I find other games so jank now. The MUSIC! My goodness the music is somehow the best part.

I'd probably give it an honest 9/10 simply beause some of the fanbase and devs reluctance to even remotely consider ANY criticism. Things like a spawn point being on the other side of an elevator you'll have to constantly wait for. If Mass Effect gets dragged thru the coals for that reason, it's only fair here too. It can feel like a blatant waste of the players time imo.

Regradless, Zelda OoT as a kid is probably the last time I've really enjoyed a game like this across the board.",True,0,0,4415,4415,True,2026-06-12
1245620,Elden Ring,"playing through the game again for the third time, as a player who hates replaying rpgs, gaem good, buy :)",True,0,0,12324,11798,False,2026-06-12
1245620,Elden Ring,"Everything that is said about this games greatness is true! It is an absolute masterclass in design and execution. From its addictive combat and awe inspiring beauty Elden Ring is one of the few games released today that is absolutely worth full price. That being said, as true with every game, nothing is perfect. Some of the later game areas lack the truly genius design of the early to mid game and the bosses overall (excluding some truly great ones) are a step down from Dark Souls 3 and Sekiro. None of this changes the fact that this is a generational masterpiece and a blast to play. I cant recommend this all time great enough!",True,0,0,45592,45592,False,2026-06-12
1245620,Elden Ring,Its fine...its a FromSoft game so you are going to die a lot.  But If you don't mind that then its a good enough game.,True,0,0,25815,25603,True,2026-06-12
1245620,Elden Ring,"One of the Best Video game I've ever played.

The Open-world was very fun To Explore and having such a beautiful Panorama. The Soundtrack is also the best, The difficulty was good, and the Boss Characters Design were Crazy

not forget to mention the Architectures design in this game was stunning.

The DLC also amazing, its like a new whole game rather than DLC.

10/10",True,0,0,13212,13212,True,2026-06-12
1245620,Elden Ring,I personally think that elden ring si best souls game....not just graphics i think it's better also for controls and everything...i always play on pc....not a ps fan...i just love  the game is really challenging and the best part is you can grow more and more and the difficulty grows also when you go new game + i'm new game +8 still didn't get bored of the game...i think it's a game for everyone that likes a real challenge...and doesn't give up on the first 10 tryies (deads),True,0,0,77671,77506,True,2026-06-12
1245620,Elden Ring,"[b]Rating: AA  |  Outlook: Stable[/b]

High-yield instrument. The returns are real and the defaults are frequent.

All holdings are unsecured: dying constitutes a default event, with a single recovery window to reclaim principal from the site of the loss. The desk's recovery rate over 100 hours is best described as ""improving."" The issuer offers no guidance, no covenants, and no apologies, and the desk has come to respect this.

[b]Key risk:[/b] every counterparty in the jurisdiction is hostile, including the wildlife, the terrain, and a man in a basement the desk still thinks about.

[i]— Bond Wizard Ratings Desk[/i]",True,0,0,5598,5598,True,2026-06-12
1245620,Elden Ring,Spawned in and fought the tree sentinel for 6 hours.... Best game I have ever played,True,0,1,3755,2534,False,2026-06-12
1245620,Elden Ring,"A unique world with lore/world building courtesy of George R. R. Martin (also wrote Game of Thrones) thats definitely worth exploring and I am someone where Souls games do not appeal to me at all whatsoever (this game failed to connect with me the first time). The second time it connected perfectly with an extensive open world and a plethora of bosses to fight (with your friend thanks to the seamless coop mod), the lands between is literally your oyster. Only negatives is simple quality of life details are missing which are expected to be present in modern video games (DLSS, ultra wide screen support) - but these are easily fixed with mods. If I had to throw in another one a reshade mod would be it to make the colours pop a bit more.",True,0,0,5784,4057,True,2026-06-12
1245620,Elden Ring,"The Lore and Hype is real!  I will say... If it wernt for youtube videos to help, I'm not sure I would of had teh time nor patience to complete.  Have fun Tarnished!",True,0,0,8140,7902,True,2026-06-12
1245620,Elden Ring,"after 100 percent completing  this game on every platform if you play this game it will change your life
100/10",True,0,0,20237,20237,False,2026-06-12
1245620,Elden Ring,"Good game, excuse to say, Do a armored core style gundam game",True,0,0,2114,2114,True,2026-06-12
1245620,Elden Ring,"does a good job of fleshing out such an open map, great ost, visuals and gameplay 10/10",True,0,0,11210,10363,False,2026-06-12
1245620,Elden Ring,"What is there to say about this game that hasn't already been said. This game is literally the definition of perfection and is so visually beautiful with unique, insanely detailed, and hard bosses that will torture you for hours but make you feel so accomplished once you finally beat them. I love all of the souls games, but Elden Ring has surpassed them by a mile and if you're someone who's thinking of getting Elden Ring, you wont regret it. Top 5 game OAT, it'll make you rip your hair out but you'll love every second of it.",True,0,0,14689,9469,True,2026-06-12
1245620,Elden Ring,"After countless ass whooping, I became the lord of the frenzied flames.
You cannot go back on your decisions.
NPC quests can change the ending.
First look at Liurnia of the lakes would be the best thing you will see in your life.
Radahn's boss battle is better than the final boss of the Elden ring lol
Malenia is the hardest and most ""satisfying"" boss
Blasphemous storyline goes hard

Pro Tip:
Save game mod is recommended before every boss battle
",True,0,0,11527,11527,True,2026-06-12
1245620,Elden Ring,"It's a very fun game, but it has many frustrating points. It's the kinda of game that's okay to put down and come back to if you're not having fun or getting too frustrated.",True,0,0,10264,9472,True,2026-06-12
1245620,Elden Ring,"Any dark souls enjoyer will love this game more than any other souls like games for sure. My favorite use to be DS3 but this game is basically an open world dark souls. There is alot of things you need to look up the first time playing through because you WILL get stuck and I dont mean because you can't kill a boss (Even though that will happen too). That's the only issue I find myself seeing with Elden Ring. Other than that, it quite literally is a perfect game for dark souls players",True,0,0,8257,8222,True,2026-06-12
1245620,Elden Ring,makes me wanna drop kick children but overall very fulfilling game for story and playtime,True,0,0,6546,4394,True,2026-06-12
1245620,Elden Ring,"This is my first souls game. It's safe to say I've been mentally preparing for this since 2022. That was unnecessary. I only needed to prep for 3 years. I'm LVL60 and have died 300+ times but I'm addicted. I can't sleep if I haven't beaten my quota of 1 boss for the day. 

I will continue and encourage others to start. And then move on to Dark Souls or Bloodborne. Excelsior.

Oh and the rest of y'all should play this.",True,0,0,3690,3421,True,2026-06-11
1245620,Elden Ring,"Such a good fromsoft game, it's NOT dark souls tho, remember that. Very much not linear",True,0,0,2293,2245,True,2026-06-11
1245620,Elden Ring,"One of the best FromSoft IF not the best game they released this far. Absolutely love it, I have trouble going back to older Souls games simply because this one is such an improvement in my opinion. The lore is peak as always and design goes hard, as always. I feel I NEED to glaze this game. gg",True,0,0,14250,14022,False,2026-06-11
1245620,Elden Ring,"i never had this many boners in a game because of the music.
This game and the DLC are masterpieces and the bosses are peak (except Metyr Mother of Fingers hate that mf)
would recommend to every souls like player or people new to souls likes.",True,0,0,12209,11881,False,2026-06-11
1245620,Elden Ring,"This experience was different from all the other games I’ve played. It gave me a sense of determination.
This experience should not be called just a “game” - it was a one in a million masterpiece, the kind of perfection you rarely witness.
This experience tested my limits, my persistence, and my craving for perfection. Every defeat felt personal, every victory felt earned.
This experience made me rethink my whole journey. It reminded me that progress is built through failure, patience, and the will to keep going no matter how impossible the challenge feels, because at the end of the day nothing is Impossible.
Elden Ring wasn’t just something I played.
It was something I lived through.

Story: 10/10
Graphics: 10/10
Gameplay: 10/10
Artstyle: 10/10
Characters: 10/10
Ending: 10/10 (Multiple but they are all PERFECT)",True,0,0,1906,1906,True,2026-06-11
1245620,Elden Ring,"Pretty fun if you're not mentally challenged like my hb troygames, I recommend.",True,0,0,12856,12856,True,2026-06-11
1245620,Elden Ring,its the most versatile expereince of all the soulsborne games. if ur a beginner i recommend youd start with this game 100 percent!,True,0,0,4977,1020,True,2026-06-11
1245620,Elden Ring,Even though i suck which makes killing bosses feel way greater its so fun.,True,0,0,9774,7707,False,2026-06-11
1245620,Elden Ring,"All I can say this game the best game I have ever played in my life and it even made me invest more in all fromsoft games till this day, love this game is that simple.",True,0,0,46197,46197,False,2026-06-11
1245620,Elden Ring,highly recommend the seamless coop mod from nexus if you want to play the full game with a friend or multiple. I feel robbed for them not releasing a second dlc and making Night Reign instead,True,0,0,24832,24458,False,2026-06-11
1245620,Elden Ring,"Really hard, but really fun. A good game for people looking for a challenge like any other souls-like game.",True,0,0,1368,197,False,2026-06-11
1245620,Elden Ring,"Uno de los mejores juegos de todos los tiempos, la definicion de un juego, nos busquen mas que Elden Ring",True,0,0,7308,4729,True,2026-06-11
1245620,Elden Ring,"game is incredibly frusterating. bosses are extremley difficult. but thats what makes this game so good. give it a shot you wont forget this incredible journey (im still on the tree sentinel)
",True,0,0,2743,286,False,2026-06-11
1245620,Elden Ring,"Graphics still hold up, game looks great and runs well on older computers. Only complaint I have this playthrough is why is run and dodge the same button? I keep locking out dodge because I want to run nonstop. I could probably find a mod for it, but seems crazy (I never noticed this when I played originally on xbox)",True,0,0,3922,2335,True,2026-06-11
1245620,Elden Ring,"Great game, just finding a little to easy for new game pluses, as souls games fan , wanna some more challenges 8D",True,0,0,20819,20819,True,2026-06-11
1245620,Elden Ring,"It's a sink whole for time so bear that in mind. The open world is enormous and progression won't hit a road block if you can't beat a particular boss. You just come back when you can. That world size is a problem though. I'd have preferred something smaller, more intricate and better connected. Those of us who have been there from the start remember the verticality and how it was all really one big area subdivided. Not a bad game but not a great one either.",True,0,0,53645,50655,True,2026-06-11
1245620,Elden Ring,"The greatest game ever. The world, bosses, and exploration are all perfect.",True,0,0,14601,13765,True,2026-06-11
1245620,Elden Ring,"Enter game, get told I am maidenless, want a maiden, play throughout game, messages telling me I have no lover, want a lover. Complete game and still have no maiden or lover 10/10 game.",True,0,0,4832,4548,False,2026-06-11
1245620,Elden Ring,"Soul crushing. Prepare to traverse your way through 8 layers of hell, and once you reach the bottom, you feel nothing but sadness that you finished the game. 
Definitely 11/10",True,0,0,7240,6524,False,2026-06-10
105600,Terraria,"I launched this game, bounced off it completely within like two hours, closed it, and then didn’t touch it again for so long that when I came back to it I’d forgotten I owned it. Did that twice. Third time something just clicked and now I have an actually decent number of hours in it and a genuine emotional attachment to a slime that I don’t really want to examine too closely.

The thing about Terraria is that it’s one of those games where the fun isn’t in the game explaining itself to you, it’s in the game eventually making sense, and those are really different experiences and the second one is so much better when it happens. Like there’s a point somewhere in the middle of a playthrough where you stop dying to everything immediately and start dying to things slightly less immediately and somehow that feels incredible, and then before you know it you’re planning boss fights and knowing what biome you need to go to next and having opinions about loadouts like a normal person who has their life together.

Re-Logic has been updating this thing for fifteen years and the 1.4.5 update came out in January and I played it like it was new on launch, which kind of says everything. I genuinely feel like this is underpaid and I think about that more than I should for a game I got years ago. Just get it, honestly.",True,81,6,13371,6134,False,2026-05-17
105600,Terraria,"terraria, oh where do i even start...

At first glance, Terraria looks like “2D Minecraft,” but that comparison honestly doesn’t do it justice. The game evolves from chopping trees and building tiny wooden houses into fighting screen-filling gods, exploring corrupted biomes, crafting hundreds of weapons, and slowly becoming an unstoppable force of destruction. The progression system is insanely satisfying because every boss unlocks new materials, stronger gear, harder enemies, and completely changes how the game feels.

The exploration is phenomenal too. Every world feels alive with hidden caves, floating islands, underground jungles, deserts, oceans, temples, corruption/crimson biomes, and secrets buried literally everywhere. The “just one more cave” effect is dangerously real. I’ve lost hours mining because I kept finding something new.

The boss design is another massive highlight. Early bosses feel manageable, but later fights become absolute chaos in the best way possible. Dodging lasers, explosions, flying swords, and giant eldritch horrors while your screen turns into a fireworks show never stops being exciting.The soundtrack deserves praise too. Some tracks are weirdly relaxing while others perfectly capture the tension of boss fights and dangerous biomes. The music becomes surprisingly nostalgic after enough hours.

Multiplayer makes everything even better. Building giant bases with friends, preparing arenas for bosses, and accidentally summoning something horrific before everyone is ready creates some of the funniest gaming moments imaginable.

At this point, Terraria feels less like a game and more like a massive adventure sandbox that somehow keeps rewarding curiosity no matter how long you play.

this game is the best  <3",True,48,2,49118,48857,True,2026-05-27
105600,Terraria,"After 100 hours, i bought it as a gift for my brother. This game is so good i'd buy it a third time without hesitation if my sister wanted it.",True,27,0,20831,14679,True,2026-05-24
105600,Terraria,"There isn't much I can say that 1.2 million positive reviews haven't already said. Yes, it really is just that good. I wish I could play it for the first time again, honestly, and yet it is STILL getting content updates FIFTEEN YEARS LATER. Insane.",True,32,0,23963,23963,True,2026-05-17
105600,Terraria,"i cant believe i havent rated this game yet, though i should rate my games more often. its a must buy if you enjoy these types of games. its one of the best in its category, and has some of the best mod support ever. consistent updates over 15 years, a massive playerbase, thousands of things to do in and out of game, its just so good.",True,9,0,30791,30791,True,2026-05-28
105600,Terraria,"An amazing game. Played it growing up as a child, but playing it on PC rather than mobile is an amazing opportunity. I've got over 90 hours with no signs of stopping now.",True,7,0,6987,5504,True,2026-05-24
105600,Terraria,"I used to talk so much ♥♥♥♥ about this game. ""It’s just 2D Minecraft,"" I’d say, scoffing from my 3D high horse.

Well, my opinions have changed... slightly. It is still just 2D Minecraft, but it turns out 2D Minecraft goes incredibly hard. The lore is wild, the bosses are genuinely insane, and the building experience is way more addictive than it has any right to be.

Back in the day, the boys and I loaded this thing up with so many mods it practically turned into a different game, and we had an absolute blast. I came for the memes, but I stayed for the Cthulhu eyes and endless grinding.

10/10. Will continue to call it 2D Minecraft while putting another few hours of my life into it.",True,5,1,6432,6432,True,2026-06-06
105600,Terraria,very fun game very cool so much fun very fun man i played it 52 hours with my pals not stright kinda i took a walk after playing 10 hours ate some yummy steak than got back on  i would only be gone for a little bit making my summer less boring,True,6,0,3982,3128,True,2026-06-01
105600,Terraria,"Amazing game, has something for everyone. I could easily dump another 100+ more hours into this game! One of the best games you can buy for sub $10. ",True,5,3,7304,7304,True,2026-06-01
105600,Terraria,"Started to play this game recently, and it seems quite good so far. I'll post an update once I've played it a bit more.",True,3,6,76556,76556,False,2026-06-12
105600,Terraria,"Nothing beats that random 2-week Terraria phase with friends.

This was one of my childhood games and one of the games that made me appreciate how much effort goes into a game, from the developers who keep supporting it to the community that keeps finding new ways to enjoy it. Vanilla Terraria is already great, and the modding scene gives you even more reasons to come back.

I loved this game enough to buy the bundle and gift copies to my friends so we could all play together properly.

Years later, I still find myself coming back to it every now and then. A true classic.
",True,2,0,10585,10579,True,2026-06-16
105600,Terraria,"quite literally the only game i play now and made me quit every previous game i had ever played, i remember thinking that ""2D Minecraft"" can't possibly be that good. Oh boy was i wrong. i peaked over 100 hrs in the first week of getting it on mobile, and about 500 hrs in total now. the sheer fun i got from defeating my first boss to reaching the Moon Lord was indescribable. i don't think there was ever a game that felt so satisfyingly perfect. hoping to try calamity and other mods soon.

MUST try at least once in your lifetime

10/10 peak game",True,1,0,19977,19974,True,2026-06-05
105600,Terraria,ive been playing this game modded and vanila cracked for hundreds of hours and absolutlely LOVED IT i recently got my first bank card and bought it legit on pc and mobile good job relogic :3,True,1,0,1117,881,True,2026-06-16
105600,Terraria,"Near-perfection. A sandbox game with spot-on progression, challenging bosses, and a beautiful soundtrack. Can be a bit overstimulating at first, but starts to make sense quickly. Highly recommended. Best played on PC.",True,1,0,11797,11797,True,2026-06-16
105600,Terraria,"first single player game ive played, no yelling at teamate and ragequits.first time ive reached true peace",True,1,0,648,617,True,2026-06-15
105600,Terraria,"0/10
After buying the game on Steam, Mobile, Switch, PS4, I ran out of devices to buy it on. Red please fix
",True,1,0,75997,75934,True,2026-06-13
105600,Terraria,lots of things to do and very fun and chill with hard bosses and progression,True,1,0,5856,5352,True,2026-06-13
105600,Terraria,I used to think this game was like Minecraft. Boy was I wrong. This game is realms better! There are so so many more features and systems and honestly this game deserves more than 5 stars.,True,1,0,1231,860,False,2026-06-10
105600,Terraria,"Terraria sits comfortably in my top 3 games of all time, and I don't say that lightly. I've put more hours into it than I care to admit.
On the surface it looks like a simple 2d minecraft. It is absolutely not that. It's a massive action adventure with hundreds of enemies, 20+ bosses, four character classes, and a progression system so well paced that you never really feel like you're grinding, you're just playing. Defeating a boss unlocks new materials, new characters show up in your town, and the world shifts around you. Then hardmode kicks in and essentially hands you a second game.
The building is great if that's your thing, the combat is genuinely satisfying, and playing with friends is some of the most fun I've had in co-op. But the thing that keeps me coming back is that feeling of not quite knowing what's around the next corner.
For the price, nothing comes close to the amount of content you get. Re-Logic has been updating this game for over a decade, for free, because they actually care about it. That shows.
You can also use Tmodloader, kind of obvious what it does, since it literally sayd mod in the name. It's the best mod application i've ever used for a game. it's smooth and easy to use. The base game is already so good and has so much content that you don't even need mods to be honest. 
If you haven't bought it yet, just do it. It's one of those games you'll still be thinking about long after you've put it down.
10/10",True,1,0,16415,16390,True,2026-06-10
105600,Terraria,"pretty good game overall, better with community texture packs",True,1,0,32544,32516,False,2026-06-10
105600,Terraria,"This game made me lose 13 years of my life. Every achievement, every moment playing it wasted my life. My wife Marry left me and took the kids, all because I spent 18 hours a day in my basement playing Terraria. I rotted, my skin was starting to spoil, I could barely close my eyes, they were almost glued open, I was in pain every moment I wasn't playing it. Carpal tunnel didn't stop me, being evicted didn't stop me, but one thing is going to. I was diagnosed with stage 4 skin cancer yesterday. I have less than a week to live and I'll spend it on Terraria.",True,1,0,29626,29626,True,2026-06-10
105600,Terraria,"Terraria is one of those games that gives you far more than you expect. What starts as a simple survival and building game turns into an epic adventure filled with exploration, boss fights, rare loot, and endless creativity.

The amount of content is incredible, especially considering the price. Whether you play alone or with friends, there's always something new to discover.",True,1,0,8419,8419,False,2026-06-07
105600,Terraria,"It’s endlessly replayable, weirdly comforting, and somehow still surprising even after all these years of playing it. I've played through countless versions of terraria by now and every time I come back to it, I find myself having an enjoyable and original experience over again. Yes progression is linear and tied to defeating bosses and mining increasingly difficult ores, but other than that you have absolute freedom over the pacing. There's tons of content, however if ever you do get bored of the regular terraria experience, I really recommend trying out the secret seeds within the game for the fun twists and the mods. 

Definitely worth playing, especially with friends.",True,1,0,8150,8150,False,2026-06-07
105600,Terraria,"I don't know that this game needs my review, but it's one of my favorites.  I have bought it many times across many accounts and consoles.  I could live in this game.  It's a massive comfort game.  It really wasn't too bad to 100% either using their Journey Mode.  Completionist friendly I would say.

I've been gaming for 40 years now and Terraria is a top tier game for sure.  I think everyone should try it and give it a good playing before putting it away.  It's a game I think people should always have installed.",True,1,0,5172,5172,True,2026-06-06
105600,Terraria,"Terraria is heaven for those who love to suffer in games and grind for hours.The game has no mercy. You will spend days digging mines just for one rare ore and constantly die from silly traps. And when you finally get a cool sword after a hundred tries, the very next boss will one-shot you.If you love pure hardcore and are ready to waste tons of time grinding for victory — this is 10 out of 10.",True,1,0,8901,7288,False,2026-06-04
105600,Terraria,"YES absolute masterpiece 10/10 actually insane the bosses,the music, all of it is PEAK!!!",True,1,0,654,641,True,2026-06-04
105600,Terraria,"First encountered Terraria back in PSVita days, it’s free on PSPlus. Completed the game but Angler has no mission and not even fishing rod back then. That was over 10+ years ago.

This time we bought it on sales and this game has turned into a monster. I mean the crafting specifically, it’s crazy lot of it.

Kudos to devs, still update after all these years. Paid once, lifetime support. (and cheap too) Thank you for being so generous, modern day games mostly infested with micro transactions, plenty of paid DLC. I love co-op but most of them comes with greedy DLC, and that’s a major turnoff.",True,1,0,8712,8648,True,2026-06-04
105600,Terraria,i played terraria all the time on xbox and i loved it a lot. there used to be this glitch with the vortex beater where you could spam any projectile or weapon you wanted and it was crazy and crashed my xbox a lot . this game is a classic and i would recommend it to anyone genuinely. super super fun,True,1,0,13923,13923,False,2026-05-31
105600,Terraria,"Amazing game, its a once in a life time experience. I would call it a 2D Minecraft, but its so much more! The Dev team is amazing, the modding community is amazing and the Community as a whole is also spectacular. Nerd, geek, person alive and into games will find callback, easter eggs and an addicetive game loop. 9/11 would recommend",True,2,1,66907,61527,False,2026-05-29
105600,Terraria,"Terraria is one of the best games that I have ever played. It has so much engaging content that I love running a playthrough every few years at the very least. Terraria is good that I became a go-to game for my family's game nights. If you haven't played it before, you have to give to give it a try. I bet you'll get hooked.",True,1,0,9645,5159,True,2026-05-29
105600,Terraria,"Terraria is a game I initially disliked a lot, however I have since learned that was a skill issue. This game has easily one of the most in depth and intricate progression systems I have seen in a survival game and I love that about it.",True,2,0,43452,43452,True,2026-05-27
105600,Terraria,"Just beat the game with summoner. this game is geniune peak, DONT BE A BUM MELEE OKAY? be a sigma mage/summoner.(jk all classes are chill :0)  also buy terraria its awesome.",True,1,0,5523,5015,True,2026-05-27
105600,Terraria,"1,000 Hours...

I know I afked at least 30% of it but I'm still proud of it. I've okayed so many playthroughs across so many different sessions. I love this game to death and every time they update it, It only gets better",True,1,0,65307,62016,True,2026-05-27
105600,Terraria,"My first experience of Terraria was a cracked alpha file I found on some shady website in late 2011. At the time, the Wall of Flesh had just been added, and it was more than enough for my young mind to content with. I remember staying up all night til sunrise playing that janky version of the game, and adoring it.

Over the years I played the 360 when it released, and the xbox one after that. I've always enjoyed the game, but finally decided to do a full dive on the Steam version. Prior to this ""session"" I'd only seen the mech bosses. 

What a fun little gem. I used to tell people ""its 2D Minecraft!"" but its just *not* anymore. Terraria has evolved into its own thing several times over, starting with a similar experience but rapidly evolving into a boss rush with ever increasing rewards. The game does a wonderful job with *growth*, allowing you to feel stronger the more time you put into a given character. Characters also carry over between worlds, allowing you to have an entire network of worlds that interact with one another via the player. 

It's 10$, what are you waiting for?

",True,2,0,7548,7548,True,2026-05-26
105600,Terraria,"Really good game, but i spent half of my timeplay just for grinding  for some items that have a low chance for dropping. 

But overall i love this game, the achievement sure its really hard to get but at the same time its fun to grind them😁",True,1,0,5389,5389,True,2026-05-26
105600,Terraria,"The first time i played this game was back in 2014, i was 12 years old by then and on my first high school year. Around that time latest update was 1.2.3 and Golem was the final boss. 

Twelve years have passed and now i'm a grown ass man, this game latest update is 1.4.5 and golem is no longer the final boss. All that time and i've never stopped playing this game. Don't let my 100 hours playtime in this Steam account fool you, trust me, i've spent at least 1,000 hours in this game, i've played long runs with every class, in every difficulty, with and without mods, singleplayer, with friends, servers and adventure maps made by the community.

I literally have played Terraria for half of my life and seen every single thing Terraria has to offer, and i simply can't get enough, that is the kind of game this game is, a game i've grown with in the literal sense of the word, but what this game has, that can become so special in a person's life? 

Terraria is a 2D pixel-art sandbox survival game with crafting elements, pretty much like Minecraft with which it was often compared back in the days, nothing could be further from the truth honestly. 

What set Terraria apart from other games of this style back in the day was that it is more oriented into fighting, it still does, with many creatures, events and bosses to defeat waiting for the player, but even if Terraria main focus is action, there are still a wide variety of things that can be done aside slaying lovecraftian horrors and hot fairies (Yeah i'm talking to you Empress of Light). 

Exploring forests, deserts, tundras and jungles, fishing in the oceans, finding treasures in the caverns deep beneath the ground, soaring the sky and reaching the underworld, surviving the night and lands of darkness and evilness,  building villages for NPCs that will be of great help for your adventures, becoming a warrior to fight with melee weapons, a ranger to kill from afar with bows, guns and rocket launchers, a mage to dominate the arcane arts and slaughter your enemies in fun and creative ways, or a summoner that commands beasts and strikes enemies with whips, battle goblins, pirates, martians, cultists, beings from other dimensions... Man, and all of that can be done in a single player vanilla run, huh? Wait till you start modding your game and add other 100+ hours to a single run or you start a run with friends and you all fight over to decide which class will be each (Man why almost no one likes the summoner class?) 

10/10, the best indie game ever made... And a game that holds a special place in my heart.",True,1,0,7109,6710,False,2026-05-25
105600,Terraria,Its such a fun game! You will never be able to master everything because of how many aspects and amazing features are being added to the game! 100% recommend!,True,1,0,27000,22022,True,2026-05-24
105600,Terraria,This is really one of the best games i have ever played from all the things you can do to the story and lore this game is perfect. NOT A FAKE MINECRAFT,True,1,0,4949,4386,False,2026-05-23
105600,Terraria,"Great game, absolutely no shortage of content and great dev support!",True,1,0,6942,6942,True,2026-05-23
105600,Terraria,"a game i play to feel comfy and happy
a game i love to spend hours in with my boyfriend
hi boyfriend",True,1,0,20846,19921,False,2026-06-05
105600,Terraria,like minecraft but its actually not like minecraft at all. i personally suck at this game but it's pretty fun dude,True,1,0,453,453,True,2026-05-31
105600,Terraria,"One of the greatest games ever created. The overall variety that the game offers is unmatched compared to many other games and even genre of games. This only being $10 is an insane steal, and it also goes on sale all the time. Highly recommend, and if it is your first time playing, I would start on Expert for the unique drops, also would recommend expert if you play with friends because everyone will get their own boss drops, which is highly convenient so everyone gets the drops, and it can help whenever someone needs a specific drop. Also, do not be afraid to follow a build guide or two as the game has so many different items and weapons that are highly beneficial for your specific class, especially whenever you make it to Hard Mode after the Wall of Flesh.",True,1,0,9386,9386,False,2026-06-16
105600,Terraria,this game feels like eating chocolate cake on a rainy night before an exam where u should be studying but ur not and u could care less frfr,True,1,0,816,724,False,2026-06-09
105600,Terraria,"Probably the WORST game Ive ever played, I lost friends, and made enemies. Not like because of the game, that stuff just happened. I actually love terraria, its an amazing game. BUT my wife left me, and empress of light (the day time version) reminds me so much of her, the hours she spent beating me, and the days I spent trying to beat her. I will never look at this game in a positive light because of my wife",True,1,0,7275,6839,True,2026-06-09
105600,Terraria,"Its a great game what can i say man.
I bought this on mobile and now on pc, i maybe hace 400 hours combined.
With mods its even better, and tbh, it runs on anything. 

Why are you wasting your time? Just buy the game",True,1,1,13944,11985,True,2026-05-17
105600,Terraria,"Exploring this game as a product of its time and as a milestone of gaming history, it's an interesting experience.

From a modern perspective, and when looking for something fun to play with friends, it's not worth it, and Terraria has been outclassed so severely by its successors that it's not something 

Many aspects of the game pad out its runtime, keeping players busy with mindless work to distract from the lack of content in what is essentially a boss rush game with optional base building stock full of debatably aesthetic choices. 

Modern games that are creating social and creative spaces have figured out that constantly respawning unthreatening enemies padding the game time without adding anything of value are not satisfying either type of player engaging with the game. For people that want to make progress, the event is unrewarding noise, and for the builders and decorators, it's an impediment to creativity.

The events are so samey that the pattern quickly gets grating; if it's a ""Pirate Attack"", a ""Martian Invasion"", or a ""Blood Moon"", it all plays out the exact same way with copy pasted mobs, loot tables, and tons of uninteresting gear offering no choices but the illusion of content. At times the game spawned ""quirky"" events back to back for hours. The developers have added an endgame item to skip the noisy mess, showcasing that even they don't think it's worthwhile to have them around, but padding.

Combining the above design issues with the outdated controls, graphics, and repetitive shrill noises in a poorly sound-balanced world and its persistent multiplayer issues where connecting to the server fails half the time the game and requires a restart, the game can be rather taxing for what ultimately amounts to a flat 40-hour experience with little care given to a post-endgame experience over the years. 
Being a very ""Wiki-forward"" experience, with most mechanics hidden from the player, from item stats to basic mechanics, the game expects you to play it while looking things up more so than modern titles.
",False,1,0,2599,2599,False,2026-06-16
105600,Terraria,One of the greatest and most confusing games I have ever played. I genuinely have the wiki open 24/7. Also hate spikes and dart traps.,True,1,0,1217,922,True,2026-06-15
105600,Terraria,rarria i enjoy mario and this is 2d like mario so i enjoy playing it. a lot. keep maiking more terraria so i can enjoy it more. if you stop i wil be upset so thumbs up to more,True,1,0,10741,10740,True,2026-06-10
105600,Terraria,"Walked for some hours, dug a giant hole to hell, then i killed a giant man in the sky. Most likely ruined many eco systems in the way. 10/10 game would play NOW.",True,0,0,10911,10911,False,2026-06-16
105600,Terraria,this game is really fun I love adventuring and finding new areas and new bosses to fight would definitely recommend!,True,0,0,1990,1898,True,2026-06-16
105600,Terraria,Very nice and well-made game. Aged perfectly. A little too hard tho but I still recommend it.,True,0,0,2692,2627,False,2026-06-16
105600,Terraria,"This game is super fun and inviting to new players, similar to Minecraft but new enough for a brand new experience.",True,0,0,763,119,True,2026-06-16
105600,Terraria,"Great 2D sidescroller sandbox game with active combat.  Also has a Sword that will shoot Nyan cats. 
(End game sword do not expect it to be there when you start.)",True,0,0,71046,70465,False,2026-06-16
105600,Terraria,"One of the greatest games of all time. It's got everything-  satisfying mining, exploration, crafting, combat, biomes, fishing, building, and general creativity. The music is so good. Endlessly replayable. 10/10",True,0,0,17282,17282,True,2026-06-16
105600,Terraria,pretty sure i left wof waiting 500 hours at one point while i was building. fck the angler fck the angler fck the angler. good game.,True,0,0,99752,99093,True,2026-06-16
105600,Terraria,"It's like the other one but to the side, great stuff.",True,0,1,3775,3775,True,2026-06-16
105600,Terraria,very cool and ALOT of content for bas game aswell as insane additions by the community,True,0,0,3561,3561,False,2026-06-16
105600,Terraria,amazing game i love chupapi munano and the golfer is the best npc,True,0,0,27988,27878,True,2026-06-16
105600,Terraria,"Goated game, tons of content, it allows the played to progress however they want without having to follow the linear order of items/bosses/everything. I'd suggest however playing it with a friend that knows whats up, and if you dont have that friend then ig become that friend and rumble abt how good terraria is to your other friends and so on and so on until they become one with terraria",True,0,0,1032,1032,True,2026-06-16
105600,Terraria,terraria is a game for people who already play terraria. you should give it a try anyways,True,0,0,15615,15472,True,2026-06-15
105600,Terraria,"Great game, I made a MASSIVE underground bunker. And I'm going to redo do it right now so like, have fun you guys.",True,0,0,1481,1270,False,2026-06-15
105600,Terraria,"So I played a lot of Terraria on Nintendo. But PC better. Honestly though Terraria is a good game, it can just be difficult at sometimes.",True,0,0,221,209,True,2026-06-15
105600,Terraria,i love this game so much when i was little id play this game with my dad and it was so fun please give it a try you might make some nice memories recommended :),True,0,0,33111,32893,True,2026-06-15
105600,Terraria,"really nice game, spawn step outside, get attacked, build home, wait a bit get attacked fight big monster get brutally attacked good game",True,0,0,11811,11811,True,2026-06-15
105600,Terraria,"Good worldgen, good bosses, good items, good mods, good game. 10/10",True,0,0,15276,15172,True,2026-06-15
105600,Terraria,"I was initially very hesitate towards this 2D game, since i always, and still do, hate playing minecraft. in fact, after playing for just 2hours, i called for a refund, but then i changed my mind....i wanted to give it another try -- and i did. 

What do i think of it now? Well...there are guns, swords, potions, people, mining, flying, swimming, enemies, and big bosses. Is it fun to play --- yes. is it addicting --- yes. Is the art very beautiful -- yes. are the mods good --- yes. Do i recommend....yes! but please use a ""terria checklist"" since it makes the start a lot better.",True,0,0,1155,1057,True,2026-06-15
105600,Terraria,"Just letting you know i've been playing this game since I was really little and trust me when I say, nothing is better than this game. It's the number one in my book. I think if you like pixely, open world survival games, then this is the ONE for you. They are also somehow still been updating since 2011, which is crazy. But if you end up buying this game, letting you know be prepared to have almost 400 hours in the first week. I also love how unique the music is in this game.",True,0,0,2292,2292,False,2026-06-15
105600,Terraria,"I mean, what can I say in this review that puts to words how much this game has to offer? Look at my hours compared to everyone elses! Go! Play it!",True,0,0,113216,113216,False,2026-06-15
105600,Terraria,"best game

community support is crazy good so try mods once you beat the game",True,0,0,26488,26488,False,2026-06-15
105600,Terraria,This game is great. And boy howdy is legendary mode kicking my butt,True,0,0,36450,36417,False,2026-06-15
105600,Terraria,"Very fun game I highly suggest doing mods to make it even more fun or using resource packs to improve or to have ""questionable"" looks",True,0,0,2897,2429,True,2026-06-15
105600,Terraria,"10/10, amazing replayability, good combat, great music, good bosses, good artstyle, so many different ways to play, and mods make everything even better",True,0,0,3371,3138,True,2026-06-15
105600,Terraria,originally played on a cracked version and forgot to leave a review when I bought the game. My achievements are kind of weird because I switched to modded midway through my playthrough back then. Now I'm trying to finish the vanilla game completely vanilla. ok goated game 10/10 ez,True,0,0,10347,9233,False,2026-06-15
105600,Terraria,"top tier adventure game. It has alot of bosses, biomes and items. pretty fun game ts prob the best 2d videogame ive ever played in my opinion (pls no hate)",True,0,0,724,637,True,2026-06-15
105600,Terraria,Very fun and rewarding experience. Would recommend. Some aspects are a bit tricky though such as certain crafting requirements or generally knowing the next stage of progression which may result in consulting the wiki. If you are okay with this then you will have no issues.,True,0,0,4213,4213,True,2026-06-15
105600,Terraria,"I mean c'mon, 10 bucks and you get all of this? This is one of the games I've found the easiest to get hundreds of hours out of and many can say the same. You can run it on a potato, the developers listen to all the feedback they're given and they continue to make quality updates it despite it being entirely unnecessary. This game is a must-have for anybody who owns a Steam account.


♥♥♥♥ you goblin tinkerer",True,0,0,30812,30174,True,2026-06-14
105600,Terraria,you can play it for thousand hours and still feel like going back to it over and over again and then you discover mods...,True,0,0,40755,40755,True,2026-06-14
105600,Terraria,me like this survival game it is fun and how much weapons and stuff you can do unlike minecraft as soon as you beat the ender dragon there is nothing to do but in terraria there is always something to do,True,0,0,2973,2643,True,2026-06-14
105600,Terraria,Best game Ive ever played been playing it for like over a decade always find myself coming back.,True,0,0,4480,4212,True,2026-06-14
105600,Terraria,Timeless classic. I played when I was young and re-playing now is a blast and there is so much more content now.,True,0,0,8818,8461,True,2026-06-14
105600,Terraria,"Lightweight game and spend tons of hours designing, exploring, and fighting.",True,0,0,40308,40308,True,2026-06-14
105600,Terraria,"Eu vicio, zero o jogo, canso, lembro de uma classe que não zerei, vicio denovo e repete o ciclo.",True,0,0,8386,8091,True,2026-06-14
105600,Terraria,"Very interesting, lots of stuff to explore.",True,0,0,2583,2583,True,2026-06-14
105600,Terraria,Amazing game you should match it up with the tmod loader and i reccomend calamity with friends.,True,0,0,116,70,True,2026-06-14
105600,Terraria,"Well, i don't think this game really needs a review but aye, last played after the update with a lot more whip weapons for summons and more deco blocks (and bosses).

Like if you can't play terraria you're probs a person that isn't capable of playing video games so i'd suggest doing a ""how to play video games"" course.
(I'd bet you found minecraft difficult and thought this is 2D minecraft and decided to try it instead)

So lets do this quick.

Played it since the start, they said they'll stop updates, had multiple ""final"" updates, they lied, a good lie. A lot of stuff to do in the game, a lot of different blocks, even more weapons now. Base building is so fun and creative, boss fights are extremely fun and different on other difficulties. Game is actually rewarding. Speedrunning it is fun as well. Even when you ""finish"" the game, you still have a lot of stuff to do for fun.
The modding community is on par with Project zomboid community.

Tldr;
-if yer a brainlet that don know how to turn on a PC yer gonna hate this game, otherwise you will love/like it, don't be a skill issue + minecraft is a 3d Simplified terraria

Fun fact, this is one of the first games i got on steam when i was a lil kid.",True,0,0,24358,24358,True,2026-06-14
105600,Terraria,Endless fun from building structures to killing the innocent bunny.,True,0,0,7019,7018,True,2026-06-14
105600,Terraria,"I'm happy I chose Terraria as my first 2D game. It's fun, and I really like its retro style.",True,0,0,839,572,True,2026-06-14
105600,Terraria,"I bought the game very long time ago with some friends. We play on and off but I was never really dig into this game because I was grinding other game in the mean time. After I have finished my other games, I came back to Terraria and this is amazing. The content is big, variety playstyle, build. I am totally obsessed now. Definitely worth the bucks u paid for. Easily play for 100 hours ++. Also this game can be played on both Mac and Windows, so convenient that i can still play this game when i do not have access to my PC at home.",True,0,0,30280,30209,True,2026-06-14
105600,Terraria,"got this on my switch first, but then got it on steam recently so i can play with friends. very fun",True,0,0,504,253,True,2026-06-14
105600,Terraria,After Getting 100% of the achievements I can say with confidence this is a bloody masterpiece that everybody should at least try once.,True,0,0,8489,8489,True,2026-06-14
105600,Terraria,"It's very, very good of a game. Even better with mods, and t-mod loader is free! So if you have this game, but not T-Mod Loader, get T-Mod Loader because mods make this game 10x more fun. It already was realy fun but YES.",True,0,0,15365,15364,True,2026-06-14
105600,Terraria,"I love this game, my friend Edward Cockenheimer told me to play because of the zoologist. I've been hooked ever since. If you have (Insert cost of game here) left and you are struggling to feed your family definitely buy this game.",True,0,0,16556,16556,True,2026-06-14
105600,Terraria,"I love this game there is so much stuff to do, ex. Going into caves, fighting enemies/bosses, and so much more. So buy it already. 10/10",True,0,0,9213,9096,True,2026-06-14
105600,Terraria,"best game and loads of things to do, beat, obtain and accomplish, if you like minecraft and are a bit nifty,  there are way more upgrades and materials and its a great gameplay experiance, especially with friends",True,0,0,2596,2596,False,2026-06-14
105600,Terraria,"Good proggression and boss fights, if you really enjoy the part of minecraft up until you beat the game or get the best tools and weapons then I would recommend Terraria alot. Very moddable",True,0,0,9156,9125,True,2026-06-14
105600,Terraria,"Terraria foi definitivamente o melhor jogo que já joguei, mesmo após mais de 200 horas de jogando ele continua sendo extremamente divertido e entretivo",True,0,0,12315,12315,True,2026-06-14
105600,Terraria,"terraria is my fav game of all time because it looks like 2d minecraft and its sandbox and survival or u can play with mods just like minecraft u can also get tmodloader for mods or just in terraria steam workshop, rn i been playing playing tmodloader if yall never played this game yall should get it its peak. and also it have co-op so u can play up to 4 players so u can survival or sandbox with friends but its not crossplay sadly. but thats my review i recommed playing this solo or co-op. Well then bye guys",True,0,0,5910,5744,True,2026-06-14
105600,Terraria,It's really fun and provides hours of gameplay at an affordable price.,True,0,0,3302,2456,True,2026-06-14
105600,Terraria,This game is really good but there's not much to do after killing all the bosses hopefully they expand the playthrough or make a second one soon.,True,0,0,5688,4793,True,2026-06-13
105600,Terraria,"I bought this game about two weeks ago now and I had low expectations, assuming it was just like minecraft but 2 Dimensional and oh how wrong i was. This game was very fun to play and I went through so many hours so quickly whilst playing. 
Its great if you have an intact attention span, love to improve, love fighting bosses, and can handle a loss. 
I highly recommend getting this game if you havent already, and avoid spoilers all the time.",True,0,0,5068,5006,True,2026-06-13
105600,Terraria,"At first I wasn't fond of the game because there really was no basic information of what to do, until I looked at Let's Plays on the Tube. Love the game ever since getting the basics down and look forward to eventually figuring out how to kill the bosses! 10 out of 10, definitely recommend!",True,0,0,4252,3449,True,2026-06-13
105600,Terraria,"G.O.A.T. 
Nothing will ever change my mind on Terraria. This is thee goat indie game.",True,0,0,2098,2034,True,2026-06-13
105600,Terraria,"I've had this game for over 10 years and still find myself returning to it even at 30 years old. It's just a great time and the community is still so active even after 15 years. Some of my fondest memories have come from late night grinds with friends to prep and fight the next boss, so this game holds a very special place in my heart. Happy 15 years, Terraria!",True,0,0,19594,19337,True,2026-06-13
105600,Terraria,"I highly recommend this game to everyone. Lots say it's rip off minecraft but it's so incredibly amazing. It takes a bit of learning so definitely good to play with others first if you can but the sheer amounts of items, bosses, and crafting recipies makes this game a long and amazing experience even after completing it. The builds can be insane and don't think because it's 2d that you cant change much because you can and it feels 3d when playing. Defo play it!!!",True,0,0,2828,2828,True,2026-06-13
105600,Terraria,perfect game for persons who like choas and hard stuff,True,0,0,63377,63029,True,2026-06-13
105600,Terraria,very goated game.but i will like more eyeballs bossifights because i like playing wiith balls,True,0,0,2970,2368,False,2026-06-13
105600,Terraria,"До хардмода жизнь казалась прекрасной, но друг решил убить стену плоти, спасибо, чтобы выполнить все достижения в этой игре нужно отдать чуть больше половины жизни. О наслаждении игровым процессом можете забыть, игра расчитана на людей с вторым монитором и открытой Википедией или Фандомом.",True,0,0,12120,12092,False,2026-06-13
105600,Terraria,"A very fun RPG, you mine resources to craft gear to fight bosses. Somehow the game ends up being very replay-able, despite you basically doing the same thing each time. Great with or without mods.",True,0,0,24099,23974,True,2026-06-13
105600,Terraria,"Absolutely a VERY fun game to play especially with friends. Also love how many items there are to collect, bosses you can fight, AND building i ABSOLUTELY love building.",True,0,0,867,512,False,2026-06-13
105600,Terraria,"W game, played for six hours than went straight to calamity. recommend it 10/10 game.",True,0,0,4708,3602,False,2026-06-13
105600,Terraria,fun game but i progressed slow because i didnt understand at first but super fun tutorial recomended for first players tho,True,0,0,4896,4882,False,2026-06-13
105600,Terraria,Great game even for potato laptops like mine and absolutely worth the purchase,True,0,0,2078,1872,True,2026-06-13
105600,Terraria,One of the greatest sandbox/action-adventure games you will ever play.,True,0,0,9089,9089,True,2026-06-13
105600,Terraria,"this game is great when you have someone to guide you along, that or you go to the wiki for everything. genuinely love the game quite a lot but the reliance on the wiki for thinks kinda off put me in my first experience that was until I played with a friend and then practically begged to play the rest on my own once I figured things out.",True,0,1,6332,6083,True,2026-06-13
105600,Terraria,Its just a great game. Exploration is cool and the number of items is impressive.,True,0,0,748,412,True,2026-06-13
105600,Terraria,The earlygame can be boring but if you keep playing the game gets way better and more fun. Also the bosses are absolute cinema.,True,0,0,4661,4661,True,2026-06-13
105600,Terraria,"Only had the game for 13 hours on steam but probably played ~250 on switch. This is certainly one of the games of all time
You may farm a hundred of an enemy to get a drop and never get it, and it WILL make you cry out for death or mercy, but you will like it in the end",True,0,0,1741,422,True,2026-06-13
105600,Terraria,"This game is so good, and my playtime does not reflect on this. This is because I have recently switched from Nintendo switch. You can play through the entire game several times and still not be bored. I don’t get how people would dislike this game. On top of that, the modding community is SO awesome. This adds SO much to the game. The art style is so good, and on top of all of that, they have Yo-yos. You can’t get any better than that. My only complaint is about the bats, turtles. It doesn’t matter how far you are. Both will give you hell. Ok bye",True,0,0,4719,4467,True,2026-06-13
105600,Terraria,its really fun and challenging for new players. I recommend learning how to build a base then going to mine for ore in caves :D,True,0,0,3452,3013,True,2026-06-13
105600,Terraria,"had the game when it first came out on the xbox 360, bought the game again when i moved to the xbox one for over 10k hours just to move to pc and buy it a  third time! i could never recommend a game anymore than i would terraria.",True,0,0,13963,13963,True,2026-06-13
105600,Terraria,there is just something so blatantly funny about 22 chopped eyeballs going pew pew on satan and i dont regret my decision on buying this game,True,0,0,8088,7346,True,2026-06-13
105600,Terraria,"Easily one of my favorite games of all time, hands down. From potion farming to mining to exploring to building, terraria really scratches the creative side of my brain.",True,0,0,24281,24186,True,2026-06-13
105600,Terraria,"its fun but incredibly grindy
if you dont wanna grind for a really long time this game really isnt for you",True,0,0,10655,9846,True,2026-06-13
105600,Terraria,Even in 2026 this game is super fun and addicting.  The developers continue to update the game and ensure it runs smoothly.,True,0,0,9551,6113,False,2026-06-13
105600,Terraria,"I genuinely think terraria is an amazing game whether it be it's bosses, items, heck even it's visuals are nice and are now have higher quantity of features and quality of some reworked weapons and visuals (My personal one is the aurora in the ice biome) in the new 1.4.5 update. Terraria is a great game and is usually more for it's boss progression and there is other games out there for building like minecraft if your not really into difficulty games and more building, sandbox ones (Terraria even has a splashscreen that says ""Also try minecraft"").",True,0,0,13457,13009,True,2026-06-13
105600,Terraria,Cool Game it Is very Complicated and Hard sometimes But With Friends it Makes A Lot Of Fun Has Plenty of Content Sooo Much Content Good Game Buy IT,True,0,0,4501,2008,True,2026-06-13
105600,Terraria,"I really enjoyed this game because it has so much depth and lore and bosses. If you got bored you could also play the game with mods. There are many popular mods such as Calamity and thorium. 

Overall i think this game is a very good game if you are skilled enough and have enough persistence to play it.

",True,0,0,16526,16494,True,2026-06-13
105600,Terraria,"Yes, if your into fun open world games to mess around with friends I highly, HIGHLY recommend Terraria, if vanilla gets boring just get Tmod loader and mess around with mods, endless fun!",True,0,0,12922,12922,True,2026-06-12
105600,Terraria,"Usually i feel guilty after playing a game for a long time in a row. 
About a week ago I played Terraria for maybe 8 hours without ever stopping (I was struggling with the Lunatic Cultist because i wasn't noticing that my summons were hitting the fake clones and I had to rebeat Golem like 5 times). 
After beating Moon Lord I never felt so accomplished in my life. I went to eat dinner with no regrets and a huge, proud smile on my face.

11/10 would play 8 hours consecutively three times a week (if only i wasn't emlpoy*d)👍.",True,0,0,3585,3145,True,2026-06-12
105600,Terraria,"Genuinely one of if not my fav sandbox fantasy game. Played a lot on mobile when I was younger, just now coming back with access to a computer. Could not speak more highly of it, and if you want a game like Minecraft that isn't corrupted by a massive corporation who's in it for the money, Terraria is for you. Crossplay coming soon so times couldn't be better!",True,0,0,524,428,True,2026-06-12
105600,Terraria,Just use tModLoader (yes it really is spelt like this) bc you cant get the TRUE modding experience without it.  It's free but you need the base game to play it (dont get mad cuz ya brok),True,0,0,5178,5164,True,2026-06-12
105600,Terraria,"Quite insignificant to even post a review for this game with the massive fanbase but, any negative review is a troll, theres always something to do as progression, or side quests and extra features, your mind just creates a to do list and you end up forgeting what half of it was and just going wherever the game takes you  for hours and hours.",True,0,0,2436,2379,True,2026-06-12
105600,Terraria,"I love play this game with my brother, it's really nice for fun with friends",True,0,0,1760,1760,True,2026-06-12
105600,Terraria,"""Its 2D Minecraft"".

If anyone tells you that show them EOL or Duke, then buy the game thrice on separate platforms cuz this game is goated.",True,0,0,4406,3623,True,2026-06-12
105600,Terraria,"Its full  of content, is challenging, has good community and fun",True,0,0,3546,3379,True,2026-06-12
105600,Terraria,its fun but dont look at the showcased photos at the profile of the game because it is way diffrent!!,True,0,0,2040,962,True,2026-06-12
105600,Terraria,This is one of my favorite games of all time. I have so many hours between the console version and on steam. 10/10,True,0,0,14317,14291,True,2026-06-12
105600,Terraria,"-they slimed out my boi trevor the guide,
-This game is way to hard I can't beat that giant slime boss 
-Game garunteed to lower cortisol and boost testosterone 
-9 out of 10 goblin tinkerers recommend this to their victims",True,0,0,13260,13223,True,2026-06-12
105600,Terraria,This is the best game. It's the best. Get it. Stop reading my review and buy it.,True,0,0,60503,60250,False,2026-06-12
105600,Terraria,"♥♥♥♥♥♥♥♥♥ this game is addictive and good also i recommend after you beat the game at least once and understand it then dowload t modloader also get friends this game is perfectly chaotic with friends
worth the money spent",True,0,0,13250,12588,True,2026-06-12
105600,Terraria,"While difficult to get into the vast amount of content, almost requiring a friend to help get started and even then constantly looking back to the wiki. But past that it's an amazing game with one the best replayability of any other game, with 4 classes, hundreds of weapons, armors, accessories, and more. There are however several nitpicks that you encounter while playing, like long respawn times, slow if not often tedious early game, lack of progression outside of bosses in the endgame, and cool and interesting items and weapons locked behind insanely rare drop chances.",True,0,0,60242,59791,False,2026-06-12
105600,Terraria,"[h1] The most fun I've had for $10! [/h1]
This is the most replayable singleplayer game I have ever played.
Years ago I did 1 successful classic mode playthrough and then my friends kept inviting me to ludicrously hard mode multiplayer worlds that ended prematurely repeatedly. After that I decided to try Master Mode in Singleplayer, thinking that'd be a reasonable adjustment, and that's when I started to really enjoy the game!

In Master Mode all the bosses became a true test of my skills, preparation had meaning because of the added difficulty, and which class one was playing and the optional content mattered a lot more!

The bossfights are impeccable, the variety of weaponry and armor is too, and all classes are in a good place balance wise, my favorite is mage.

I've played all 4 classes through to the end on master mode, the Calamity up to just after Devourer of Gods, The legacy console version and 1.3 expert mode to completion, and I started a new possibly ill-fated multiplayer world with my friends, and at no point at all have I been having any less fun!

[h3] 10/10, would pay $10 again. [/h3]
",True,0,0,73714,73560,True,2026-06-12
105600,Terraria,"Honestly Terraria is an amazing game that will always be top 10 for me.
On the other hand, Jungle turtle, jungle bat, and most other jungle enemies.",True,0,0,2246,2246,True,2026-06-12
105600,Terraria,"yes
",True,0,0,12154,12154,False,2026-06-12
105600,Terraria,"good game, pretty fun, no cap on god bro.",True,0,0,12074,11813,True,2026-06-11
105600,Terraria,"The crimson made me go back and forth too many times, i hate it end game. 
The traveling merchant got me suicidal, very approved.
Loved beating bosses, ✅.
I have a hate/love relationship with this game, i love it!
Beating the Moon lord was very fun.",True,0,0,11508,11508,True,2026-06-11
105600,Terraria,"A very good game that is very mod-able and fun. It's not the most beginner friendly. Although it has a bit of a learning curve, the game itself is great.",True,0,0,404,310,True,2026-06-11
105600,Terraria,"really great game i been wanting to play this for the longest cause it looked so fun the game reached my expections i cant wait to beat the mommy light empress, HIGHLY RECOMMENDED GAME YOU MUST PLAY IF DONT PLAY THIS GAME WHAT ARE YOU DOING WITH YOUR LIFE INSTALL IT NOW.",True,0,0,1806,1155,True,2026-06-11
105600,Terraria,"If you want to grind for hours upon hours on end, want to get a 1 in 500 drop chance item on the 2435-th time, or just lose friendships just to beat the game, then it is a great game. So great game!",True,0,0,21722,21692,True,2026-06-11
105600,Terraria,"any form of bats, ESPECIALLY jungle bats, makes me want to tear my skin off. i kid you not, when i have like 5 bats on me while trying to get my stuff back and everything else comes to kill me. it makes me hate myself for buying the game. 10/10, would recommend.",True,0,0,3765,934,True,2026-06-11
105600,Terraria,recommed it is a very good game judging by my playtime. Also overall it better than minecraft because of the games complexest and it also has a special place in my heart,True,0,0,2840,2094,True,2026-06-11
105600,Terraria,Worth every penny and would trade my internal organs for it if needed.,True,0,1,5192,3818,True,2026-06-11
105600,Terraria,I have been playing this game since its released and what I can tell.. It's perfect. Thanks relogic for creating (and still making it even better) such an awesome game.,True,0,0,14657,14657,True,2026-06-11
105600,Terraria,"This was the first game I have ever played, back when I only had a phone. It helped me make lots of friends and helped me get through a lot of bad times. I love this game. I always enjoy playing it slowly or even trying to speed run it. It's nice to see that it gets updates or crossovers every now and then. New achievements to hunt for! I defintely recommend this lovely game.",True,0,0,54808,53780,True,2026-06-11
105600,Terraria,remarkable game with cracked mod potential :D even after 1000 hours i still refuse to give time to that vile angler >:(,True,0,0,77044,76487,True,2026-06-11
105600,Terraria,"Super addicting. Great gameplay, very cozy. Usually im really bad at games that require fighting monsters but it doesn't matter too much. The game is playable for any fighting level/video gaming level. Def recommend for scaredy cats and non-scaredy cats alike.",True,0,0,1086,755,True,2026-06-11
105600,Terraria,"This game is pretty fun. Its hard and that is what makes it fun. The bosses are really cool and all the weapons are awesome sauce and unique in their own ways like the ranged, melee, and magic things. this game packs ALOT for being a measly Ten Dollars and i would recommend it to anyone who likes stuff like bullet hells.",True,0,0,5310,5310,True,2026-06-11
105600,Terraria,"This game is amazing, the progression is interesting and can be finished without a wiki, different tools feel interesting and fun to use, and the different environments are incredibly fun to traverse/explore. Bosses are super cool and easy to summon/prepare for and the weapons in this game are all varied incredibly well. The classes are all distinct and uniquely engaging, from long range dodging with ranger to mid range whipping with summoner. Extremely long standing and timeless game, 9/10",True,0,0,14592,14592,True,2026-06-11
105600,Terraria,fun open world game that is worth everything you pay for,True,0,0,1568,272,False,2026-06-11
105600,Terraria,very fun and challenging i suggest for people who like adventure games with fighting in them,True,0,0,546,241,True,2026-06-11
105600,Terraria,"As a person who usually doesn't like survival-craft games, this is a very fun game. Played with my friend and its just an all around very good game. Solid 8/10 in my book",True,0,0,2743,2743,False,2026-06-11
105600,Terraria,hehe. funn e block game. Until you realize that you need to start mining for ores then fight an eyeball then mine more ores and then fight the spine of a dead god then mine more ores then /..... cool you killed Cthulhu,True,0,0,15941,15149,True,2026-06-11
105600,Terraria,play game for first time enjoy try to beat game agian give up on skeletron cuz too lazy (but game is peak cinema),True,0,0,14842,14842,True,2026-06-11
105600,Terraria,"Game peak, W bosses, W weapons, nurse, dryad, and zoologist too. I despise jungle bats",True,0,0,15583,13949,True,2026-06-10
105600,Terraria,gulp gulp gulppppp. gulpp gulpp why r u reading this. The game is very good,True,0,0,1519,1312,True,2026-06-10
105600,Terraria,a bit hard to understand in the beginning but an intresting game fs,True,0,0,246,237,True,2026-06-10
105600,Terraria,"I've played Terraria for YEARS on console and mobile, only just getting it on PC rn and the Steam workshop is so fun with all the resource packs XD. Would definitely recommend",True,0,0,899,294,True,2026-06-10
105600,Terraria,"It's terraria, what is there to say? Hmmmmmm, oh yeah! Legendary is brutal. try and play it only with friends. In case anyone doesn't know how to get it, master setting and activate Zenith seed when world making. Only for the best of the best. 10/10 game",True,0,0,10911,10911,True,2026-06-10
105600,Terraria,"One of the best games i have ever played, best sandbox ever, and could probably be played on a Raspberry Pi Zero",True,0,0,27791,27758,True,2026-06-10
105600,Terraria,"After 100 days worth over multiple devices i would suggest a lobotomy for yourself before playing this POS masterpiece, love it, hate it, they nerf summoner in the end anyway.
:C",True,0,0,39928,39926,True,2026-06-10
105600,Terraria,i love terraria best indie game ever liniar progression surprisingly easy to learn i love terraria best game for the price melee cool class,True,0,0,3603,1413,True,2026-06-10
105600,Terraria,the best game  i recommend for minecraft  players ther are  more bosse in  this game and more weapons =),True,0,0,64498,64498,True,2026-06-10
105600,Terraria,"Terraria has peak music, lots of boss fights, there is a lot of items, blocks, weapon. The game never gets boring and even if it gets you can just download mods like calamity to make the game even harder. Totally recommend it 10/10 game.",True,0,0,11037,11037,True,2026-06-10
105600,Terraria,"it has difficulties to fit all personalities and climbing up the ladder is very fulfilling.
this strange version of fun keeps me playing.

P.S. my big sibling plays this with me",True,0,0,39759,38338,False,2026-06-10
105600,Terraria,"I really love all the different types of furniture (chests, lamps, platforms, etc). I like collecting them all. I also like the variety of the statues. 
10/10",True,0,0,4483,4106,True,2026-06-10
105600,Terraria,look i never really got too far into the game i only got to the lunatic cultist on one world but ill tell you right now that this game is absolute cinema with tons of content the only hard thing is learning how to play and when you do that the game gets so fun,True,0,0,2584,2584,True,2026-06-10
105600,Terraria,"When you don't quit the game from dying from bosses over and over, you'll actually love this game and there's tons of things to do!

When defeating the game you can install tModLoader and install some mods to continue playing Terraria.",True,0,0,4636,2565,True,2026-06-10
105600,Terraria,Addictive and super fun game,True,0,0,1098,644,False,2026-06-10
105600,Terraria,"I think that evaryone, shuld play this game. Since it souts almost evary playstyle and have a good modding comunity, if you alredy played, the whole thing.

10/10 game pls try.

Also buff golem he's getting boring.",True,0,0,36869,36677,True,2026-06-10
105600,Terraria,Jeffrey Epstein use to force me to play Pixel gun 3d. When I finally escaped after riding on a fih I stole a pc from the St. Judes hosptial that was used to check on some patient. Anyways I downloaded steam and saw a game similar to pixel gun 3d it was called Terraria the first thing I did was buy it using the money I got from Bill clintons wallet. It is one of the best games I've truley played it has changed my life ever since I got ball cancer 5/5 would recomend,True,0,0,2090,1455,False,2026-06-10
105600,Terraria,"It is a childhood classic game that I've still found fun 13 years later after first playing on the original console version due to the replayable nature in that you can choose a variety of classes and difficulty modes and focus on building intricate houses and structures that may take hours but are incredibly rewarding as you can fit multiple NPC's in them. 100000/10
",True,0,0,2604,2254,True,2026-06-10
105600,Terraria,been playing since 2014 and still havent beat the game. Still cant find lepus so progresions a little tuff.,True,0,0,20074,19950,True,2026-06-10
105600,Terraria,I miss the nostalgia of the console days but this game still holds up and is still going as strong as ever.,True,0,0,21566,21520,True,2026-06-10
105600,Terraria,"Very well made game. If you like exploring open worlds and survival games like Minecraft, I bet you will like this one, its my favorite survival game so far.",True,0,0,5162,1072,True,2026-06-10
105600,Terraria,"this game is super fun and would recommend it to anyone who likes minecraft but wants more bosses, challenges and weapon verity.",True,0,0,23093,23093,True,2026-06-10
105600,Terraria,"Great game, lot's of things do to and features.",True,0,0,845,694,True,2026-06-10
105600,Terraria,"I've beaten a bunch of bosses, but this game has the best areas",True,0,0,2521,956,True,2026-06-10
105600,Terraria,"It's a very fun sandbox game. With a very lively mod library, very skilled and polite community, and a lot of content to chew through (not to mention continued dev support), Terraria is definitely one for the history books.",True,0,0,5348,5348,True,2026-06-10
105600,Terraria,"One of my fav games and forever will be, as long as it doesn't keep getting milked with ""last"" update part 99 with some collab, i wish mastermode was more thought out its just expert but enemies are damage sponge, just make calamity a dlc or something instead.",True,0,0,19271,17699,True,2026-06-10
105600,Terraria,"It's a very good game, maybe too addicting. The game is very adventurous and fun.",True,0,0,3054,2265,True,2026-06-10
105600,Terraria,"TBH it better than MC for some parts like weapon and fight part also npc and quests,really enjoyable and relaxing.",True,0,0,4742,4742,True,2026-06-10
105600,Terraria,"Avoided this game for years because I foolishly thought it was just ""2-D Minecraft"". I'm holding the L, this game is great.",True,0,0,2464,2464,False,2026-06-09
105600,Terraria,"Great game. A real classic. Its a chill game that you can relax and enjoy, but remember to focus up when fighting a boss. I don't have much time on it but have enjoyed watching it and playing at friends houses in the past.",True,0,0,632,586,False,2026-06-09
105600,Terraria,This game is very recommended by me because this game has vast options and this is also a very good sandbox better than minecraft,True,0,0,1468,1036,True,2026-06-09
105600,Terraria,This game is so absotutley amazing and awsome and the best game ever so play it and thank the heavens that you were given such a blessed oppritunity to play this masterpiece of a game. Absolute cinema.,True,0,0,22013,21990,True,2026-06-09
105600,Terraria,"The Terraria Theorem:

- Friend buys Terraria
- You play together
- Get frustrated early 
- Get to hardmode
- Enjoy game 
- Want to replay and try another build
- Invites their friend to buy Terraria
- Friend buys Terraria",True,0,0,42757,41553,True,2026-06-09
105600,Terraria,"One of the best games ever created, in my opinion. This game has an endless amount of content, and all of it has love clearly put into it. all of the bosses in the game are super well designed, like for example, [spoiler]the eye of cthullu, in expert or master mode has a special dash ability in its phase 2, adding an additional challenge[/spoiler] another thing i'd like to talk about, are the environments, each having their own respective enemys, and some even have their own minibosses, and even bosses centered around that biom, and each of them are designed greatly, and the soundtrack is straight PEAK. in your first time playing this game, you wont complete the entire game in a day, heck it may even take a month or more if you want to 100% it, even I myself at the time writing this, is still not even halveway through the game! another thing is, the modding community. the modding community truly outdo theirselves in every aspect of the word, adding hundreeds of hours of new content (i'm looking at you calamity) and some mods completely reworking base bosses! like the mechbosses rework mod, specificall the one that adds the mechanichal bee, brain, and wall. and it doesnt mattter how you play in this game, what matters is? you have fun.",True,0,0,2674,2532,True,2026-06-09
105600,Terraria,"i played this game 7 hours every few days but now i cant play it since it wont open for some reason, games peak tho you get to fly if you get wings and get to get cool swords and peak boss themes games just really good i rate 8.5/10",True,0,0,1392,1392,True,2026-06-09
105600,Terraria,"Great game, good balance of building and adventure. Amazing that developers putting so much care into game so many years after the release.",True,0,0,5332,5332,False,2026-06-09
105600,Terraria,"I like this game so much that I unironically never finished it. Been playing it on and off since 2014 or something, with a gap of 3-4 years. Idk why it's such a consistent thing",True,0,0,8185,8184,True,2026-06-09
367520,Hollow Knight,"I didn't really care about this game at first. I had just bought a Humble Bundle pack that included Hollow Knight.

My girlfriend told me she liked the art style and visuals, so I downloaded it and we played through the game together all the way to 112%.

It became my favorite indie game of all time and, in my opinion, the perfect metroidvania.

The art design, characters, atmosphere, challenging combat, and platforming are all outstanding. You can tell this game was made with genuine passion and care.

Unfortunately, Silksong didn't resonate with me (or my girlfriend) as much as the original, so it hasn't surpassed Hollow Knight for me—at least not yet.

An absolute must-play.

10/10",True,76,0,16923,16213,False,2026-06-05
367520,Hollow Knight,"-Beautiful art style.
-Great OST.
-Lovely story.
-Hard gameplay.

10/10

",True,46,0,11292,11292,True,2026-05-20
367520,Hollow Knight,"(I rank with a 5 star system)

Overall Impression

Hollow knight is a 2D Metroidvania that I didn’t think much of in the year 2026 considering where gaming is today. I was completely wrong. This game I felt was so simple has become one of my all-time favorite games.

Gameplay ★ ★ ★ ★ ★

Hollow Knight is very expansive game. Large map and a plethora of abilities to unlock. It also doesn’t hold your hand much so you’re left to discover and roam around the map. At times I was lost and I learned to make use of my map and mark things or points to come back to. I also love the combat. I am biased as souls-like is my favorite genre and this game brings a lot of it. From enemies to bosses I found my share of difficulty.

Story ★ ★ ★ 

I feel as though most souls-like lack a direct story most times and are somewhat ambiguous. Though I get the general story the lore is much more rich as to why everything is happening. I watched a YouTube vid that gave me more of an understanding and much more appreciation and intrigue to the story of Hallownest. Unfortunately without the lore hunters I don’t feel as though I’d understand as much of what’s going on just from my own playthrough.

Graphics/Visual Style/Audio ★ ★ ★ ★ ★

Though this is a 2D game I didn’t think I could appreciate as much as I did the art. Each biome felt like a completely different land and all of the interactions and art all fit within the theme of each biome. Very immersive. I would say the audio was decent and not too much to write home (I’m not really an audiophile) about other than it was good and matched most of the biomes and bosses that I’d fight.

Performance ★ ★ ★ ★ ★

Game is optimized well with no bugs to mention in my playthrough. I played the whole game using a controller. Very intuitive controls. Good UI that’s easy to navigate. 

Length/Replayability/Value ★ ★ ★ ★ ★

The game is decently long as I got lost and there’s some difficulty while learning bosses. It took me around 20hrs or so to beat the first time. There’s a lot of replayability if you’re an achievement hunter like me. And especially the Godhome expansion where it challenges you more and more through an intense gauntlet. Insane value for the price considering I have over 100hrs.

Pros/Cons

I feel as though the pros and cons can be on the same list for many but for me personally I enjoy the combat, exploration, immersion, biomes and map, and rich lore.

Final Verdict ★ ★ ★ ★ ★

One of my all-time favorite games and definite recommend!",True,18,1,8566,8566,True,2026-05-21
367520,Hollow Knight,"Hollow Knight is a side-scrolling adventure game built around exploration and movement through connected areas. The visual style is hand-drawn and detailed, with a dark tone that gives each region a distinct identity. 

There is very little direct instruction on where to go, so progress mainly comes from paying attention to surroundings and slowly learning how different paths connect. At first it can feel unclear, but over time the layout starts to make more sense as new routes open after gaining movement abilities.

Movement between areas often requires returning to earlier places once new skills are obtained, which changes how older sections are viewed. Each region has its own map structure that has to be uncovered step by step, and locating mapping points becomes important for keeping track of routes. 

The combat is based on timing and positioning rather than simple attacks, with enemies following different patterns that require adjustment in approach. It is a highly engaging experience that rewards patience and exploration, and is a strong choice for those who like interconnected world design and skill-based progression.

I played the game using keyboard and mouse despite having an Xbox controller, because I personally prefer keyboard and mouse controls, even though I assume most players would choose a controller. To check and set up the keyboard and mouse binds, a screenshot of the layout is attached below as a reference for keyboard and mouse players.

Overall, the game offers a large world with many hidden routes, optional paths, and multiple possible outcomes based on how much is discovered. The control system works well and allows precise movement during both platform sections and battles. It stands out as a well-crafted experience with attention to detail and steady exploration throughout the entire journey from start to finish.

https://steamcommunity.com/sharedfiles/filedetails/?id=3733128589",True,8,0,8392,8392,True,2026-06-08
367520,Hollow Knight,A really lovely game with amazing music and visuals. 10/10 would recommend,True,6,0,5286,4131,False,2026-05-29
367520,Hollow Knight,"absolutely breathtaking game. perhaps the best i have ever played. 

upsides:
- immersion is next level. perhaps the most entranced i have felt by a fictional world. getting lost in the environment of hollownest was an experience like no other
- incredible sound design, ost, artstyle. i love its moody gothic aesthetic contrasting with the cute npcs
- lore is amazing. best environmental storytelling i have seen in a game.
- combat is challenging, but rewarding and satisfying

downsides:
- takes a while to get into it: presevere, don't ragequit for two years and then only return to it later like i did. i had no idea what i was missing out on.
- combat can be punishing at times.
- lore can be obscure and hard to piece together. but that's easily fixed by watching mossbag's lore video on youtube (go watch it it's a banger)
- lots of bugs (get it?)

conclusion: it's more than just video game, it's an experience. the hype is real. play hollow knight. if you like any sort of non-linear, combat-heavy, exploration-heavy video games, or just indie games that are obviously crafted with nothing but pure love and unrivaled talent, play this game. seriously. you won't regret it.",True,7,0,5065,5065,True,2026-05-21
367520,Hollow Knight,Game feels to short. And quit looking for negative comments this game is amazing and everyone better believe it.,False,15,8,1395,1373,True,2026-05-28
367520,Hollow Knight,"this game cost a lil too little for the content. . .
can i give Team Cherry my money?

oh, btw, primal aspids are USELESS and ♥♥♥♥♥♥♥ ♥♥♥♥",False,8,8,20295,18830,True,2026-05-24
367520,Hollow Knight,"Dying multiple times is part of the game, just accept that!! That's what I tell myself when I spend hours in trying to beat a boss. It's a challenging game, lots of hair pulling fun! It has beautiful artwork, smooth movement and interesting lore. I recommend for the players who loves a free-roaming type gameplay, challenging boss fights and patient enough to not rage quit.",True,2,0,2190,1945,True,2026-06-14
367520,Hollow Knight,"Hollow Knight is one of those rare games that completely pulled me in from start to finish. At first, I thought it was just another indie platformer, but the deeper I explored Hallownest, the more I realized how much care and passion went into every part of the game. The world feels alive despite being a fallen kingdom, with beautiful environments, memorable characters, and an atmosphere that constantly makes you want to see what's around the next corner.

The exploration is incredibly rewarding because the game doesn't hold your hand. Every new area feels like a genuine discovery, and finding hidden paths or secrets always gave me a sense of accomplishment. The combat is simple but satisfying, and the boss fights are some of the best I've experienced in a Metroidvania game. Many of them took me multiple attempts, but defeating them never felt unfair—it felt earned.

The soundtrack deserves special praise as well. It perfectly matches the mood of each area and made many moments even more memorable. While the game can be challenging and sometimes leaves you feeling lost, that's also part of what makes the adventure so special.

If you enjoy exploration, challenging combat, and games that trust players to figure things out on their own, Hollow Knight is an easy recommendation. It's easily one of the best indie games I've ever played and absolutely worth every hour I spent in it.",True,2,0,1899,1899,True,2026-06-07
367520,Hollow Knight,"I have a massive love-hate relationship with Hollow Knight. There were moments where I genuinely wanted to throw my controller at the wall, turn off my console, and pretend this game didn't exist. It is brutal, unforgiving, and tests your patience like nothing else.Let’s just get this out of the way: The Path of Pain is actual, literal torture. Spending hours dying on the exact same set of spikes, mistiming a double-jump by a millisecond, and hearing that relentless buzzsaw sound effect on loop almost broke my spirit. Team Cherry really leaned into the ""pain"" part of that title.
And it’s not just White Palace; it's getting lost in the Deepnest with no map, losing thousands of Geo because you died on the way back to your shade, and hitting a brick wall against bosses like Nightmare King Grimm or Absolute Radiance. There were times I felt genuinely defeated.",True,1,0,1993,1987,True,2026-06-15
367520,Hollow Knight,"This game gets it's reputation for a reason. It is amazing from start to finish with some difficult bosses that all have amazing designs. Every song is amazing from the ambient music to the boss fights. 

Usually it is impossible for me to replay games after I beat them or do post game unless i really liked the game, but this game has me coming back to play it to try and get all achievements and the pantheons. Happy to see that there is a speed run community so even after i do everything I would want to do normally I can eventually learn how to speed run this amazing game.",True,1,0,4254,4173,True,2026-06-15
367520,Hollow Knight,Great game amazing bosses but its not for everyone at the beginning it is confusing and hard  but once you get past those first few hours its amazing.,True,1,0,12975,12934,False,2026-06-13
367520,Hollow Knight,"This is my favorite game of all time. Ever since I first saw this game I knew I loved it. There's a reason this was my first ever steam game back in 2024. Hollow Knight just has so many amazing aspects to it that I personally till this day have never quite seen in another game. The amazing storyline mixed with the amazing 2D art style, mixed with the amazing designs of all the stupid yet cool bugs let alone the sheer amount there are. Not only that but the incredible OST in this game is top notch and the challenge is amazing as well. If it isn't obvious enough I love this game and I highly recommend you give it a try. And if, no WHEN you love and finish this game I would also recommend getting the sequel: Silksong. I haven't finished it yet but I'm having a blast playing it. Anyways thanks for listening or reading I guess idk.",True,1,0,3246,3246,True,2026-06-11
367520,Hollow Knight,"Hollow knight has to be one of the greatest games I've ever played. The atmosphere, music, gameplay, and overall experience with this game left me in disbelief. This game was my introduction into the metroidvania genre and I don't regret it whatsoever. And the cherry on top is this game was only created by a team of 3 people, truly a masterpiece.",True,1,0,10462,10457,True,2026-06-11
367520,Hollow Knight,Hard game with souls like gameplay. World building is great and improving your abilities is done in a fun way because it pushes you to explore the map. Love the music and atmosphere.,True,1,0,2160,1676,False,2026-06-08
367520,Hollow Knight,"""To witness secrets sealed, one must endure the harshest punishment.""
Does 112% the game multiple times, including Path of Pain, for fun count?
Maybe the wait for Silksong does.",True,1,0,29313,29313,True,2026-06-06
367520,Hollow Knight,Hollow knight is amazing game if you are interested about a collapsed kingdom.Additionally every area has something to do whick makes hollow knight slightly better than silksong imo.BUY THE GAME NOW!!!!,True,1,0,5575,5323,True,2026-06-05
367520,Hollow Knight,"This isn't just a game, it's a masterpiece.
""No cost too great. No mind to think. No will to break.""
One of the best games I've ever played.",True,1,0,15383,15383,True,2026-06-05
367520,Hollow Knight,"Patience and curiosity are highly valued and rewarded in this game. If you possess neither of those traits, worry not, the game will instill them into you, one way or another, while you enjoy the soundtracks, story and battles.

10 lost bugs out of 10.",True,1,0,4096,4096,True,2026-06-04
367520,Hollow Knight,exquisite game where you can obliterate any foolish insect in your way as you are the knight however you are actually not the hollow knight despite being hollow and a knight and the protagonist find out more on www.oompaloompaswingling.com about this essential information that is tuff in taiwanese history,True,1,0,2111,685,True,2026-05-31
367520,Hollow Knight,"This game is just magestic i dont the best computer but still with 20 fps i managed to finish and witness this peak game. The story is amazing, the music is one of the best i ahve head ever. If you are thinking of getting this game just dont think twice, get it.",True,1,0,5426,4663,True,2026-05-30
367520,Hollow Knight,"Not worth 15 dollars, it worth WAY more. The art style, the combat, the movement- it's all so ♥♥♥♥♥♥♥♥ good. As of writing this review I just unlocked the true ending to this game and it's one of two games to make me shed a tear while watching the end credits roll. Not just because of the story, because of what I've overcome from the game and mentally. There were times where I wanted to quit because of a boss I got stuck on or a certain place where I kept on dying (iykyk). But I kept on playing because it kept on hooking me back in for more and more. There isn't much I can say without spoiling certain boss fights or areas in the game so I will leave it at that.

Please play this game, you won't regret it. :]

(unless you don't like bugs and have severe Arachnophobia, if that's the case don't play it LOL)",True,1,0,2764,2405,True,2026-05-28
367520,Hollow Knight,"Amazing game with great athmospere, music and visuals
Was fun but with goosebumps and day'n'night playing",True,1,0,11988,9122,True,2026-05-27
367520,Hollow Knight,"I just can't express how great of a game Hollow Knight is. From simple gameplay mechanics to a beautiful soundtrack and amazing art direction, Hollow Knight is by far one of the best video games I have ever played. 

The story is epic, tragic and beautiful. Even though the lore isn't explicitly told through the game, the mystery adds to the depth of the story as well. Alongside lore, there is huge diversity of characters, both enemies and NPCs that make the world of Hollow Knight alive. Once you enter Greenpath, you will begin appreciating the art direction. The designs and artistic choices of the locations also is involved in the story telling which is very cool. The soundtrack is a masterpiece on its own, and I think you will start to realize it once you get into City of Tears. 

I would like to write why do I love this game so much but it would be a very long review, so to sum all this up, Hollow Knight excels in so many ways. It is not everyone's cup of tea, but if you are interested in this game in any way, I recommend you giving a try. And take your time playing this game, don't rush it. The first-time experience is something different.

10/10 game in my opinion. Try Hollow Knight: Silksong as well if you like this game.",True,1,0,9741,9452,True,2026-05-27
367520,Hollow Knight,"Amazing artwork scenery, you can clearly tell the love they've put into this game and it's awe-inspiring from the moment you click on your first save file. Impressive soundtrack, I listen to the OSTs daily, wonderful way to study/sleep. Subtle storytelling, my heart shatters with how tragic this game actually is. Overall, 10/10 game, would wipe my memory just so I could play this for the first time again.",True,1,0,15253,15113,False,2026-05-27
367520,Hollow Knight,im just so mind blown that a game could make me love playing games again. I havent played a game so much since my childhood and here i am 180 hours later. Just amazing,True,1,0,11200,10699,True,2026-05-26
367520,Hollow Knight,"The reason why everyone always talks about how good this game is...
is probably because its good.

Guess you should check this heavily glazed thing out, right?",True,1,0,4051,4051,False,2026-05-25
367520,Hollow Knight,"One of my favorite games of all time! Beautiful scenery and incredible music. Going for 100% can be challenging but very satisfying to finally acheive. Go on, play it!",True,1,0,11064,11064,True,2026-05-25
367520,Hollow Knight,"[h2] Very fun but challenging game [/h2]
I didn´t pay attention to the lore and story very much but I enjoyed the main game a lot.
The base game bosses were interesting and unique but not a big hurdle to overcome. Only [spoiler] nosk[/spoiler] was a disaster. 
The 100% grind was justifiable and the game challenged me real hard on the Pantheons. Speedruns and steel soul was completly fine and doable.",True,1,0,6329,6329,True,2026-05-23
367520,Hollow Knight,"Love it but for average gamer may be hard so if you get stuck use a tutorial 

update enjoy it so much got lv 5 badge and foil",True,1,0,3079,3079,True,2026-05-21
367520,Hollow Knight,"Incredible game with perfect story when you read into the lore, and if you don't care about lore, or story similar to me the gameplay is excellent with the game constantly challenging you at every stage of the game without making it so hard you quit. Overall incredible game with wonderful story and gameplay.",True,1,0,14929,14929,True,2026-05-21
367520,Hollow Knight,easier than silksong but equally as fun to explore and dive into the world.,True,1,0,2857,2629,True,2026-05-18
367520,Hollow Knight,"Most cozy, atmospheric, chill ass game i've ever played.",True,3,0,8578,8430,True,2026-05-28
367520,Hollow Knight,"One of my favorite things in video games is movement. I have sunk thousands of hours into schmovement for games with deep systems like Melee and TF2. So when I say this game's movement is fantastic, I consider that a glowing review. The environments and soundtrack are both enchanting, the creature designs are very cute, and exploring is innately rewarding, but holy MOLY the movement in this game is amazing.",True,1,0,2079,1651,True,2026-06-10
367520,Hollow Knight,"One of the best Indie-Games ever. Has a learning curve. The Dark Souls of platforming. 

Even if you don't like platformers, play it. I didn't and I absolutely had a phenomenal time.",True,1,0,4964,4394,True,2026-06-02
367520,Hollow Knight,"The Best Game in my life, my little ghost is the most op character in the universe and i want to see him again in the ""indie cross"" reborn, at least i have hope on it. i have finished with almost every ending possible, the only problem is not the ""path of pain"", it was easy, but a ""hall of gods"" and its challenges. after my exams i am going to pass that limit too and then start the ""hollow knight: silksong"" which i will buy later. love this game with its music very much, love Christopher Larkin and Team Cherry <3",True,1,0,4061,4061,True,2026-05-23
367520,Hollow Knight,One of the best indie games ever made and probably the only Metroidvenia I'll ever enjoy to play.,True,2,0,2263,417,True,2026-05-18
367520,Hollow Knight,"it is a really good game but markoth is the worst boss and I hate him, he shouldn't be in the game",True,1,0,5786,5270,True,2026-06-09
367520,Hollow Knight,Very impressive game. Went in blind only knowing about the praise it gets. I expected a short and sweet experience. What I got was an impressively substantial game with never a dull moment.,True,1,0,1930,1930,False,2026-05-24
367520,Hollow Knight,"Great game play it.

im hollowing my knight and i soon hope to be silking my song...",True,1,0,6546,6546,False,2026-06-02
367520,Hollow Knight,"This game is so fun in almost every aspect.
The music is amazing, the movement is so clean and has no input buffering. The artwork is so cool everywhere. It has your basic completion ending, a secret ending, and a really difficult ending, if has everything.",True,1,0,12543,12523,True,2026-05-27
367520,Hollow Knight,"Masterpiece, everything is perfect,. the music, the gameplay and the lore in this game is rich,. one of my all time fav game all the time",True,0,0,3450,3450,True,2026-06-16
367520,Hollow Knight,It is the gold standard for Metroidvania games. Beat this game before you even think that a similar one is more worth your time.,True,0,0,326,326,False,2026-06-16
367520,Hollow Knight,"amazing. So much replayability. 112% completed it like 4 times across different accounts and thinking of doing it again. God Home is fun. Beautiful music 
",True,0,0,4489,4489,True,2026-06-16
367520,Hollow Knight,"the graphics are SOOOO PRETTYYYYY. And the game play too, it is smooth and indeed challenging",True,0,0,3572,3536,True,2026-06-16
367520,Hollow Knight,"Just peak. Everything matches perfectly, the maps, the music, the enemies, its just so perfect",True,0,0,769,769,False,2026-06-16
367520,Hollow Knight,"After 9.5+ hours in and Hollow Knight has been an amazing experience so far. Beautiful visuals, fantastic music, rewarding exploration, and challenging combat that never gets old. Every time I play, I find something new. Definitely worth checking out.",True,0,0,575,575,True,2026-06-16
367520,Hollow Knight,"This is one of those games I think everyone should try at least TWICE. If it did not catch on for you the first time you NEED to try again. That's what happened to me, I played, thought it was okay and stopped playing for a bit. So much time passed since I played I felt I needed to start again. So I started a new save file, and it just clicked for me.

Hollow knight is honestly one of the best games I have ever played. It's up there with all the fromsoft games, rdr2, re4, gow4, you know, all those games everyone loves. I even think it could be in the top 100.

The gameplay is incredible, combat is satisfying when you get it down, exploration is addicting, platforming is also very fun.

One of the things I think the game does best is how it creates a dense atmosphere for you to immerse in. That atmosphere is so unique and one that is hard to get out of. Its like I was in a trance any time I was playing. The music, visuals, and dialogue are the biggest contributors to this. The music is absolutely sublime, like there are some actual bangers in here. The art style is adorable and pleasant to look at. All of that coupled with an incredibly interesting lore that's told through npc dialogue and old tablets. Peak.

The amount of time you could spend and enjoy for the price of this title is literal robbery. It took me 43ish hours to get 112% completion, and there's still stuff for me to do. I would have paid 60 bones for this bruh. I will definitely come back some time and put in even more time to get all the achievements. That's how much I love this game.


tl;dr If you are wondering if this is worth your time and money, yes, it is. Even if you could not see yourself playing this game, bruh just try it bc ts is peak.",True,0,0,2918,2918,True,2026-06-16
367520,Hollow Knight,"really cool game, can be be game giving up on early but taking some time and its a great Metroidvania",True,0,0,952,952,True,2026-06-16
367520,Hollow Knight,"Absolutely worth the price, I've recommended to a friend who quit it but it's become a fast favorite for me, I might even say this game is my favorite dethroning subnautica. I love this game and for 15 bucks I'd buy 10 times over",True,0,0,7310,7080,True,2026-06-16
367520,Hollow Knight,"Hollow Knight is one of the single greatest games of all time, it has phenomenal music and art, adorable creatures,  very intriguing lore, simple yet amazing systems. Most importantly, it balances difficulty and enjoyability perfectly. it is without a doubt, a game I would recommend to anyone and everyone.",True,0,0,1096,1096,True,2026-06-16
367520,Hollow Knight,This is my very first game that I have ever played on this computer and to say the least its a pretty good game as long as you give it a real shot it can be the best experience you can have and by all means I am not that great of a gamer and I managed to beat most of the bosses in the game. I would say it's pretty good.,True,0,0,12428,12428,True,2026-06-16
367520,Hollow Knight,"I will never forget playing this game for the first time, the feeling it gave me was unlike any other, truly a well made game and a masterpiece in storytelling, and the soundtrack is pure ART, definitely my favorite game of all time",True,0,0,96,96,True,2026-06-16
367520,Hollow Knight,"The more I think about Hollow Knight, the more miraculous it seems. The game is extremely large, yet feels extremely focused. Nothing feels out of place, everything is in line with the game's identity. The exploration, combat, music, art, lore, tone, and more things I can't be bothered to name, are all fantastic. Hollow Knight can be frustrating,  but it's usually the good kind of frustration. It's not a perfect game, but it's the best I've ever played. Absolutely recommend.",True,0,0,13316,13316,True,2026-06-16
367520,Hollow Knight,I spent way too many hours in this game to have any complaints. I am just REALLY bad at it. 10/10 game no notes,True,0,0,5697,5697,True,2026-06-16
367520,Hollow Knight,"[SPOILER-FREE REVIEW]

Hollow Knight is an insane masterpiece, from its design to its code. When I first hopped in, I barely had any idea what to expect. After playing and nabbing all 63 achievements, I can confirm that this game itself was its own achievement. How it pushes the player and enhances their skill and coordination is what made it stand out to me. I'll be using this review to share my experience in Hallownest and why you should accept the invitation down into the void, too.

What first appeals to the eye with this game has to be the atmosphere. For an indie game made by a small team, the art is way ahead of its time. Depending on where you go, it blends with the whole scene and gives you an accurate mood of what the heck I'm about to see. Following off the atmosphere, the music is absolutely astonishing. From a faint violin to a dramatic orchestra, Mr. Larkin sure knows how to set the tone for the world and the battles.

Now, let's talk about the battles. You're a tiny, insignificant ""insect"" who wields a nail pried off your father's carpentry build, going against enemies five times your size. From a big mosquito devouring a pest, to an energetic rolly-polly-ahh red beetle living in the sewers. Each enemy and battle provides a unique experience, challenging you to learn off their movesets and your mistakes, and parrying them with a strategized comeback. Every encounter will be different, and it is up to you how you will follow through.

Best of all, the story. There may seem to be no book whatsoever in such barren caverns, but when you begin to give life to the quiet, the lost pages are found and the lore goes far deeper. Why are we here? Why does this character look familiar? Why are we drinking orange juice? When you uncover the truth, it may be too late to revert the changes... but that's why you're here - to resume the journey as the Hollow Knight.

But the story is not all. The wind's the limit where many secrets and collectibles can be uncovered. Discover remnants of Hallownest, or unlock useful/why-do-I-need-this thingamajigs. Take on different challenges and brush off a lost fragment of memories. How you wish to tell the tale is based off what you can find and what you can master.

Overall, I highly recommend playing Hollow Knight or watching the gameplay yourself. Either way, you will go through an incredible journey. A little adventurer, only learning that ambition costs them. A lot. You might feel strong, but your strength isn't just for battling. It's for the unexpected. If you hatched from your egg, where will you traverse? How are you going to hold that burden? Is it worth it?

My answers? Yes, yes, and... ... ... nah, I'm just messing with you. That little knight shows no expression whatsoever - it's born to kill. Go on out there and slaughter everything in sight!",True,0,0,6517,6501,True,2026-06-16
367520,Hollow Knight,"Absolutely adore it, the art is so cool and this is such a good way to relax after a long day.",True,0,0,1523,1356,False,2026-06-16
367520,Hollow Knight,"Very fun, when i first played i got mad, but on my second playthrough, the game was alot more funny and easier than what it was before, trust me this game is good",True,0,0,2939,2838,True,2026-06-16
367520,Hollow Knight,"I love side-scrolling games like this, with a huge open world, and epic bosses.",True,0,0,639,617,False,2026-06-16
367520,Hollow Knight,"Man, this game reminds me of those 2D flash side-scrollers. Every background looks like a painting, and the atmosphere is cold and lonely, inducing some anxiety as you explore this large, almost open-world map. The story is told almost entirely through its setting without screaming at you. Instead, it conceals itself in the back of your mind, until you reach a certain point in the game.

Admittedly, the bosses are hard, but not as punishing as most soulsbornes (with the exception of a few + post-game). Movement is very snappy, and feels very quick and satisfying as the game progresses. Platforming isn't that hard, but do expect to get stuck at some points. 

If you like FromSoftware's games, this is basically a 2D version of that. 9/10",True,0,0,3973,3973,True,2026-06-16
367520,Hollow Knight,Literally so good. Just the first dungeon (the forgotten crossroads) is kinda long and boring. After you are done with that Greenpath and the other areas are way better. Such a good game.,True,0,0,883,775,True,2026-06-16
367520,Hollow Knight,"Absolute gem. Though it can test your patience at the start for how slow it feels, but once you progress through trial and error, it becomes really fun. Huge recommend, even if it's not for everyone.",True,0,0,16962,16962,True,2026-06-16
367520,Hollow Knight,"10/10 Love the game, the story & the characters. It's such a good game and I hope you love (Or like) the game to. Remember this game is hard at times and it's okay to look up a video on where to go also remember that there are some nasty enimies or noises in some of the more spooky places of this world and I can understand how you may feel IDK maybe mute your computer if you don't like it. remember there are lots the endings and stuff to find like the STAG NEST or the GODSEEKER (IDk i just wanted to use caps lock for the names of some of this stuff). IDK what the naem of the character you play as is but I know lots of people call the little guy THE KNIGHT (You don't have to say it with the THE but like you can do the same with the HOLLOW KNIGHT) BTW you don't play as the HOLLOW KNIGHT even tho the emoji is called HOLLOW KNIGHT don't trust what the emojis are called cuz the KNIGHTS SHADE is called SHADOW KNIGHT or at lest that's what i remember it being named but all i know about the emojis or that the names for them are very, VERY, VERY WRONG! I hope you love this game also if you're done this game IDK maybe 120% the game then try of HOLLOW KNIGHT SILK SONG where you get to play as HORNET (The game is as good of what i know i have not checked it out for myself yet but I've seen videos of the game)! If you have made it this far thank you for reading this all I hope you hve a good day bye now! :D",True,0,0,2276,2183,True,2026-06-16
367520,Hollow Knight,"I like the fighting mechanics and how its always fair, but sometimes the navagation is stupidly annoying or hard, Ive 112 percented this game on switch so ik what im saying, or not.",True,0,0,266,266,True,2026-06-15
367520,Hollow Knight,"Unbelievable Masterpiece. I still can't believe this absolute masterpiece was made by just 3 people. The game feel is perfect, the world design is breathtaking, and every single upgrade opens up the map in the most satisfying way. If you love deep exploration, tight combat, and a great challenge, do yourself a favor and buy this immediately. 10/10",True,0,0,975,844,False,2026-06-15
367520,Hollow Knight,"Jogo muito bom (melhor jogo do universo INTEIRO) ,achei que eu ia vencer tudo de primeira (passei tudo na quadragésima sexta vez ou mais ),sofri muito ,recomendo demais ,só não recomendo matar o Boss do final verdadeiro nem pesquisar a animação no YouTube “skeleton” ,se você for muito fã ,você vai chorar",True,0,0,5840,5840,True,2026-06-15
367520,Hollow Knight,"beautiful game, i have 400 hours on playstation and have a 112% save file. Highly recommended",True,0,0,449,300,True,2026-06-15
367520,Hollow Knight,"it is the    game since sliced bug.
not for everyone, and not particularly easy.
but is",True,0,0,11059,10982,True,2026-06-15
367520,Hollow Knight,peak game definitely my top 5 games oat only problem I have with this game is how repetitive godhome is but everthing else is good,True,0,0,3092,3092,True,2026-06-15
367520,Hollow Knight,This game can be sometimes rewarding and sometimes frustrating. but still enjoyable and  great way to kill some time,True,0,0,792,792,True,2026-06-15
367520,Hollow Knight,"If you like metroidvania with calming music, stunning hand-drawn backgrounds, and adorable character designs, you will love this game. The controls and combat can feel difficult at first, but they become more intuitive as you progress. 5 out of 5 stars for me",True,0,0,9457,9457,False,2026-06-15
367520,Hollow Knight,"Dude this game is amazing I had it in my collection for a while and only recently started playing because of a friend. The art, music, movment, story, almost everything about this game is amazing!!! The game is slow at first but gains momentum fast! One of the best games ever!!!",True,0,0,364,364,True,2026-06-15
367520,Hollow Knight,"This game just about beat me to death. It is the most hair-raising experience I've had since the first time I played Dark Souls 1 at the age of 15. Any game that can bring me much longed-for feelings of discovery and accomplishment since I've not experienced in 12 years has my vote. Buy it. 
Now I can't wait for Silksong to rip my neck open with its bare hands and ask me if I've had enough.",True,0,0,3972,3971,False,2026-06-15
367520,Hollow Knight,"This game forced me to get better. I'm still not good, but I've improved.",True,0,0,6014,6014,True,2026-06-15
367520,Hollow Knight,"If you're wondering whether you should try this game in 2026, the answer is probably yes. It's a great game, and it deserves all the praise it receives. That said, there are some annoying aspects of the game.

The movement is incredibly tight, and I always felt like it was my fault when I died - there's no annoying hitboxes or anything (in fact, I found the hitboxes pretty generous). All of the bosses, I think, are fantastic. They never felt unfair to me. The artstyle and atmosphere is wonderful. Within an area, different rooms could look pretty similar/repetitive, but each area had a really distinctive feel. I knew when I had circled back to an area just by the changes in environment. I had no interest in the lore, but I attribute that to personal preference since there seems to be plenty of item descriptions and secrets to sink your teeth into.

I had a couple gripes with some QoL things. Why, for instance, do I have to waste charm slots to see my location on the map? Why do I have to waste slots on having my currency collected for me? I don't feel like these things really add to the game or the experience, they're just arbitrary restrictions on charms. And why bother with the Shade after you die? It's not really a challenge to fight it, more annoying than anything else. Last thing I'll say is that some of the foreground and background artwork made it hard to see what I was doing. It was at its worst in Deepnest, and I don't know if that's intentional or not.

All in all, a really great game. Absolutely worth a play if you're into Metroidvanias, Soulslikes, or if you're just curious. The entire experience is really memorable, especially some of the side content. If you go into it having already come to terms with a couple of the annoying parts, I think you'll have a great time. Also, the Path of Pain is so hilariously difficult, I had a really great time with that. Almost like the devs were having a laugh.",True,0,0,3482,3482,True,2026-06-15
367520,Hollow Knight,"It's hollow knight, THE KING OF INDIE, buy it. Some people find it too difficult, that's fine, you can buy it on sale if you're fearful of the difficulty and either way its cheap. No matter what, this game should be a required experience for everyone.",True,0,0,11725,11725,True,2026-06-15
367520,Hollow Knight,"It is emersive and fun, has fun challenges and good storyline",True,0,0,286,219,True,2026-06-14
367520,Hollow Knight,"the game is absolutely beatiful, just finished 100% steam achievements, highly reccomended",True,0,0,9215,9215,False,2026-06-14
367520,Hollow Knight,I think its funny how I've played through this game like 5 times on multiple different platforms and I only ever fought the final boss once which was this time that's all. also I beat him first try YAHGOOOOOOOOOO,True,0,0,2219,2211,True,2026-06-14
367520,Hollow Knight,Path of pain is pain. I reached the end part just couldn't drop down to the guards (I tried for 6 hours that one part I couldnt get it done) . That was 6 months ago I still have nightmares about that night. I'm downloading the game again to feel the pain again and to finish what I once started.,True,0,0,5670,5664,True,2026-06-14
367520,Hollow Knight,"Just get the game
If you like it... good luck (Once you know what P5 is, you will suffer)
If you don't... oh well, you're missing out",True,0,0,4229,4115,False,2026-06-14
367520,Hollow Knight,Good game if you're on windows. I recall playing this game just fine on windows but I recently switched over to linux. For some reason it has this bug where I am forced to constantly move left or right and moving the opposite way only cancels it out. I hope it gets fixed but until then do not play this game on linux.,True,0,0,146,146,True,2026-06-14
367520,Hollow Knight,"100% worth the price, insane amount of content and extremely fun gameplay even with the harder bosses. Hate the rpimal aspids tho",True,0,0,3943,3908,True,2026-06-14
367520,Hollow Knight,"Brilliant combat, beautiful music, stunning art. One of my favourite games of all time for a good reason.",True,0,0,9796,9527,True,2026-06-14
367520,Hollow Knight,"Way better than i had imagined. Got this game about a year ago on nintendo switch because a friend played it and thought I it looked cool. The art style and soundtrack are amazing, some of the best ive seen, its also quite cheap considering how much play time you end up getting. The bosses that you have to fight are obviously hard, but you can easily learn their pattern in like 2-3 tries. The game is also designed to be played more than once, with multiple gamemodes and challenges, you feel as if you never get burnt out. Zote is a prick tho, dont bother saving him.",True,0,0,2329,1715,True,2026-06-14
367520,Hollow Knight,"Had a great fun playing this one, great challenges, multiple free expansions over the years, one of the best indie games I have ever played :)",True,0,0,2919,2919,False,2026-06-14
367520,Hollow Knight,"probably the BEST platformer game ive ever played in my life, beat the game 2 times on pc and ps5, enjoyed every second of it!",True,0,0,2822,2822,True,2026-06-14
367520,Hollow Knight,great game but my only problem is the delicate flower quest and this is the only reason im stuck at 111% in the god forsaken game,True,0,0,208,208,True,2026-06-14
367520,Hollow Knight,"Amazing game. A little confusing though, so I highly recommend checking out youtube tutorials and mapgenie for guides. Quite the grind for a game, but very engaging and interactive!",True,0,0,3505,2056,True,2026-06-14
367520,Hollow Knight,"Highly recomended game, a beautifuly 2d hand drawned game to perfection. One thing don't go to deepnest...
Everything else is really including the music, the gameplay, and everything worth the money :)",True,0,0,2000,1951,True,2026-06-14
367520,Hollow Knight,"great game, having a lot of fun, runs smoothly but abs rad radiant is hard ;[",True,0,0,6131,5859,True,2026-06-14
367520,Hollow Knight,"Love the gameplay mechanics and stuff, but be aware, this is very much a rage game and will make you rage.",True,0,0,717,598,True,2026-06-14
367520,Hollow Knight,"The visuals are smooth and characters and npcs are cute, I believe it's generally my fault to constantly get lost and stuck in the confusingly complex map. Plus, I spend a lot of gems on what are not required by now and I have no idea where these items can be used. Maybe this game is for the hardcore gamers only.",True,0,0,416,349,True,2026-06-14
367520,Hollow Knight,"i think half of my playtime was just on the pantheons. tbh i enjoy the straightforward difficult challenges (pantheons) more than everything else about the game. thats just me.

i hated the game at first. it sat in my library for months, then there was just a month of me stay up late at night to play.

this is a pretty meh review i haven't touched the game in a bit",True,0,0,6577,6577,True,2026-06-14
367520,Hollow Knight,"dont play this if you have a bad temper

great game but can my stupidly frustrating",True,0,0,2624,2574,True,2026-06-14
367520,Hollow Knight,"Great game so far, super invested. My only gripe is the difficulty, I still can't get past Hornet in greenpath, even still the boss is very fun to die to.",True,0,0,3554,3551,True,2026-06-14
367520,Hollow Knight,This game is as great as it's reputation. The level design of this game must be studied !,True,0,0,1881,1881,True,2026-06-14
367520,Hollow Knight,context. ive beaten it multiple times on console. flaws. cant f**k grimm. pros. genuinely beautiful art. an amazing soundtrack. amazing gameplay. interesting characters. a metric buttload of interesting lore and stunning bossfights. alongside being dirt cheap for what it gives you and being able to run on a potato. 10|10,True,0,0,381,381,True,2026-06-14
367520,Hollow Knight,"I once believed that no game will ever top Elden Ring for me, until I played the masterpiece that is Hollow Knight. After I finally got the platinum, I can say that it is truly my favourite game of all time.",True,0,0,5747,5747,True,2026-06-13
367520,Hollow Knight,"So much fun game to play
Totally friendly and lovely
Suitable for a brake after a hard day at work",True,0,0,2668,2320,True,2026-06-13
367520,Hollow Knight,Beautiful game with a very implied progression while still leaving the game completely open world.,True,0,0,1046,546,True,2026-06-13
367520,Hollow Knight,game is difficult but fun. Ive always been enamoured by the lore of Hollow Knight but i am quite averse to the metroidvania genre as a whole because to me its really frustrating. Even so i would still reccomend everyone should play this game at least once.,True,0,0,383,296,True,2026-06-13
367520,Hollow Knight,"Just beat Pantheon 5 again on accident.

It should be obvious, but the game is incredibly good, from the platforming to the boss design, to Ari Gibson's art and Christopher Larkin's score.
Both Hollow knight and Silksong deserve their popularity and I can't wait to see what Team Cherry has in store for Silksong's upcoming DLCs.

10/10.",True,0,0,17596,17529,True,2026-06-13
367520,Hollow Knight,as someone who sucks at platforming games this game was frustrating but immensely fun and beautiful,True,0,0,1202,1061,True,2026-06-13
367520,Hollow Knight,"Great game.

Pros:
Immersive world that feels alive, complemented by it's beautiful atmosphere and soundtrack.
The little to no direction/handholding encourages exploration that feels rewarding.
Engaging combat that's simple yet punishing.

Cons:
Too many bugs.",True,0,1,2306,1401,True,2026-06-13
367520,Hollow Knight,"After doing basically everything Hollow Knight had to offer, I can say that this has to be my favorite game I've ever played. This game was my introduction to the metroidvania genre and I personally love the exploration, bossfights, and the deep lore surrounding it! The controls are simple and fairly easy to get the hang of, but the combat's really fun. And the music, oh my god the music is just beautiful in this game! The difficulty can be a little too much for some people, but the game doesn't really have a linear progression so you can explore other areas and gain items and charms for survivability.

The first part of the game may seem a bit boring, but trust me there's still so much more to explore.

bugs bugs everywhere so many bugs why is it orange",True,0,0,13508,13425,True,2026-06-13
367520,Hollow Knight,"Incredible game. Zote is the worst thing to ever exist, but all is excused because the rest of the game is just that good. Leave Zote for dead.",True,0,1,12594,12446,True,2026-06-13
367520,Hollow Knight,"took a couple of tries for me to click, but when it did! The art, the lore, the exploration all work together to suck you into this forgotten kingdom. One of the few games where I stopped to read every item description, every lore drop. I do wish I could have understood it from completion but oh well.
9.1/10",True,0,0,2189,2189,True,2026-06-13
367520,Hollow Knight,"dark souls bosses, enough said. 

in all seriousness, its a good game, my only issue is the best part of the game is the bosses, where the best boss for me is the hollow knight boss, in the title of the game, because that boss has a checkpoint instantly going towards the boss, where the platforming in this game is easy, i flat out never died once in the platforming sections, where all the other bosses if you die, you travel a boring platforming section where you feel nothing, where this game is a figure out on your own type game, example being cuphead, cuphead is a boss rush game and i can always replay those bosses instantly, and learn what to do, where in this game i have to start the entire game again to replay the bosses, where a boss rush mode in this game would of made it a 10/10 game for me. 

and a nitpick, once i found out exploring made this game easier, i tried to avoid exploring as much as i possibly can, since this game is the most fun being challenging, i dont need extra HP, i wanna learn to near no hit the bosses, and understand there attack patterns, because thats more fun than tanking hits, upgrading weapon damage i understand due to the bosses having more and more HP, later you go on in the game, but no extra HP, since this game will make you have to explore to progress through the game. 

where if my only issues is the bosses are fantastic, and i would rather fight bosses than do platforming and exploring, then its a very good game, recommend this to have a reason to destroy your keyboard in the last half of the game.",True,0,0,1206,1206,True,2026-06-13
367520,Hollow Knight,its pretty good Im not really into these kinds of games but this one and the SilkSong are pretty good and this youtuber I watch got me into them which is Special Edd (EddieVR) from the boys,True,0,0,246,246,True,2026-06-13
367520,Hollow Knight,"7/10 game. Interesting setting, atmosphere and mechanics. Very good use of 40 hrs. However, not the best game of all time like it is hyped up to be. Will update this review after playing the DLC. Maybe I will change my view on it.",True,0,0,3022,3022,True,2026-06-13
367520,Hollow Knight,"If you have this game,  or you are thinking about buying it biggest thing I could tell you is don't quit the beginning because even though the beginning is really slow it will start to pick up and then you'll start to get really attached to it just don't quit and I don't care what anyone says the bosses are way better than silk songs",True,0,0,5165,5165,True,2026-06-13
367520,Hollow Knight,"A great game.
If you are new to this game, don't wait, immediately close this game, because you'll be red.
",True,0,0,4114,999,True,2026-06-13
367520,Hollow Knight,really good tho I play on mac and it sometimes glitches on modding versions,True,0,0,615,597,True,2026-06-13
367520,Hollow Knight,Great game... Paved the way for the greatest game ever made (Silksong),True,0,0,3265,3265,True,2026-06-13
367520,Hollow Knight,"A gem of a indie game! Both excels at gameplay, music, story, and is able to run on most computers even crappy ones! my bud has a very very old I-MAC and could still run it!",True,0,0,249,249,True,2026-06-13
367520,Hollow Knight,"By far one of the best metroidvanias of all time, with one of the most large and lively worlds. With near infinite replayability, it's no wonder the fanbase could wait for silksong!",True,0,0,3097,2155,True,2026-06-12
367520,Hollow Knight,"i've actually played this game for 300 hours on switch but i got it on my computer to do randomizers, anyway this game is amazing everyone needs to play it",True,0,0,821,440,True,2026-06-12
367520,Hollow Knight,used to be a pirate but this game and the sequel are so good that i quit my ways and paid. play this shi right tf now stop questioning it thats all i have to say,True,0,0,281,280,True,2026-06-12
367520,Hollow Knight,"like undertale but drawn, bigger, and edgy very good",True,0,0,925,919,True,2026-06-12
367520,Hollow Knight,"This game is my favorite game of all time, and I've played thousands of hours of games. I used to play on my switch and got it on PC, but seriously this game starts of slow and becomes amazing. The best and funnest 300 hours of agony i've ever had (300 hours on my switch)",True,0,0,330,330,True,2026-06-12
367520,Hollow Knight,"would 100% recomend to either piss my friends off, would also recomend for someone who want a challenge in a roguelike, platformer type game, just dont get it if you dont like platformer's or roguelike's",True,0,0,2266,1760,True,2026-06-12
367520,Hollow Knight,Starts off boring but the world gets less dull,True,0,0,1628,1346,True,2026-06-12
367520,Hollow Knight,"had it on xbox, just got it on steam and its still in my top 3 games of all time. If you like exploring and figuring stuff out this game is amazing. The combat may be difficult if you arent used to metroidvanias but it is insanely addicting nonetheless.",True,0,0,538,407,True,2026-06-12
367520,Hollow Knight,"AMAZING IN EVERY WAY. Love the indie art style, plus, of course, how this game practically created its own genre of games. The gameplay is amazing, with parkour, combat, a huge map to explore, charm combinations, and of course the lore. The lore in particular is amazing, which you can find out when you see the 'full lore' video is almost an hour long. The combat is great, because new players can really enjoy it at their own pace, but as you get better, you can always take things to another level. Especially in the pantheons, and with the bindings. (although I can't really complete anything with bindings, so my best achievement is radiant sisters of battle, and NKG).
Overall, a stunning game, amazing price, and so much effort put in by Team Cherry. Silksong was only worth the wait because I could play this game as I waited. I would give anything for another game just as good as this one, not counting Silksong, of course.
I can't wait for Team Cherry to release the DLC's of Silksong, but only in the hopes I can get the same feeling I did when I first started playing. Although I did quit on my first playthrough, (I was 7,) because of the death of Myla. May her soul forever rest in peace...
Thank you, Team Cherry.",True,0,0,5689,5659,True,2026-06-12
367520,Hollow Knight,"Hollow Knight is one of the best games I have ever experienced. The story is hauntingly somber, yet surpisingly triumphant. The world is teeming with unique locations and memorable faces, and the tight combat system makes for some of the most satisfying moments I've ever felt while gaming.

That said, this game does NOT hold your hand. You WILL get lost, you WILL die, and you may even get frustrated at times. However, if you choose to push through the failures, you WILL become stronger. Overcoming adversity is a common theme in many story driven games, but Hollow Knight really makes the player experience it firsthand.
I have not tried Pantheon 5. I don't know what a Markoth is but I didn't personally run into that issue/bug.",True,0,0,1687,1687,False,2026-06-12
367520,Hollow Knight,操控爽爆了，画面非常美，有想象力,True,0,0,503,333,False,2026-06-12
367520,Hollow Knight,It's a very fun 2d platforming game and I like all the bosses and unique characters. JUST TRY IT ITS GOOD,True,0,0,5410,2991,True,2026-06-12
367520,Hollow Knight,"我是一个忠实的银河猎人恶魔城游戏玩家，所以对于这款游戏的喜爱是有绝对偏见的。
玩到一半才意识到主角是一只小虫子，整个游戏竟然是关于虫子们的故事，这顿时让我感觉生理上的不适。尤其是在地底的深坑，阴暗的画面+阴森的音乐+多足类昆虫使我恐惧，头皮发麻！下水道的各种各种蛆和boss-屎壳郎，让我感到一阵恶心。
另外，这个游戏的难度真的很大。战斗类似魂系-容错率很低，贴墙跳跃需要很快反应速度，对于手残党来说，真是个噩梦。另外，及时强化武器攻击力和开启新技能非常关键，否则将会被一些boss关卡和地图卡住。
最后，游戏中给的引导性提示严重不够。在丛林地图之后，我并不知道接下来必须开启哪个新地图？从哪里进入？一开始凭借直觉误打误撞进入一个新地图 ，后来就需要在各个地图间反复穿梭。《波斯王子 失落王冠》有明确的主线和支线任务，我可以知道：为了找某个东西，要去某个地方。
如此以来，依赖攻略就非常有必要了，可以提升游戏体验。
总的来说，我很喜欢 《空洞骑士》，有探索地图的乐趣，有丰富的战斗体验。不足的地方，用攻略填补就可以了。",True,0,0,2882,2097,True,2026-06-12
367520,Hollow Knight,"I could spend a million hours in this world, it's so beautiful and full of twists and turns that feel like they never end.",True,0,0,2450,2130,True,2026-06-12
367520,Hollow Knight,"1. Get the game
2. Difficulty means fun
3. Bad review people=skill issue
4. You will die, beating that one boss feels so rewarding.
5. It is fun.",True,0,0,2294,1508,False,2026-06-11
367520,Hollow Knight,"Visually outstanding game, fun gameplay, enough diversity throughout the game to keep it interesting.",True,0,0,451,451,True,2026-06-11
367520,Hollow Knight,"This game should be 10000 dollars, I do not think the price of 15 dollars even comes close to the value of what you get with it, peak music, gameplay and art",True,0,0,3168,1889,True,2026-06-11
367520,Hollow Knight,This is a amazing game people should play because they will find themselves pulling a all-nighter just to finish it and this game is a 10/10.,True,0,0,525,525,True,2026-06-11
367520,Hollow Knight,game is really cool good sound tracks and awesome boss fights honestly a great game,True,0,0,1553,1500,True,2026-06-11
367520,Hollow Knight,"It's undeniably a good game, but not perfect. I find losing your geo with each death unnecessary, and almost like an improperly implemented fromsoft reference. I also find the world a touch cumbersome to navigate at times. I often end up lost or at dead ends. The art style is tremendous but when having to navigate the same rooms again and again the art in those rooms can lose their luster fast.

Now most of this is not an issue with the game itself so much as hallmarks of the metroidvania genre I tend not to be a fan of. It's worth noting I am not much of a metroidvania person, and as you can see I do not have too much playtime on the game, so feel free to take my opinions with a grain of salt.

Ultimately it's an undeniable masterpiece of a game. But you likely know this by now. I didn't want to leave a review that was by in large mostly glaze. I wanted to give my own experience with the game, not to dissuade anyone from playing, but to let people like me (New to metroidvanias, easily lost, doesn't find the geo loss appealing, etc) get a better perspective on the experience before buying it.

But yes, It is a good game. And I recommend it to anyone interested",True,0,0,1355,1355,True,2026-06-11
367520,Hollow Knight,"100% my most favorite game of all time. It feels unfair that I got to play this incredible experience for only $15. The art style of Ari Gibson has been very influential on my personal style, and Christopher Larkins's sound track for this game is some of my favorite music to ever exist. All of the little details, even if it's just a tiny little thing in the background, are so interesting to see and ponder about. I wish that I could go back and play this again for the first time.",True,0,0,13464,13464,True,2026-06-11
367520,Hollow Knight,"gas, runs on a potato, and cheap",True,0,0,2820,2665,True,2026-06-11
367520,Hollow Knight,Movement feels very fun. Platforming is really good for the most part. Bossfights are also pretty good. But the best part is just the movement. It feels really good to just travel around the world once you have dash and wall jump.,True,0,0,1248,612,False,2026-06-10
367520,Hollow Knight,this is an amazing game full of adventure and fun and super cheap,True,0,0,1610,1281,True,2026-06-10
367520,Hollow Knight,I heard this game good but somehow my laptop cant run it well but I aint refunding it :D,True,0,0,20,20,True,2026-06-10
367520,Hollow Knight,"this is one of the best games i've ever played, actually it probably is the best very hard but the story is great  
you do eventually get used to the difficulty. i beg you if it is too hard just keep playing",True,0,0,5419,5419,True,2026-06-10
367520,Hollow Knight,very unique style of movement and somewhat hard in the beginning but overall gets easier to get the hang of controls the more you play but I would rate this a solid 8/10 just because of how somewhat non player friendly it can get,True,0,0,3323,1749,True,2026-06-10
367520,Hollow Knight,"A masterpiece. I highly recommend completing this game to its max completion of 112%. Ascending the Pantheon of Hallownest was super hard and, alone, took me ~20h to beat, but is now one of my greatest gaming achievements. Plus, the best fights are all found in the late game, whether Sisters of Battle, Nightmare King Grimm, or Pure Vessel.",True,0,0,4734,4734,True,2026-06-10
367520,Hollow Knight,"great game, fun to play, nice locations, nice music.",True,0,0,3271,3268,False,2026-06-10
367520,Hollow Knight,"I absolutely love hollow knight. It is an amazing game with its artwork being breathtaking, music being amazing, story being engaging, and gameplay being fun and challenging. This is an amazing game and you probably already know this so you should just get it. It did a great job with the difficulty throughout the game, the bosses get harder but you get better. I'd absolutely recommend this game to anyone. Team Cherry did an amazing job.",True,0,0,5451,5451,True,2026-06-10
367520,Hollow Knight,the markoth P5 ight is actual ♥♥♥♥♥♥♥; harder than P5 absolute radiance and pale knight combined due to sheer jank. overall amazing game,True,0,0,5490,5199,True,2026-06-10
367520,Hollow Knight,"The first time I played this game it did not click, but playing it a gain I get it now. A few years since my original 20 hour file of largely wandering aimlessly I found myself deeply immersed in the sprawling world of Hallownest. 45 more hours and yeah I think it's fair to say I really really like hollow knight.

Finally I understand why this is a genuine indie classic up with the greats. It deserves its spot in the pantheon of gaming gods.",True,0,0,4401,3933,True,2026-06-10
367520,Hollow Knight,"An amazing world to fall in love with and explore. Fun gameplay, lots of action and story, and a cute little guy to adventure with into the depths!

Unfortunately, when I originally installed this on an older Mac computer, the graphics just didn't exist, so I was unable to play. I'm not sure if that's a current issue anymore, but once I got a new Windows laptop, I was finally able to play, and it was totally worth the wait.",True,0,0,4947,4947,True,2026-06-10
367520,Hollow Knight,"Amazing game. 10/10 Worldbuilding, 10/10 story, amazing battles",True,0,0,12150,12103,True,2026-06-10
367520,Hollow Knight,"Loved everything about the game, the music, art, quite sad story among other things. Would do another 99h",True,0,0,5937,5937,True,2026-06-10
367520,Hollow Knight,it is a fun metroidvania game that has lots of backtracking and bossfights but you will get mad sometimes,True,0,0,2169,811,True,2026-06-10
367520,Hollow Knight,"Good, fun game. Although the lategame does require you to find specific areas to progress",True,0,0,6363,6273,True,2026-06-10
367520,Hollow Knight,Very fun and beautiful game while also being challenging at times.,True,0,0,1044,1044,True,2026-06-09
367520,Hollow Knight,"You know how sometimes, you really have to force yourself to get into a game to enjoy it? That's how hollow knight was for me, I had restarted the game like 4 times before it finally clicked for me, and once it did, I enjoyed every single second of it. Such a fun game. Praise be Team Cherry.",True,0,0,2565,2565,True,2026-06-09
367520,Hollow Knight,    this game is so detailed the lore is great and so is the gameplay great for anybody who likes these kinda games this one is PERFECT.,True,0,0,327,310,False,2026-06-09
367520,Hollow Knight,100% recommended game is so good that i got all the achivements on a pirated copy but had to buy the game to do it all over again definitely a must play.,True,0,0,537,537,True,2026-06-09
367520,Hollow Knight,"On steam i only have 3 hours but on my playstation i have over 100 hours 
and this game is absolutely insane one of my most favourite games by far
would highly recommend for those wanting a challenging experience",True,0,0,184,183,True,2026-06-09
367520,Hollow Knight,Why are you looking at the reviews? Just buy the game already. Its hard and confusing sometimes but you'll get the hang of it.,True,0,0,2603,632,True,2026-06-09
367520,Hollow Knight,"Positives:
 - Map design
 - Music
 - Graphics
 - Story
 - Charms being mostly balanced and have build variety (heal vs spell vs basic attack)
 - Has dream gate that avoids long runbacks
 - Normal enemies and gauntlets are easy so I didn't hit a wall during exploration.
Negatives:
 - Most boss fights are boring. They require me to do the same maneuver repeatedly. Some endgame bosses are good.
 - White Palace is a huge difficulty spike at platforming. I expected some mild challenges like Silksong's Cogwork Core.
 - An early game area's map is locked behind a late game ability. Having to navigate without a map sucks.",True,0,0,2154,2154,True,2026-06-09
367520,Hollow Knight,"Just finished my first playthrough of this game and I figured I HAVE to leave a review considering how much I have enjoyed this adventure through the might Hallownest.

This review will be completely SPOILER-FREE so I won't ruin anyone's first exprience with this.

First of all, this is NOT an easy game, I found myself rather stressed at times where I couldn't traverse certain areas because of the insane amount of enemies there or when fighting different tough bosses. It is a game strongly focused on trial and error so if you don't like dying too much in video games, well you'll have quite a time here ;)

Visually, the game is absolutely stunning, the artstyle is rather cute and friendly at times, but it can get gross and kinda disturbing at times too. The environment and the backgrounds of every place inside this game is absolutely breath-taking, not even starting to talk about the INSANE size of the map

I figured lots of people tend to drop this game because it is not one of those games where you just have a pre-marked location with a waypoint and you just have to go there, the entire game is strictly based on exploration and it counts on YOU to unravel it's secrets.
If you're a person that loves exploring, this is a great game for you.
You will, however, meet lots of places that you can't pass through until you get a special ability to do so, there are a bunch of them and each one of them does something unique. So yeah, there IS a lot of backtracking and remembering stuff you discover. But hey, that is the metroidvania genre! ;)

I had such a blast with this game and I look forward to buying the sequel as well.
It can get really frustrating at times, but I 100% recommend pushing through it and experiencing this to it's very end.",True,0,0,2016,1831,False,2026-06-09
367520,Hollow Knight,"great game especially for indie devs and i'd love to play more games like this, challenging but not just throw you into the deep end challenging, it gets more progressive, and it runs great on alot of devices, even my old pc that sucked horribly",True,0,0,1422,1422,True,2026-06-09
367520,Hollow Knight,"life changing game that i will continue on replaying. originally beat it 112%on mobile, then again on steel soul, and now im playing with a controller. happiest man alive",True,0,0,871,271,True,2026-06-09
367520,Hollow Knight,After 112% this game is one of if not the best experiences i have ever had in a video game you should definitely buy it,True,0,0,5680,4767,False,2026-06-09
367520,Hollow Knight,"This is the perfect mix of challenging, rewarding, and beautiful gameplay.  I highly recommend this game if you have not tried it.  The music and artwork are stunning, the bosses feel intuitive and creative (even if they piss you off), and I always seem to find myself wanting to just play the game again even AFTER beating it multiple times prior.  I love this game, and I hope you give it a shot at loving it too!",True,0,0,5798,5693,True,2026-06-09
367520,Hollow Knight,great game has good mechanics amazing ost even better boss fights and the aesthetic is beautiful. although if your seeking challenging games hollow knight is only challenging in the very late game areas and bossses over out of 9/10,True,0,0,656,574,False,2026-06-09
367520,Hollow Knight,"One of the greatest games ive ever played. Ive also played through silksong, would 100% recomend aswel. Team cherry diserves all love and respect. Still very surprising that this game was made by onle 3 people!!!",True,0,0,7011,6857,True,2026-06-09
367520,Hollow Knight,One of the best games and a large favorite! beat it a few times and don't give up earlier on before you really enjoy it!,True,0,0,1113,1113,True,2026-06-08
367520,Hollow Knight,"Fun game, easy to get in to, parkour is really fun, good boss fights, good music, i would rate this 1 9.3/10",True,0,0,4294,419,True,2026-06-08
367520,Hollow Knight,"This game was really hard for me to get into. I struggled with figuring out which direction to go and what my goal was. So I needed a little help from a friend to keep me moving along. I love metroidvanias too. I've played plenty but for some reason I struggled with this one. Nonetheless, I really enjoyed the game and would highly recommend it at the same time. 
The addition of the compass was a must for me",True,0,0,3264,3264,False,2026-06-08
367520,Hollow Knight,"This game is so tuff. Cant wait for Silksong to go on special to buy it and play. THANK YOU TEAM CHERRY!!!!
",True,0,0,9003,9003,False,2026-06-08
367520,Hollow Knight,"Higher beings, these words are for you alone.
Beyond this point you enter the land of King and Creator.
Step across this threshold and obey our laws.
Bear witness to the last and only civilisation, the eternal Kingdom.
Hallownest.",True,0,0,6358,6358,True,2026-06-08
367520,Hollow Knight,"A very nice game, the bosses are so goated, great art, and the soundtracks... are sooooooo good",True,0,0,1048,1025,True,2026-06-08
367520,Hollow Knight,"It was a decently fun experience, at least enough to play through it. I don't like how there's no difficulty setting though, I would've preferred an easier experience. Towards the end, I just installed some mods to make the game more fun to play. Of course, I know some people play this exactly because they like the challenge, but I only enjoy a moderate challenge as it's a way for me to relax and I don't find it fun to run back all the time to re-do the same fight dozens of times, not enough energy for that during my spare time.

Anyway, yeah, a pretty nice game overall. Going to play silksong now.",True,0,0,4502,4502,True,2026-06-08
367520,Hollow Knight,Great game and for the fraction of price of AAA games but better than many of them,True,0,0,3235,3235,True,2026-06-08
367520,Hollow Knight,"starts off a good game. allows you to develop a love for it. if you stay long enough, though, you'll end up hating the post-game material (very high difficulty)

single player only!",True,0,0,4543,4543,True,2026-06-08
367520,Hollow Knight,"I've played the first 4 Metroid 2D titles before, and I find that Hollow Knight is more difficult than them in some of it ways. I really enjoyed the atmosphere that game built. Although most of the bosses (even mini-bosses) are difficult, I kind of enjoy fighting them, except for a few. And for the maps and obstacles, it require intermediate to expert ""Metroidvania"" proficiency. I really enjoyed the areas and the ""platforming"" aspect of this game.

My main problem would be the unclear linear-progression backbone of this game. While the environment shows one thing or two about you should explore it later (backtrack), sometimes I kind of lost and overwhelmed of what should I do next.  Compared to Metroid games that have comprehensive environment for backtracking and all in my opinion.

Basically, there's too much content being put on non-linearly. I guess that is why most of casual players quit the game. But overall, it's an impressive game and I really like it.",True,0,0,2734,1269,True,2026-06-08
367520,Hollow Knight,"Great Combat, Adaptive Difficulty, Cool Bosses and Path of Pain.",True,0,0,4090,3572,True,2026-06-08
367520,Hollow Knight,"This game offers lots of boss fights, an amazing story, music, and fun easter eggs. However you are at risk at ragequitting as it is a very hard game.",True,0,0,5125,4471,True,2026-06-08
367520,Hollow Knight,"Ahem... 

When I first started playing Hollow Knight, I was very bad at it.

Very. Bad.

However, this did not deter me, and little by little I continued onward throughout the game, slowly getting better at the platforming, at the combat, the fact that it was  metrovania, a game genre I didn't know existed, I had just heard good things about it and wanted to try something I'd never tried before.

While traveling through the world, I discovered a bug being eaten by an enormous, flying creature. I knew I had to save him, so after far too many tries, I saved him... I saved Zote. I expected gratitude, a thank you, or perhaps some cocky wanna be hero telling me he had it under control... I got the last one, but it was... ruder than I ever could have imagined... insulting, degrading, just a horrible, horrible bug... yet, I was fond of this horrible little creature. ""Perhaps I'll encounter him again, and I'll be able to help him change into a better bug on my journey!"" I thought to myself, and happily continued on my way, happy to have saved a life.

Some time later, and after much more improvement, I found a hidden passage way in the Fungal wastes, and within it, at the top of what at the time was a very difficult platforming challenge for me, I saw a lost, scared, bug, clearly on the verge of being taken by the infection. I kept trying, and trying, and trying to traverse this not even difficult challenge, determined to save this bug, whoever they were, and return them to safety, and eventually, I did... I saved Bretta.

Instantly I fell in love with Bretta (not romantically of course), she was so sweet, so shy, so lost, feeling completely and utterly forgotten, yet here I was, and I was now her only friend.

Continuing on with my travels, I would frequently stop into Dirtmouth, and would always check on Bretta, for I didn't want her to feel alone, nor forgotten. Her infatuation with Ghost was honestly endearing to me, for she was never weird about it, she was never obsessive, nor odd, she was just shy, sweet, and quiet, even when her diary entries offered a completely different side of her. Even if her stories were exaggerated, even if they weren't real, I always looked forward to reading the next entry, for it was nice seeing someone so real within that small town. Dare I think it, I wanted to be the white knight she saw me as. Visiting Bretta became a wonderful tradition for me, and sitting beside her on the bench gave me a huge sense of connection to the world, a reason to always come back to Dirtmouth.

Then I went into Deepnest.

There, I once again discovered Zote in peril, and once again I rushed in to save him, hoping that perhaps this time he'd show a bit of character growth, or even a half baked attempt at a thank you. I did not receive this, I instead received insults, degradation, and rudeness. Still though, I just rolled my eyes, and thought to myself, ""Oh Zote, when will you learn?"" Thus, I continued on, happy to have saved a life again.

Much later, once I was in the Colosseum of Fools, I once again found Zote, though this time locked in a cage, with once again nothing but insults to offer me. I laughed to myself, wished him luck, and entered the Challenge of the Warrior. I was mortified when at the end a huge, shaking cage dropped from above, only to burst into laughter when Zote appeared, waving his wooden sword pathetically and tripping on his own feet. Reluctantly, for I was worried I'd kill him, I did fight him, and sent him flying, sticking him in the ground by his own horns.

""Oh Zote,"" I thought to myself, ""when will you learn?"" Thus, I continued on with my journeys, wondering when Zote would change...

Then I got back to Dirtmouth.

I expected to see Bretta sitting on the bench, or perhaps sleeping in her room, a new diary entry ready to be read, a new story about her white knight just waiting to be seen. I was so looking forward to seeing her again, it truly had been a long time, and I looked forward to our silent time together...

What did I find?

ZOTE.

I found ZOTE, rambling on so loudly that the whole town could hear it, with Bretta... My dear, sweet, shy Bretta, blushing, listening to his monstrous, horrible, inflated lies, completely and utterly enamored.

My world went black.

Instantly I rushed into her room, only to find it had been overtaken by ZOTE. ZOTE not filled her journal, while any mentions of me were dashed to pieces by this horrible creatures lies, framing me as a cowardly villain within his own story. Images of ZOTE now filled her walls, the plushy of Ghost now replaced with something far more grotesque, more annoying, more... ZOTE.

Just when all hope seemed lost, I then found it... a basement within Bretta's home... which held a great, paper mache stature of ZOTE with dream particles coming off of it.

This was it, if I could beat this, I could rid myself of ZOTE.

I quickly entered the battle, needle drawn and ready, prepared to face on whatever horrors awaited me...

Or so I thought...

I wasn't expecting to see Bretta atop a bed, being fanned and served by ZOTE'S... nor did I expect the GREY PRINCE ZOTE.

I'll not go into detail, I simply cannot describe it, truly, it was... grotesque.

However, in the end I vanquished the enemy, and upon emerging victorious, I quickly ran back to find Bretta, ready to hear her tell off Zote, to kick him out of the town, to find herself and her confidence!

Instead, she now looked rather uninfatuated, bored even, with her once Grey Prince. Liking what I saw, but confused all the same, I returned to the basement, only to find that the dream particles were still there. Knowing what I had to do, I returned into that wretched abyss, ready to fight him however many times I needed to to win her back. I battled against ZOTE four times, each battle becoming more and more unfathomable, truly, grotesque in every way imaginable.

When I earned my fourth victory, I emerged, hoping to find my Bretta, hoping to discover ZOTE gone, or being told off, something, anything!

What I found instead shattered me to my very core.

I found Bretta gone, and Zote still rambling on loudly to no one at all.

Panicked, I searched her diary for answers, and to my horror discovered that she had indeed awakened from ZOTE'S spell... and left Hollownest entirely because of it in order to truly find herself.

Gone.

My dear, sweet, shy Bretta was gone...

NOW REPLACED WITH ZOTE!!!!!!!!

I did everything I could to make him leave, I listened to all his precepts, I fought his dream form until I simply couldn't do it anymore, I did EVERYTHING!!!

But he just wouldn't leave.

I was stuck with him, rambling for the whole town to hear, for the rest of my playthrough...

While Bretta was gone forever.

I was heartbroken.

...

I've since started my second playthrough, and once again found myself staring up at ZOTE, being chewed on by that great, wonderful vengefly. I could have saved him, I'm better now, it wouldn't have been a problem, I'm a great player. 

Why on earth would I do that though, when I can keep Bretta safe in Dirtmouth, and perhaps more importantly, safe from ZOTE? When I can keep Dirtmouth safe from ZOTE?

Ladies and gentlemen, non-binary friends, do you know why you should play Hollow Knight? The real reason you should play Hollow Knight?

It's so that you can get the NEGLECT achievement, and truly, truly, keep Dirtmouth, and Hollownest for that matter as well as all it's inhabitants safe from that horrible, rude, insulting, lying, terrible, monstrous, ugly, belittling, manipulating, stupid, rambling, annoying, insidious bug known as ZOTE.

Thank you for your time.",True,0,0,5432,5216,True,2026-06-08
367520,Hollow Knight,"Welp it's well known for a good reason, very fun and challenging game. I gotta come back and play it again to get some more endings before I try out Silk Song",True,0,0,4979,4979,False,2026-06-08
367520,Hollow Knight,"Beautiful game, you don't have to play it before Silksong, but I would strongly recommend it.

However, I do not recommend buying if you're a completionist. There is some optional content which, while still having a few charming moments, is a time sink people played while waiting for Silksong to come out. It has to do with drawn out, successive boss gauntlets but I won't spoil more. I would recommend just playing Silksong after exploring the entirety of this gorgeous game.",True,0,0,9844,8624,False,2026-06-08
367520,Hollow Knight,"i would not be considered the best gamer, and this game is VERY challenging for me. but I adore the art style and ambience. I would recommend this to anyone who likes a challenge and cutey patootie little bug guys <3",True,0,0,1302,1220,True,2026-06-08
367520,Hollow Knight,A simple review cannot truly reflect such a glorious game,True,0,0,7817,5253,True,2026-06-08
367520,Hollow Knight,"I've seen so so much hype about this game in the past when it came out and I just got around to playing it. Some people told me it's way too hard without tutorials, but I personally disagree! I'm not too terribly far in so it's possible my opinion may change but I love it so far. The graphics are so neat and the music compliments it well!",True,0,0,3495,235,True,2026-06-08
367520,Hollow Knight,Possibly the best game I've played (tied with Silksong) but it is EXTREMELY hard and it did make me break my last controller. But it's still a 10/10,True,0,0,4205,3775,True,2026-06-08
367520,Hollow Knight,"The game looks beautiful, and is very fun to play.  I did finish the main story of game, however I believe there were many challenges that I didn't complete.  The game can be unforgiving and I felt that I got my money's worth out of it (125hrs) so decided to move on.

Plays great on the Steam Deck (through TV)",True,0,0,7506,7506,False,2026-06-07
367520,Hollow Knight,I never played a game similar to this. But this is a true masterpiece. Love was put into every little bit of this game,True,0,0,2102,2102,True,2026-06-07
367520,Hollow Knight,The art and story of this game told through environmental storytelling and subtle dialogues is a masterpiece. Purchased this game on 10/29/2025.,True,0,0,258,258,True,2026-06-07
367520,Hollow Knight,"This game is very Rad. This game also gets my Rad-commendation seal of approval. 

Unfortunately, there are some issues with the game. The boss run back or 'Walk of Shame' is frustrating and detracts from the polished experience that team cherry have crafted. Some bosses also frequently abuse the 'spawn minions' during the boss fight which can be annoying at times.",True,0,0,2481,2479,False,2026-06-07
367520,Hollow Knight,"Goated design.
Goated music.
Goated gameplay.
Simply lovely.",True,0,0,5123,5123,True,2026-06-07
367520,Hollow Knight,"Perfect game , Challenging like a souls puzzles , secrets , game does not hold your hand but once you understand how to create builds for your combat style and learn what works against certain bosses the game becomes less a struggle for your life and more of a struggle for theirs. remember your not in there with them theyre in there with you.",True,0,0,9283,8395,True,2026-06-07
367520,Hollow Knight,"I've struggled a lot with this game, but that's part of what makes it fun. I'm still fairly early on, but I love the animations and all the characters. The game has a very unique personality. Once I'm done with this game, I'm definitely gonna play Silksong. Definitely worth the small price. There is no way they included both DLCs for free. Keep up the good work Team Cherry!",True,0,0,2430,973,True,2026-06-07
367520,Hollow Knight,"I played Silksong before I played this game, so I will try to not compare the two, as both are extraordinarily unique and offer different experiences for many players, including myself.
After beating Silksong, I moved on to this game. Looking back, I wish I had beaten this game before playing Silksong, since I didn't get much of the references in [spoiler]the Red Memory[/spoiler] but I did have some cool moments where I saw pieces of the story lining up. Other than that, this game is extremely well made. For a metroidvania, I kind of like the more linear gameplay (in my opinion...) and raw story that this game offers. Hollow Knight has well balanced and expertly themed areas, enemies, and songs that provide an epic, serene quality and ambiance that this game deserves. Every single one of the bosses are amazing (besides Grey Defenders), but I'm not sweaty enough to do the pantheons.
I think the only thing slightly odd is that [spoiler]Dung Defender[/spoiler] has a different art style than everything else. It just feels the tiny bit out of place, but at the same time, it makes the game even more classic. There are some parts that feel a little repetitive and dull, and platforms that feel more like a maze than parkour, but that shouldn't stop you at all from enjoying yourself.
This game is phenomenal.
I recommend.",True,0,0,2528,2528,True,2026-06-07
367520,Hollow Knight,"Spectacular game

I'd suggest not grinding to hell because if you do you can literally face tank the first 4 pantheons without even the second last dmg upgrade. The 3rd last boss of the 5th is the first boss you can't face tank.

Overall peak game and definitely fair, great story imo, addictive movement.",True,0,0,4408,4393,True,2026-06-07
367520,Hollow Knight,"an amazing designed and hard game, and the hardest game i have played ever, amazing game for fight hungry player and explorers. The DLC (which is free i might add) adds a great challenge and the hardest challenge in the game and is what makes this game so hard but also enjoyable.",True,0,0,9066,6621,True,2026-06-07
367520,Hollow Knight,"Great game, a bit hard at first. I recommend using mods with Lumafly to remove the Shade on your first playthrough, earlygame is pretty hard first time otherwise. Also, always buy maps and explorers compass.",True,0,0,6180,4925,True,2026-06-07
367520,Hollow Knight,"Great game, been sinking hours into it and have had loads of fun",True,0,0,3899,3427,True,2026-06-07
367520,Hollow Knight,"Genuinely amazing game, you should try it out for at least 10 hours, then it will all start making sense. 100% would recommend to anyone I know.",True,0,0,3828,3582,True,2026-06-07
620,Portal 2,"[h1] PERFECTION EXPANDED [/h1]

[b][i]  Taking everything that made the original revolutionary and expanding it into a grand, cinematic masterpiece. Portal 2 elevates the puzzle design with brilliant new mechanics like propulsion and repulsion gels, while diving deep into the fascinating, decayed lore of Aperture Science.

The addition of Wheatley and Cave Johnson brings some of the funniest, sharpest dialogue ever written for a video game. Combined with an equally stellar co-op campaign that stands as one of the best cooperative experiences of all time, this entry is pure, unadulterated gaming perfection.

Goodbye, my only friend. 10/10  [/i][/b]",True,23,0,1558,1558,True,2026-05-24
620,Portal 2,"My bro and I were playing this game and got stuck on a level. We couldn't figure out what we were supposed to do, so we decided to take a break. About four years later, he and I finally came back and beat the game. I guess graduating from university, getting a job, and waiting for my frontal lobe to develop improved my puzzle-solving skills.",True,14,11,620,620,True,2026-05-20
620,Portal 2,I had aperture sciences logo tattooed to my shoulder if that tells you anything about how much i love this game.,True,9,0,1723,1665,False,2026-06-03
620,Portal 2,"This game lives up to expectations and is even better than the fist one. 
I was having great time playing with my partner, solving riddles together and being baited by Glados. 
The only downside are two achievements: ""proffesor portal"" and ""Friends list with benefits"". It is unfair that after so many years since published you need to look for random people who have never before played the game. Also this is co-op for two people but to accomplish ""Friends list with benefits"" you need interaction with 3 different players.",True,5,1,1184,1184,False,2026-05-30
620,Portal 2,"First of all, GLaDOS will be forever my hear me out.

If Portal was an apetizer, than Portal 2 is for sure a main course.
I do believe that it is nearly a perfect continuation. The only thing arguably wrong could be the fact that Portal had a constant feeling of isolation and horror, while Portal 2 doesn't feel that way - it has elements of it, obviously, but it's more of a storytelling comedy. I think it is because of the coop experience - how could you smoothly make a transition between horror main story and silly coop? You couldn't and that is why Portal 2 is more of a comedy.

First observation after starting the game is a simple ""wow am I even playing Portal?"".
It's much bigger game, has a lot more to tell, a lot more to experience. Snarky comments of our only proper AI - GLaDOS are just a chef's kiss. Wheatley presents less intelligent humour, however it's pretty entertaining. 
I guess the main question while creating Portal 2 was ""how to immerse people better so they wouldn't feel it's a cheap copy?"" and let me tell you - it is executed really well.
There is a ton of new mechanics, you get a proper storyline, you get fun coop experience and even community chambers which you can play if you already finished everything and you're starved for more.
Although I still wish that riddles would be harder. I felt it's a little bit too easy.

Achievements could be perfection if not for the Professor Portal one - I get it, we try to promote our game, find someone new to teach how to play Portal! It's a b*llshit of an achievement. As much as hugging three people is awesome - hugging your premade and some friends, teaching someone new to play is just an unfair marketing tactic, which now is difficult to be done, a LOT OF PEOPLE already played this game. 

Summarising, Portal 2 is how sequels should be done. Not using the reputation to earn money - GIVING an experience to your players, giving them what they want. This is probably why after this many years this game is still worth playing - it's made to be good. And it is good.",True,6,0,1169,1169,True,2026-05-30
620,Portal 2,This game runs more smoothly than having a single empty tab open in your browser while overshadowing most modern AAA-games in storyline and ingenuity while competing in graphics.,True,2,0,689,689,True,2026-06-07
620,Portal 2,"In chapter 5, when they throw the turrets to the disposal area, you can only save 4 defective turrets and if you try to save more they explode :(

edit: so a bit later you can actually save all of the defective ones, so 10 / 10 game, would play again :D",True,2,1,447,120,True,2026-06-05
620,Portal 2,Xx kromozomlu biri ile oynayabiliyosanız güzel oyun(Lena milize yazdı),True,1,0,1078,1078,True,2026-06-15
620,Portal 2,One of the best COOP gamemodes out there along with an almost perfect singleplayer campaign with challenging puzzles that feel extremely rewarding to complete.,True,1,0,441,441,True,2026-06-07
620,Portal 2,"Story is fantastic.
The dialogue and voice acting is fantastic.
Gameplay is fantastic.
Fantastic game. 
Yep. Play it. Go on.",True,1,0,422,422,False,2026-06-05
620,Portal 2,"A masterfully constructed experience, and a must play.
A close friend really loved this game, so I thought I'd give it a shot...
Long story short, I couldn't put it down until it was finished, and then I immediately bought and played the original that same day.
This is honestly such a great time, with an awesome look, great humour, and very fun puzzles.
Now stop reading this review and go buy this masterpiece.",True,1,0,54,54,True,2026-06-01
620,Portal 2,"Portal 2 is one of the amazing games valve had made . The storyline was improved from the previous one and the game features a lot new elements which improve the experience of the players and made it fantastic . The game finally came out of the testing chambers and give players to explore the dark world through the story .  Few chapters of this game is real challenging because the level design of this game is brilliant and it improved a lot from the previous game . This game really deserves better and we hope to see portal 3 in near future . Very underrated game series of the valve I have ever seen 

My personal rating to this game-9.8/10 :)",True,1,0,564,564,True,2026-05-30
620,Portal 2,"This is an amazing game. Literally felt like I was playing a video game and watching a movie AT THE SAME TIME. Yeah I got some spoilers before I played it. But that did not stop the game from being an absolute masterpiece. My favorite part was the part where [spoiler] you fall down to the old Aperture underground and have to portal around the mess. [/spoiler].

The puzzles in this game were also good. Loved them. Also merging the puzzles with the Portal 2 story didn't make me feel bored doing them. Also, the puzzle was satifying to solve so there's that.

The sound design is another reason why I like this game. Makes it feel immersive and cinematic.
I would listen to certain soundtracks sometimes because of how epic they are.

FINAL RATING 10/10",True,1,0,2384,2384,True,2026-05-25
620,Portal 2,"Absolute amazing title from Valve for a game I loved with a neat addition of humor and dark story.

And it was from back in 2011, you don't even realize it until you see the pre-rendered cutscenes.",True,1,0,675,540,True,2026-05-21
620,Portal 2,"Recomendo este jogo, gosto da mecânica dos portais e de como resolver os puzzles.",True,1,0,2650,2100,True,2026-06-03
620,Portal 2,"the visuals were amazing, the voice acting was awesome, the challenges were actually challenging unlike the first game, wheatley is GOATED, and overall its just a great game. I would def recommend",True,1,0,711,711,True,2026-05-22
620,Portal 2,"One of the best story games ever made. I first played this back on Xbox 360 and it ran beautifully. And as back then, it still runs the same today. Even if you have a potato pc, you will be able to play this game at playable frame rates. Nevertheless, great story and puzzle game. 100% recommended.",True,1,0,3323,3322,True,2026-05-21
620,Portal 2,"I completed Portal last week and decided to jump (no pun intended) into the second one directly after.
What was great in the first got improved. The game puzzle became tough from the second half of the game. Some can be very tricky as it's seeing a small gap.
The story is great, very funny.  A game from 2011 is putting to shame most of current game in 2026. Let that sink in.

I see that the COOP is a complete different story, if I find a buddy to do it, I will update this review about the coop.",True,1,0,557,557,True,2026-06-03
620,Portal 2,"Gets you thinking while glados and wheatley have funny sidebar conversations with dry humor and I love it. Needed a decently quick to play through solo game, and I'm really happy that I finally played this after having it in my library for 5 years now, I should've played this much sooner!",True,1,0,932,661,False,2026-06-06
620,Portal 2,"Damn, what a rollercoaster of emotions. No wonder this game is considered as Valve's best game ever made. Also there should be a warning ahead sign ""Not suitable for a moron"" because those damn Chapter 7 made me mad as hell",True,0,0,613,613,True,2026-06-16
620,Portal 2,The best game on Steam. The best game on PC. The best game of 2011. The best game of the decade. The best game of the century. The best game ever.,True,0,0,555,555,True,2026-06-16
620,Portal 2,Runs on a potato so worth every penny and good storyyyy,True,0,0,622,455,True,2026-06-16
620,Portal 2,Loved it! Great puzzles and fun co-op story,True,0,0,629,629,False,2026-06-16
620,Portal 2,"Another case of it feeling pointless to sing its praises when they've already been sung so loudly.

Peak game, all time great. Funny, challenging, has more of a story than its predecessor, and has the incomparable Cave Johnson. I don't want them to force it if they don't have it in them, but God I wish Valve would put out another banger singleplayer game.

Co-op was great too. Very challenging and satisfying to play with a friend without being too difficult it feels hopeless. Many silly moments spent with P-Body and ATLAS.",True,0,0,1236,1236,True,2026-06-16
620,Portal 2,"tbh i like almost anything about this game from the story, gameplay and co-op mode. the only thing i don't like is that there isn't more story mode",True,0,0,1336,1336,True,2026-06-16
620,Portal 2,yes holy heck yes yes yes i recommend good game holy heck yes play rn play play amazing story and gameplay and good soundtrack and good game holy heck good game yes play omg play,True,0,0,626,626,True,2026-06-16
620,Portal 2,"Portal 2 is a great game, but I think it tries too hard in some places. How many characters and plots do we really need to have for a physics puzzle platformer with a silent protagonist? Portal 1 gives you some peace and quiet to think through your options and make a plan. In the sequel it seems there's always some annoying racket going on in the facility while you're trying to think, or somebody is expositing some dialogue that, to its credit, is often quite humorous, but usually only ever ""quite"". Yes, Wheatley is entertaining. Cave Johnson is probably the best. GLaDOS is just... kind of annoying? Yeah, some of her dialogue can be funny, but after tens of test chambers the whole ""I don't like you"" schtick wears off. She does get better towards the end.

That being said, there are a lot of new and fun mechanics added. Light bridges, all three gels, spring plates, tractor beams, lasers, and so on. Nothing to say; new mechanics are, of course, innovative, and they're used well here.

The game is certainly longer than its predecessor; about three times as much in terms of singleplayer content, and even more counting co-op and player made levels. This is of course a good thing. The increase in the SIZE of levels, however, can cause issues in just finding where you need to go in the first place. Portal 2 likes to use the ""find the portal surface in this massive room"" game and it can get old fast. To its credit, the game often makes it pretty clear where you need to go. But the times it doesn't can get a little frustrating. 

Overall it's still a good game, and I'd get it alongside Portal 1 on sale, but if I had to play only one of the two again I actually might rather play the original.",True,0,0,369,369,False,2026-06-16
620,Portal 2,That was fun! Some of the puzzles were a bit more geared to players who are good at platforming (not me) but overall I had a good time playing this.,True,0,0,715,715,True,2026-06-15
620,Portal 2,"One of the best games ive every played, the story and puzzles are great, and it really gets you immersed into the game world. Only thing is that at like the first 70% of the game all puzzles were easy and then it felt like they got really hard, now while the hard puzzles actually added to the game because it was really satisfactory actually being able to complete them, it was a strange change to the pacing",True,0,0,812,812,True,2026-06-15
620,Portal 2,"Honestly ashamed to say 2026 was the year I played Portal 2 for the first time. The cast might be the best part of this game, the legendary Stephen Merchant absolutely crushed it and hearing J.K. Simmons’ voice out of nowhere was a treat. The dialogue in this game was really funny to me, and the VA's played a big part in that. Puzzles were creative, fun and challenging throughout my entire playthrough, with very few being frustratingly difficult for me (until I solved the puzzle and realised how stupid I was being). Final boss was a bit disappointing but it’s understandable due to the nature of the gameplay. Can’t wait for Portal 3..wait how old is this game?…",True,0,0,495,495,True,2026-06-15
620,Portal 2,"this game really is good you go to really hard puzzles and one of them made me go mentally bad i actually had to use a walkthrought to go on. this game has pretty much humor and puzzles just think hard if you thinked hard until 0 am just like me then use a walkthrough and like if you knew what portal 1 was like before then you will probably know things and references back to the older version portal 1 just play it its fun you can also use non official or non main paths kind of so like shortcuts by going out the map cuz you could create portals yeah and this game has multiplayer mode which just lets you play co op with your friend and lets you know the side story of the side character of the main game





oh yeah not to forget they have portals of course
it has good lore and i rate it 9.9/10 tat 0.1 is cuz its hard
game is good",True,0,0,624,624,True,2026-06-15
620,Portal 2,"this is a good puzzle game to do with friends i do it with my dad and we have fun all the time but it can also rage bait you
",True,0,0,1432,1119,False,2026-06-15
620,Portal 2,Got it on sale for 1 euro. Most unregretable deciscion of my life. Great game! Tons of fun. Finished it in 1 go.,True,0,0,590,405,True,2026-06-15
620,Portal 2,Very fun game and worthy of re-visiting in 2026. First played in maybe 2013 and now I'm introducing it to my 8-year-old daughter who is spatially gifted. I think she'll have a blast.,True,0,0,1482,897,True,2026-06-15
620,Portal 2,"It expands on the first in pretty much every way, for better or worse. It’s much longer with more value, which is nice, but some of the new mechanics and gimmicks had their moments but could also feel infuriating at times, but in the end it’s still fun portal puzzles. It also does a great job at expanding on the lore and the emphasis on comedy in this one sold it for me.",True,0,0,863,863,True,2026-06-15
620,Portal 2,Not even kidding when i say this is the BEST puzzle game of all time even better than its predecessor its just an amazing game Would recommend,True,0,0,331,331,True,2026-06-15
620,Portal 2,One of the best games of all time. They could sell portal 3 for 1000$$$ and I'd preorder it.,True,0,0,519,519,True,2026-06-15
620,Portal 2,"Fun game, has some puzzles that make you facepalm once you figure out. Would play again.",True,0,0,3730,3730,True,2026-06-15
620,Portal 2,"Portal 2 I think is a near perfect sequel to portal. Sequels are often not better than the originals but in this case it is. It takes everything good about portal and dials it up to 11. The characters are witty and the story is great! On top of that the puzzles have a lot of new interesting mechanics that work really well with portals.

The coop is also a great addition to the base game. It adds a new array of challenges that you can play with friends. With portals and other mechanics, there are a lot of creative ways to troll your friends. It really is double the players, double the fun.

Finally, it is so much more fun and easier to achievement hunt than portal 1. Portal 1 had the horrid least steps challenges and this game has none of that. Most of the achievements are easy to medium in difficulty with a few being hard but not insane. That being said, the achievement where you need a friend that has never played the game before after you are done is kind of annoying. It feels too pyramid scheme like. 

Overall, I recommend the game to literally everyone. You will have a great time with the story and the coop will be fun as well!",True,0,0,1009,1009,True,2026-06-15
620,Portal 2,"This was a very fun puzzle game, and I would definitely recommend this to others!",True,0,0,1038,1014,True,2026-06-15
620,Portal 2,"was lovely, had a great story line, is worth it, definately wasnt what i was expection from the way it looked",True,0,0,695,695,True,2026-06-15
620,Portal 2,"I originally had this game on the XBOX 360 when I was a kid, and it was the best game my tiny baby brain could comprehend. I played this game 1000 times over, finding out the little secrets and hanging out with all those goofy robots allways puts a smile on my face. And I still love it now, even if Ill never get past the multiplayer levels. This is a classic game and ID recommend it to anyone into thinking with portals.",True,0,0,466,466,True,2026-06-15
620,Portal 2,Pretty good game. Has a lot of pretty cool puzzles with portals. Some are pretty frustrating to get past.,True,0,0,1097,1097,True,2026-06-14
620,Portal 2,"for the time it was made it has some very well made graphics and game design, along with a pretty decent story! i would definitely recommend to any portal 1 player, and if you haven't played portal 1 for sure play that too!",True,0,0,215,215,True,2026-06-14
620,Portal 2,"---{ Graphics }---
☐ You forget what reality is
☑ Beautiful
☐ Good
☐ Decent
☐ Bad
☐ Don‘t look too long at it
☐ MS-DOS

---{ Gameplay }---
☐ Very good
☑ Good
☐ It's just gameplay
☐ Mehh
☐ Watch paint dry instead
☐ Just don't

---{ Audio }---
☐ Eargasm
☑ Very good
☐ Good
☐ Not too bad
☐ Bad
☐ I'm now deaf

---{ Audience }---
☐ Kids
☑ Teens
☑ Adults
☐ Grandma

---{ PC Requirements }---
☐ Check if you can run paint
☐ Potato
☑ Decent
☐ Fast
☐ Rich boi
☐ Ask NASA if they have a spare computer

---{ Game Size }---
☐ Floppy Disk
☐ Old Fashioned
☑ Workable (8 gigs)
☐ Big
☐ Will eat 15% of your 1TB hard drive
☐ You will want an entire hard drive to hold it
☐ You will need to invest in a black hole to hold all the data

---{ Difficulty }---
☐ Just press 'W'
☐ Easy
☐ Easy to learn / Hard to master
☑ Significant brain usage
☐ Difficult
☐ Dark Souls

---{ Grind }---
☐ Nothing to grind
☑ Only if u care about leaderboards/ranks
☐ Isn't necessary to progress
☐ Average grind level
☐ Too much grind
☐ You'll need a second life for grinding

---{ Story }---
☐ No Story
☐ Some lore
☐ Average
☐ Good
☑ Lovely (be better if u played the portal 1)
☐ It'll replace your life

---{ Game Time }---
☐ Long enough for a cup of coffee
☐ Short
☑ Average
☐ Long
☐ To infinity and beyond

---{ Price }---
☐ It's free!
☑ Worth the price
☑ If it's on sale (u get the 2 portals for 2$)
☐ If u have some spare money left
☐ Not recommended
☐ You could also just burn your money

---{ Bugs }---
☐ Never heard of
☑ Minor bugs
☐ Can get annoying
☐ ARK: Survival Evolved
☐ The game itself is a big terrarium for bugs

---{ ? / 10 }---
☐ 1
☐ 2
☐ 3
☐ 4
☐ 5
☐ 6
☐ 7
☐ 8
☑ 9
☐ 10
(ps: i love half life so i realy apreciate the game also thanks for gift :D)",True,0,0,363,363,True,2026-06-14
620,Portal 2,"My favorite game of all time, I remember playing it a bunch when I was younger and had a blast. This is the reason I enjoy puzzle games now. I would say this is very worth it to pick up and play.",True,0,0,8065,7909,False,2026-06-14
620,Portal 2,"this game. was ♥♥♥♥♥♥♥ amazing. Great puzzle game,
I hadn't played any portal content before this but i had heard people wanting glados to be mean to them.
*i understand now.*

Also, the game  crashed right after the final ending cinematic in the single player campaign. it was hilarious. Absolutely amazing game.",True,0,0,402,402,True,2026-06-14
620,Portal 2,"One of the best games I was fortunate to play as a teenager, it greatly influenced who I am today and I believe everyone should play it at least once, no matter if you know how the story goes or not.",True,0,0,1723,1723,True,2026-06-14
620,Portal 2,"It took me way too long to actually finish this game but WOW, what a story, and what fun gameplay. I'm not sure what else to say other than if you've played and enjoyed portal 1, and haven't played portal 2, PLAY PORTAL 2 IMMEDIATELY!",True,0,0,625,449,True,2026-06-14
620,Portal 2,"15 Years late to this. I laughed. I cursed. I had a great time. Definitely a gem. Both this and the first. The humor is what makes the game really shine. Without the banter, dialogue, and straight up Lunacy of the characters, this would be a much more mundane title. Only 34% of players, at the time of writing, have gotten the final achievement. That tells me that most people who pick up this game do not  finish it. All I can say is, see it through to the end. You will not be disappointed. 

",True,0,0,488,488,True,2026-06-14
620,Portal 2,"One of my favorite games of all time, 10/10. Ever since i first played this game on Xbox as a kid, I've always been enamored with how unique this story is, how it was exciting to play with some funny moments, and from just how much detail they put into the environment of it. Since playing it now on the PC, I'm surprised how the graphics still hold up really well, considering that this came out 15 years ago. Anyway- love this game! :D",True,0,0,2322,2322,True,2026-06-14
620,Portal 2,"great game, love it, has great replayability",True,0,0,1745,1349,True,2026-06-13
620,Portal 2,"10/10 game with amazing story, humour and puzzles.",True,0,0,497,497,True,2026-06-13
620,Portal 2,"Valve really took everything great about Portal, made it even better, and then iterated on top of that. In my 30+ years of gaming, Portal 2 is about as close to a perfect game as I've ever found and it's Valve at its best, IMO.",True,0,0,1148,1148,True,2026-06-13
620,Portal 2,"Portal 2 Is a masterful game that I liked more that I though I would. I played the first portal  a few months ago and it was pretty good but this one is much better in my opinion. 
Lets start with the graphics and they have defiantly aged but I feel like they fit perfect. I like the slightly low poly look and it adds to the vibe. 
The puzzles are of course amazing and really make you think. There is many more puzzle gimmicks compared to portal 1 and they all where enjoyable. There where only 2 puzzles that where giving me lots of trouble and that's more of me not being smart enough than the games fault. 
The atmosphere and story of portal 2 was my favorite part of the whole game. You learn a lot about the past  of Aperture Laboratories. The scale of the science mega structure felt so much grander and  more ominous than in the 1st game and I loved that. some of the set pieces are so cool and that ending sequence was especially amazing. Also the humor is on point and the characters are great.
I cant say much on the CO-OP side because I only played the main story but from the looks of It it seams good and I would like to try it some time.
Of course the game runs grate and the price is worth it. It's a must play for anyone that hasn't yet and I don't know why I dint play it sooner. 9.5 / 10",True,0,0,430,430,True,2026-06-13
620,Portal 2,Very cool game plus you can play community chambers so the game is pretty much infinite,True,0,0,2066,1762,True,2026-06-13
620,Portal 2,Nothing to add. This game was as amazing if not better than the first Portal. A classic.,True,0,1,2084,2084,True,2026-06-13
620,Portal 2,"This is hands down the best game I have ever played. The gameplay, the storytelling, everything is top tier!!",True,0,0,473,436,True,2026-06-13
620,Portal 2,"Absolutely love this game. problem solving, danger, humor, and suspence all in one.",True,0,0,511,511,True,2026-06-13
620,Portal 2,"in my opinion not as good as portal 1, but has better plot and fun new mechanics",True,0,0,777,777,True,2026-06-12
620,Portal 2,"AMAZING story, AMAZING gameplay, AMAZING features, AMAZING soundtrack (especially the music flourishes with the gels), AMAZING cast, overall an 11/10 game, my personal all-time favourite, would 100% without a shadow of a doubt recommend to anybody",True,0,0,315,315,True,2026-06-12
620,Portal 2,Federal regulations require me to inform you that this next game: Is loooking pretty gooood!,True,0,0,1658,1652,True,2026-06-12
620,Portal 2,"Complete and perfect game, just clocked it for the second time and felt all the magic I felt the first I played it all over again. Will be hard for any game ever to come close to how genuinely pure and fun this game is.",True,0,0,884,884,True,2026-06-12
620,Portal 2,Its a Valve game made during their golden era. What do you expect? Of course it rocks.,True,0,0,1898,1892,True,2026-06-12
620,Portal 2,"Great, Love all the characters in this game, the co-op is also very fun. I did have to look up some solutions but I think thats a me problem",True,0,0,1516,1506,False,2026-06-12
620,Portal 2,"Portal 2 is peak puzzle game chaos, and the co-op is honestly some of the most fun I have had in a game.

The single-player is already fantastic. The writing is hilarious, the puzzles are clever, the world is bigger, and GLaDOS continues to be one of the funniest little nightmare computers ever created. It takes everything that made the first Portal great and gives it more space to breathe, more personality, and more weird science nonsense.

But the co-op?

Peak fun.

Portal 2 co-op is the perfect mix of teamwork, confusion, betrayal, and laughing so hard you forget what you were supposed to be solving. Nothing tests communication quite like trying to explain portal placement to another person while both of you are actively making the room worse.

It is one of those co-op modes where you feel like geniuses when you solve something, even if it took forty minutes, three accidental deaths, and one of you launching the other into the void “for science.”

The best part is that both players actually matter. You are not just tagging along. You have to work together, think together, fail together, and occasionally stare at each other through portals like two confused lab rats with Wi-Fi.

Portal 2 is smart, funny, creative, and still ridiculously fun. The puzzles are great, the writing is sharp, and the co-op alone makes it unforgettable.

Absolute classic. No notes. Except maybe stop trusting your co-op partner near buttons.",True,0,0,1501,1501,True,2026-06-12
620,Portal 2,"absolute cinema. awesome puzzles iconic characters, and unique and funny story",True,0,0,2269,863,True,2026-06-12
620,Portal 2,amazing game with lots of fun puzzles and engaging storyline is definitly a must play,True,0,0,587,587,True,2026-06-12
620,Portal 2,"S+ tier Valve game, Absolute Peak, Absolute Fun.",True,0,0,7982,7982,True,2026-06-12
620,Portal 2,"One of the best puzzle games on the market, with an excellent story behind it to keep you engaged.",True,0,0,406,406,True,2026-06-12
620,Portal 2,somehow it improved on a game that was already great to begin with. it's very witty and the puzzles are challenging and glados is still my favorite. very fun!,True,0,0,781,781,True,2026-06-11
620,Portal 2,very fun game to play single or with friends and the level builder is fun,True,0,0,784,766,True,2026-06-11
620,Portal 2,"I just finished it, and it's an AMAZING game. Games nowadays just aren't like this anymore. You have to play it at least once in your life. I also played the first game, and that was great too. It's just so sad that there isn't a third game. However, I don't think the ending really needs a follow-up.
",True,0,0,793,604,True,2026-06-11
620,Portal 2,"beat this on my xbox, then got it on PC, same for portal 1. speaking of portal 1, portal 2 is a very good sequel to it. the voice acting & worldbuilding are nice",True,0,0,414,266,True,2026-06-11
620,Portal 2,"CLÁSSICO, simplesmente um jogo atemporal de bom, vale mt jogar com um amigo",True,0,0,148,148,True,2026-06-11
620,Portal 2,"Absolute Cinema!!!
 Such an amazing game. Beautifully crafted, funny, relatable dialogue, amazing level design, balanced difficulty, great visuals and this game always kept a smile on my face. Genuinely one of the best games I've played.",True,0,0,499,499,True,2026-06-11
620,Portal 2,Legitimately my favorite game ever and changed my mind on videogames as a storytelling medium.,True,0,0,646,646,True,2026-06-11
620,Portal 2,"The first Portal cannot be replaced in my heart. But MAN they did come close with Portal 2. I've played the original portal so many times I lost count... and this one I might have played more. The humor in the first one is carried over into this game and it might even shine a little more. The puzzles are (obviously) great. The co-op games are a fantastic addition and it got me and my friends through a deployment in 2017. The characters all have such a great charm to them. I have a gigantic poster of Portal 2 next to my desk that I got when the game came out I love it that much. Nothing beats the Portal Games for me. If I had to pick a game series to play for the remainder of my life, it would be Portal. 

10,000,000/10 for potato GLaDOS",True,0,0,23,23,True,2026-06-11
620,Portal 2,"Not only an excellent single-player campaign, but a co-op experience that was truly ahead of the competition.",True,0,0,665,665,False,2026-06-11
620,Portal 2,"peak valve. I've played through this game more on my dads account as a child,and coming back to it did not disappoint. great dialogue, the gameplay is a blast, and the antagonists are PERFECT. 11/10 game for sure.",True,0,0,320,320,True,2026-06-11
620,Portal 2,spent 5.6 hours gooning to glados and then the rest was spent playing the game,True,0,0,588,339,True,2026-06-10
620,Portal 2,"Used to watch my dad play all the time. Very nostalgic.
That aside the puzzles make you feel very smart when you solve them. Some of the jokes are better than I remember.",True,0,0,467,350,True,2026-06-10
620,Portal 2,wonderful game that has held up well over time. great graphics and sound. still fun to play,True,0,0,5152,4565,False,2026-06-10
620,Portal 2,"Best game I have every played!
Most computers can run it, since it was made in 2011, and the story and gameplay is amazing!",True,0,0,612,590,True,2026-06-10
620,Portal 2,"The story is amazing and I love every bit of it, the puzzles are super intuitive and intriguing, Playing them is a lot of fun too and the environmental story telling is amazing too, I love this game to death and will sink more hours into the community test chambers too",True,0,0,7129,6081,True,2026-06-10
620,Portal 2,its   good game and it preforms like 200+ fps also i reccomend v-sync,True,0,0,2794,2789,True,2026-06-10
620,Portal 2,is well optimized and a great game overall.,True,0,0,300,192,True,2026-06-10
620,Portal 2,"Best Puzzle Game EVER MADE, NO WAY THAT THIS LEVEL OF STORY TELLING WILL EVER, EVER BE RECREATED BY ANY OTHER GAME.
The Story of Portal 2 is just jaw-dropping at times, the story is way too good. Especially the story telling.",True,0,0,735,735,True,2026-06-10
620,Portal 2,Very hard puzzles but a good game. Kinda reminds me of the Zelda tears of the kingdom shrine puzzles. Only a few hours in but very fun!,True,0,0,233,193,True,2026-06-10
620,Portal 2,"Very fun, Good story, Complicated and hard but somewhat easy",True,0,0,2057,1987,True,2026-06-10
620,Portal 2,"One of the few great coop games. 
Loved the gameplay and the story. 
",True,0,0,308,308,True,2026-06-10
620,Portal 2,its so good its fun and has a good plot i recommend playing with ur friends,True,0,0,1403,1377,True,2026-06-10
620,Portal 2,"Best epic game so epic.

GLaDOS is very tato",True,0,0,1086,1002,True,2026-06-10
620,Portal 2,There's endless beauty and fun in simplicity. You owe me a cake.,True,0,0,379,379,True,2026-06-10
620,Portal 2,Great game. So many features there CO-OP player. level creation and a story/.,True,0,0,355,330,True,2026-06-09
620,Portal 2,this game is fun even you can make your own test chambers also valve not to be rude but can you add in the create test chambers a section called bee mod her you grab every thig from bee mod and put it in that section and a other section called setting witch  what time the test chamber takes place.,True,0,0,3709,3172,True,2026-06-09
620,Portal 2,"I mean its Portal 2. Its reputation is what it is for a reason. This game is...as the kids say...""Goated"".",True,0,0,962,536,True,2026-06-09
620,Portal 2,"Even so many years after the release of the portal series, it is still a absolute masterpiece. Worth every cent. Heck, I'd pay twice the price.",True,0,0,660,294,True,2026-06-09
620,Portal 2,"It's all I hoped for, after over 10 years I finally got around to play it.

I'd certainly would get a Portal 3 if it were in the works :)",True,0,0,516,516,True,2026-06-08
620,Portal 2,"I got this game a few years ago on pc, but stopped because I didn't want to have spoilers for Portal 1, so I bought the companion cube collection on the eShop (which includes Portal 1+2), and then started playing Portal 1. Turns out, there's not a whole lot you miss out on if you skip the original, so it's great for people who have never played a portal game before. I actually prefer this game over the original because it has more story than the original.",True,0,0,780,780,False,2026-06-08
620,Portal 2,"Portal 2 is a rare sequel that improves on its predecessor in nearly every way. Developed by Valve, the game combines brilliant puzzle design, exceptional writing, memorable characters, and polished gameplay into an experience that remains outstanding years after its release.

The core mechanic—using a portal gun to create linked portals and navigate increasingly complex test chambers—is easy to understand but allows for incredibly creative and challenging puzzles. Each new mechanic is introduced gradually, making the learning curve feel natural while constantly presenting fresh challenges. The puzzles are satisfying to solve because they reward logical thinking rather than trial and error.

The story is surprisingly engaging for a puzzle game. The interactions between GLaDOS and Wheatley provide some of the funniest and most memorable dialogue in gaming. The writing is clever, witty, and consistently entertaining, making even transitions between puzzle sections enjoyable.

Visually, the game still holds up remarkably well. The environments of Aperture Science Enrichment Center feel distinct and atmospheric, ranging from pristine testing chambers to fascinating abandoned sections that reveal the facility's history. The sound design and voice acting are equally impressive and contribute greatly to the game's immersive atmosphere.

Another major strength is the cooperative mode, which offers a completely separate campaign with unique puzzles designed specifically for two players. It encourages teamwork and communication while maintaining the same high standard of puzzle design found in the single-player experience.

Few games manage to balance challenge, humor, storytelling, and innovation as effectively as Portal 2. Whether you're a fan of puzzle games or simply looking for a memorable gaming experience, Portal 2 is an absolute must-play and remains one of the finest video games ever created.",True,0,0,517,482,True,2026-06-08
620,Portal 2,"If you have not played portal, you have not been on steam. even though the game is 10+ years old, there are many community ran mods and co-op mode. 9/10 could use more gameplay",True,0,0,26338,26320,True,2026-06-08
620,Portal 2,"This was my favorite game for about ten years, which I spent many more hours playing off a dvd on my childhood xbox. I then forced it out of my mind for about 5 years in effort to forget all I could to be able to experience it for the first time again. THAT is how good it is. Enjoy.",True,0,0,2090,1737,True,2026-06-08
620,Portal 2,The perfect puzzle game. Took me a while to try it out but damn. The story and just overall puzzles are really good,True,0,0,597,518,True,2026-06-08
620,Portal 2,Even after all these years this is still a great game.  Going through it with a friend for their first time and it still looks and runs really well.  And still very fun!,True,0,0,970,817,False,2026-06-08
620,Portal 2,"A great sequel, one that still gets tons of community support to this day. The co-op mode is excellent and very worth bringing a friend along.",True,0,0,1717,1717,True,2026-06-07
620,Portal 2,"Good game love the story multiplayer is fun, Difficult puzzles overall great game",True,0,0,875,443,True,2026-06-07
620,Portal 2,The story... oh my me likey. For a game made within 2011 is still carrying within 2026. I think this game is going to carry to further generations as it is a great game to play for the story and the multiplayer side to just mess around with friends in. Made me have to actually use my brain for some of these puzzles. I still recommend people to buy this if your thinking about doing it. Can I have my cake now?,True,0,0,681,681,False,2026-06-07
620,Portal 2,One of the best games ever made sadly very breif but considering you get one of the best coop play throughs in it as well means you can get quite a bit more out of it. Even all these years later it not only holds up but I got a lot more out of it.,True,0,0,1666,1666,True,2026-06-07
620,Portal 2,"I highly recommend this game because of how complex and adventurous it can be in a same time.
It's gameplay is not only problem solving, but exciting chases and even a boss fight.
It is not violent, and there are no violent visuals, so my personal PEGI recommendation is 11 years and above.
There is also included a co-op type of gameplay that is one of my favourite elements of this game.
Buying Portal 2 is never a mistake.",True,0,0,2219,1906,False,2026-06-07
620,Portal 2,"I had a crush on GLaDOS when i was younger so I recommend this game.
I love it the atmosphere and the story telling even on the credits
The dialogue and voice acting is fantastic.
Gameplay is fantastic.
Fantastic game.
Yep. Play it. Go on.",True,0,0,810,810,True,2026-06-07
620,Portal 2,"THERE IS SO MUCH CONTENT!!!!!!!!! I'll right something more detailed later, but to get this game, you don't need any, just get it (BUT PLAY PORTAL 1 FIRST)!!!!",True,0,0,369,369,True,2026-06-07
620,Portal 2,"One of the absolute best games ever made, Portal 1 was arleady Perfect but Portal 2 pushed the score even further. Everything from the graphics to the gameplay and characters everything is absolutely perfect. I highly recommend this game for everyone",True,0,0,472,472,True,2026-06-06
620,Portal 2,You woudn't think a game with a silent protaganist would have on of the best written dialogue in videogame history,True,0,0,1072,1023,True,2026-06-06
620,Portal 2,"dünyanın gelmiş geçmiş en iyi puzzle oyunu oynamayan herkes hayat karalarını yeniden düşünsün, saygılar.",True,0,0,2371,2371,True,2026-06-06
620,Portal 2,"Another great puzzle game and a good sequel to Portal.
Characters are simple but well made with good humor.
All levels are creative and unique. Many new mechanics compared to first game.",True,0,0,572,572,True,2026-06-06
620,Portal 2,"If Portal showed me why I play games, then Portal 2 confirmed it. Absolute masterpiece!",True,0,0,1318,1019,True,2026-06-06
620,Portal 2,"bit late to the party but I get why its beloved.

Funny, challenging, and just generally entertaining, it feels like portal 1's vision fully realized and an absolutely beyond worthy successor.",True,0,0,627,627,True,2026-06-06
620,Portal 2,"I loved the first Portal game, and Portal 2 is even better! I love these puzzles so much.",True,0,0,450,450,True,2026-06-06
620,Portal 2,I have not finished the plot yet but the game is unique in its problem solving and is engaging plot wise.,True,0,0,318,314,False,2026-06-06
620,Portal 2,Classic Co-Op brain game. Very fun. Requires communication & teamwork to complete puzzles.,True,0,0,1007,943,True,2026-06-06
620,Portal 2,one of the greatest games ever made. can be played many times and always fun to be had,True,0,0,1292,1292,True,2026-06-05
620,Portal 2,"This is a must have experience. Valve managed to out-do themselves with this title.
If you are someone who has experienced the Half-Life series and think highly of those games, you must also play this game. Why aren't you doing that?
Its a shame that, not enough people try the co-operative features of this game anymore. Last time I checked, this title had 1,980~ active players, according to SteamDB.
If you see Portal 2 on sale under $3, you make that purchase without ever giving it a second thought. You understand?
",True,0,0,602,280,True,2026-06-05
620,Portal 2,"This is one of those rare games where almost everything just works. The puzzles are smart without feeling unfair, the writing is sharp, and the whole thing has that Valve confidence where it teaches you complicated ideas so smoothly you don’t notice you’re being trained like a lab rat with slightly better shoes.

The humor is a huge part of why it’s so memorable. GLaDOS is still perfect, Wheatley is a disaster in the best way, and Cave Johnson sounds like a man who could turn terrible business decisions into company policy with full confidence. The game is funny without stopping every five seconds to beg you to laugh, which is harder than it sounds.

I also love how the puzzles keep adding new layers. Portals, lasers, gels, light bridges, momentum, timing — it all builds naturally, and when you finally solve a room, you feel clever for about three seconds before realizing the game probably planned that feeling too.

And then there’s co-op, which is basically a friendship test with portals. Great idea, questionable communication, both players blaming physics. Perfect.

Still one of the best puzzle games ever made. Smart, funny, clean, creative, and somehow still fresh years later.
",True,0,0,513,513,True,2026-06-05
620,Portal 2,"Very nice game, but i think portal 1 is arguably better, very smooth, almost always 200+ fps, on the highest graphics settings, i didn't play the coop tho, so it was for the singleplayer part, have a great day.",True,0,0,782,782,True,2026-06-05
620,Portal 2,"got this game gifted and i rlly want to thank my friend for this game since its very good, valve always makes high quality games, also the fact that it ran with high graphics smoothly in my laptop makes it even better, my laptop is kinda old, other games got lag spikes but this dint at all, thxsm valve for making amazing quality games.",True,0,0,501,445,False,2026-06-05
620,Portal 2,After playing every Valve game this really does feel like the culmination of everything Valve has learned about puzzles and platforming from all there single player games. The fact they added co op and the puzzles are designed around both players is insanely good level design. Just like half life 2 it feels like Valve designed source physics and a gun that interacts with everything first and the game followed. There are not a lot of games like portal and not a lot of items as iconic or fun as its main gun. The robot designs are cute and iconic. The characters are quite funny and memorable too. The ending is nice bow for the end of the series as well.,True,0,0,1142,445,True,2026-06-05
620,Portal 2,very good story and gameplay for a sorta old game definetly must buy,True,0,0,581,510,True,2026-06-05
620,Portal 2,"The first one was more innovative, but more of the same doesn't mean bad.
It means more of something good.
This game is just that. More of what made us love Portal. If you like puzzles, get it. If you don't, get it anyway. That's how good it is.",True,0,0,1806,1386,True,2026-06-04
620,Portal 2,Games great played it twice and want to sock the british guy in the face. I would also bang the potato,True,0,0,951,889,True,2026-06-04
620,Portal 2,"I played with my friend randomly 2 times! Great RNG and a fun puzzle game.
",True,0,0,998,276,True,2026-06-04
620,Portal 2,"Very fun game, strangely nostalgic. NEVER TRY TO DO THE CHAMBERS THE NORMAL WAY!!! (Except when you have to...)",True,0,0,1048,1001,False,2026-06-04
620,Portal 2,"woah, its almost like its some kind of portal, 2? hmmm i think i like that name




-john porr tall creator of the game",True,0,0,648,67,True,2026-06-04
620,Portal 2,The one puzzle game that I can actually solve without looking up the answers or feel unchallenged! Genuinely a great game!,True,0,0,572,510,True,2026-06-04
620,Portal 2,A classic of a game and still well worth playing today. The puzzles are great and the AI sphere is funny.,True,0,0,761,761,True,2026-06-03
620,Portal 2,"Extremely great story, amazing new additional mechanics compared to the first game, and a very excellent level builder for infinite replayability after completing both single and co-op campaigns. Overall, an amazing improvement off of the first game and a must-play puzzle game. I did find the final boss a little too easy and basic but I loved everything else.",True,0,0,592,528,True,2026-06-03
620,Portal 2,"i haven't beaten any other puzzle games besides TTP and portal, but i'd easily consider this the best puzzle game ever and an example of a great sequel. everything about this aged well in so many ways and the overall game was fun to the point where i had no complaints even in the end. i also like how you don't have to run this on a supercomputer despite the graphics being incredible and the game isn't too hard making this accessible for everyone. incredible game, without a doubt a 10/10",True,0,0,1369,1027,True,2026-06-03
620,Portal 2,"A very good addition to the first portal game better graphics, better gameplay. Recommended if you have already played the first one. Overall a brilliant game that you will loads of hours out of it",True,0,0,6389,6389,True,2026-06-03
620,Portal 2,"I've loved this game ever since I got it for christmas 2022 alongside my ps3. the humor is timeless, the puzzles are fun, and the robots are cute

overall i'd say this game is so good it made me forget i have 4 stds and a parasite",True,0,0,685,213,True,2026-06-03
620,Portal 2,"這款遊戲並非只是動畫效果更佳、卡牌更新的《殺戮尖塔》。初代《殺戮尖塔》的核心精髓依然保留，但遊戲本身已煥然一新。新職業趣味十足，我特別喜歡對老職業的改動，例如缺陷者職業現在有更多臨時專注選項，而非永久專注。

我一直在測試服體驗，開發團隊確實會聽取玩家回饋，並積極更新遊戲以提升體驗（例如削弱無限連擊）。我非常期待1.0正式版發布後，這款遊戲會呈現出怎樣的面貌，包括新增的劇情模式、真實結局等等。",True,0,0,104,104,True,2026-06-03
620,Portal 2,"
---{ Graphics }---
☐ You forget what reality is
☐ Beautiful
☑ Good
☐ Decent
☐ Bad
☐ Don‘t look too long at it
☐ MS-DOS

---{ Gameplay }---
☑ Very good
☐ Good
☐ It's just gameplay
☐ Mehh
☐ Watch paint dry instead
☐ Just don't

---{ Audio }---
☑ Eargasm
☐ Very good
☐ Good
☐ Not too bad
☐ Bad
☐ I'm now deaf

---{ Audience }---
☐ Kids
☑ Teens
☑ Adults
☑ Grandma

---{ PC Requirements }---
☑ Check if you can run paint
☐ Potato
☐ Decent
☐ Fast
☐ Rich boi
☐ Ask NASA if they have a spare computer

---{ Game Size }---
☐ Floppy Disk
☐ Old Fashioned
☑ Workable
☐ Big
☐ Will eat 15% of your 1TB hard drive
☐ You will want an entire hard drive to hold it
☐ You will need to invest in a black hole to hold all the data

---{ Difficulty }---
☐ Just press 'W'
☐ Easy
☐ Easy to learn / Hard to master
☑ Significant brain usage
☐ Difficult
☐ Dark Souls

---{ Grind }---
☑ Nothing to grind
☐ Only if u care about leaderboards/ranks
☐ Isn't necessary to progress
☐ Average grind level
☐ Too much grind
☐ You'll need a second life for grinding

---{ Story }---
☐ No Story
☐ Some lore
☐ Average
☑ Good
☐ Lovely
☐ It'll replace your life

---{ Game Time }---
☐ Long enough for a cup of coffee
☐ Short
☑ Average
☐ Long
☐ To infinity and beyond

---{ Price }---
☐ It's free!
☑ Worth the price
☐ If it's on sale
☐ If u have some spare money left
☐ Not recommended
☐ You could also just burn your money

---{ Bugs }---
☑ Never heard of
☐ Minor bugs
☐ Can get annoying
☐ ARK: Survival Evolved
☐ The game itself is a big terrarium for bugs

---{ ? / 10 }---
☐ 1
☐ 2
☐ 3
☐ 4
☐ 5
☐ 6
☐ 7
☐ 8
☑ 9
☐ 10",True,0,0,1935,1918,True,2026-06-03
620,Portal 2,"co-op is SO fun if other friends have portal 2. and also the main solo game is very fun too, lots of tricky puzzles to keep you going :]",True,0,0,1008,370,True,2026-06-03
620,Portal 2,"comming from portal 1 this game amped up everything good about the pervious game. And did things beyond that.  Thoroughly enjoyed the playthrough. story and humor throughout is even better this time around.  graphics, visuals and the artstyle is so freaking good. 9/10 easily for me.",True,0,0,785,780,True,2026-06-03
620,Portal 2,"(Slight spoiler alert.) I think this game is one of the best games I've ever played. One of my favourite things about it is that the storyline is exceptional. While GLaDOS DOES, admittedly, insult you throughout nearly the whole game up until she becomes a potato, it's just silly jokes and shouldn't be taken personally. The way Wheatley was designed visually is incredibly detailed, and his attitude and the way the game portrays his moronic features overall was outstanding to me. It shows a lot of new features from Portal 1, and is a fun sequel to learn there's more to Aperture than you first thought in Portal 1. While it has an entirely new design and so much more attention to detail, somehow Portal 2 keeps that original Portal vibe. The Co-op mode is well-built, too. At the end of the game, when you shoot the moon, it was an incredible idea. Seeing as you learn moon-rock conducts portals excellently in chapter 6, I have to give it credit as eventually Wheatley hints that the moon can be shot. His words are ""Keep looking at your precious human moon. It won't help you now!"" But of course obviously it will help you, as it is the only thing you can do. Apology if the review was too long.",True,0,0,836,693,True,2026-06-02
620,Portal 2,"I remember playing this game when I was younger playing it on the Xbox 
This game is really great at story telling and the puzzles are just perfect 
Although I spent 20mins on a few levels

I also love trolling my friends in multiplayer",True,0,0,411,411,True,2026-06-02
620,Portal 2,"Great game that doubles the power of its predecessor,

Portal 2 is responsible for a super well paced story (with phenomenal villains) that centers around very clear, but always engaging, puzzle solving. This game maintains stakes, energy, and pace while revolving around only puzzle solving. The co-op campaign is a thing of beauty; great OG co-op that has super fun puzzle-solving design.

Great solo or team adventure. Grab a pal. Eat cake or whatever",True,0,0,17,17,True,2026-06-02
620,Portal 2,"Great puzzle & survival horror. Not as scary as the first game, but still pretty scary. Can be hard at times, but the puzzles don't matter. The game and lore and story are extremely good. 8/10. Also runs amazingly on low-end PCs. No mac support, though.",True,0,0,537,537,True,2026-06-02
620,Portal 2,"Thanks to my vocalist friend for gifting me this ♥♥♥♥. Played for 66 minutes. Great ♥♥♥♥♥♥♥ game! Can't wait to play more tmrw, but it's 4:15 AM. Might go buy the first game.",True,0,0,99,66,False,2026-06-02
620,Portal 2,"Portal 2 to me is the absolute pinnacle of what a modern video game should strive to be. Everything about it is fine tuned to be as enjoyable an experience as possible, and a big part of that is because the game can be beat in only a day or two. This largely linear self-contained experience is exactly as long as it needs to be, and does overstay its welcome. As a result, you get an experience that is an absolute blast from start to finish. No long grindey periods that feel pointless, no annoying padding, nothing. The game's absolute lack of bloat in any significant fashion plays a huge part into what makes this game as incredible as it is.

The game's largely realistic but also stylized graphics are also timeless and still look stunning today (the lack of visible human characters aside from occasionally seeing Chell through portals also helps, since human characters age the worst in realistic looking games). The music matches the mood perfectly. The story is interesting and engaging without overtaking the gameplay in any meaningful way.

Portal 2 is what I consider a perfect video game. It's one of my favorite video games, and what I consider to be one of the greatest games ever made. It perfectly exemplifies what a good game should be in my eyes.",True,0,0,6890,6482,False,2026-06-02
620,Portal 2,"I'm not sure why Valve is scared of producing a third game in a series but we really could use a Portal 3 right about now, this is so timeless I need more levels!!!",True,0,0,838,838,False,2026-06-02
620,Portal 2,"One of the best puzzle games of all time, if you have been sleeping on Portal 2 I recommend you take the plunge. The dialog is fun and the voice acting amazing, and the puzzles, while difficult, prove to be solvable if you take a little time with them.",True,0,0,2163,579,True,2026-06-02
620,Portal 2,A must-play for anyone who enjoys puzzles. I've had so much fun playing it!,True,0,0,2332,1525,True,2026-06-02
620,Portal 2,Portals and physics and a cool story campaign and player mad map support? Awesome! Also community made mode like Portal: Reloaded or Community Edition.,True,0,0,1940,1919,True,2026-06-01
620,Portal 2,"Portal 2 is the game that is part of the portal series. It was relesed after portal and before portal 3. luckily for portal 2 however, it has always wanted to be the youngest child to recieve the majority of the familys love. And therefore sucessfully prevented the creation of portal 3 via condom. This does sadly imply that my second sentance is incorrect due to portal 3 not being something that exists in out reality. 

in the game portal 2 you play as either a ball robot or a tall robot, one of which not being acessable for you since you dont have the connections neccisary to play multiplayer. Luckily for you there is a single player option, meaning that you can experience the scary entrance scene dude aswell as the rest of the game alone and sad. And as the cherry pile being dumped on the cake via truck, there is a constant ai voice roasting you and only you through out the game. Incase you feel like you matter, this will multiply you by light twice.

The core mechanic of both portal games (including the first one), is suprisingly portals, which is something that even i couldn't guess. These are created using your company issued portal gun. The colors being shot out are (0,0,255) and the color \sqrt{6\sum_{n=1}^{\infty}\frac{1}{n^{2}}} usually has. These portals can sadly only be used on certan surfices, which are the white ones in singular since they are the only ones that can be portaled to. sometimes you will find water on the ground, which is terrible compound design by the ones who designed the building you play in. Unfortunately for you, this water is not flowing. Meaning that you somehow aren't fine after touching it, since robots somehow now can die of brain eating amoeba.

One of my favorite mechanics in the game is something that you'll never experience since it requires who people. Therefore i dont even recomend you reading this paragraph. but the mechanic that im talking about are the shared emotes that you can do. As an example you can force your companion to do a high five with you, or if you're playing as the long guy in multiplayer (which you aren't), you can take your ""friends"" ball shaped torso from him / her. But be careful, your friend might come to your house and bash your head with a frying pan if you do that.

In conclution, portal ೨ is a game where you survive and dont die via non robotical deaths, which is impossible since robots cant die. 

1 thousand / 1000  Portal 2 - The Final Hours",True,0,0,469,469,True,2026-06-01
620,Portal 2,Top 2 games oat. Its eerie feeling at times and having a dystopian setting compliments the game very well. Also doesnt need a good pc to run,True,0,0,612,275,True,2026-06-01
620,Portal 2,"game is amazing and runs very well on a ♥♥♥♥♥♥ pc, w optimization.
",True,0,0,396,392,True,2026-06-01
620,Portal 2,"Coming back to this game after 14 years, and it is still one of the best games of all time.",True,0,0,1596,1559,True,2026-06-01
620,Portal 2,"One of my favorites. The world and the lore is fantastic, on top of pristine gameplay mechanics!",True,0,0,977,977,False,2026-05-31
620,Portal 2,"Just as peak as every other valve story game. Play the first one, first! Took me about 6 hours for this one and 3 for the other one. good stuff.",True,0,0,791,790,True,2026-05-31
620,Portal 2,"The best puzzle game ever released, it is funny, it is immersive, it will find you scratching your head thinking inside and outside the box to get to the end of each level. Incredibly short but one of the sweetest games you will ever play",True,0,0,2833,2833,True,2026-05-31
620,Portal 2,"A very original, funny and witty game combining logic puzzles and action!",True,0,0,3252,3095,True,2026-05-31
620,Portal 2,it followed really well after the first part the story was greater and the graphics are still really good after this game being this old!,True,0,0,622,622,True,2026-05-31
620,Portal 2,i thought this game was more fun/polished than portal 1 but also it doesn't really introduce the story from portal 1 very well. it's more like a continuation and i get the sense that they were intending people to have played the first one first and then this one. but i found this more fun than portal 1. i wouldn't start with this game though,True,0,0,757,757,True,2026-05-31
620,Portal 2,"I had 28 hours in this game and never played the singleplayer mode haha.

Now I have, it's amazing. Can definitely recommend this game.

Turn on ""Raw Mouse Input"" in settings if you want looking around not to feel like ♥♥♥♥.",True,0,0,2040,1918,True,2026-05-31
620,Portal 2,"It runs great for my bad computer despite it having some heavy graphics. The story is very creative & unique, making the game an awesome sequel to the first game. They use the new mechanics in interesting ways, the gels are very fun to use but hard to master. Wheatley and GLaDOS are some of the best characters in the game, with great humor and voice acting. Even after the main game, Valve added community maps, so you can always have something to do after beating it.

9.5/10.",True,0,0,1751,1091,True,2026-05-30
620,Portal 2,A masterpiece of a puzzle game and i can never get over how beautiful the ending song is,True,0,0,959,941,True,2026-05-30
620,Portal 2,"What if you took a game, a game that was already really good, and made a sequel of said game by making it like 10 times better? Whatever example you may have in your head, throw it out the window and revel in the beauty of the sequel to the first Portal, Portal 2. If the first Portal is a unique experience, then Portal 2 is a drug designed to stimulate you out the wazoo and boy howdy does it deliver. The callback to the first game, the references to the world around you (y'know, the other Valve titles), and the sheer amount of lore and insults thrown your way is commendable. In the first Portal, it's a game that was clearly designed in an earlier era of gaming, by an up and coming studio that was testing some real cool stuff. Portal 2 is the result of letting developers work their magic and understand more about what it is the players want in a game, and more importantly, a Portal game. Portal 2 delivers far more content than the first title, be it by simply giving you more puzzles to work with, or by going around the Aperture Science facility (instead of being trapped in the fairly sterile rooms like in the first game). Not to mention, a ton more voice acting and interaction with the AI that make you feel less like a test subject and more like an escapee. It may not be a long game, but there's also the multiplayer action that can supplement a ton more hours with friends, and quite a bit of support within the modding community. All in all, it's a lovely game that I do believe everyone with the hardware should try.

And, as always, I will be waiting for the day Gabe can count to the legendary number ""3"".",True,0,0,424,424,True,2026-05-30
620,Portal 2,This game is amazing is manged to become my most favourite game of all time. Infinite replayablity considering ive replayed this dozens of times. Highly suggest buying this game,True,0,0,6351,6320,True,2026-05-30
620,Portal 2,"Really good if you're bored and looking for something to do. It can get really tricky at times, but when you look back at it, the solution often seems obvious. Overall, a fun and satisfying game.

-8/10
",True,0,0,599,599,True,2026-05-30
620,Portal 2,"Best value for money game ever, Both single player and co-op modes were very well made and worth the price only downside i have faced might be that my last remaining brain cell has essentially resigned from too much workload.

Was it 10/1 or 10 x 10???? Oh well HIGHLY RECOMMENDED",True,0,0,1098,1000,True,2026-05-30
620,Portal 2,"It's Portal 2 yes I recommend this game lol

Refreshing to go back to this game every once in a while, it has aged like wine. Still clever, still funny, still well designed, characters are still great. Really wish Valve would make games more often!",True,0,0,3563,3563,True,2026-05-30
620,Portal 2,played the first portal and i loved it. portal two was even better and i would recommend it as a classic series of games.,True,0,0,5384,5156,False,2026-05-30
620,Portal 2,Excellent job on valve's part. Great game from back when big company's weren't greedy. But on that note portal 3 when I feel like there is more story to explore and would love a 3rd game to finish off the series,True,0,0,6243,6220,False,2026-05-30
620,Portal 2,"Portal 1 is the second best puzzle game, this is the first.",True,0,0,552,552,True,2026-05-30
620,Portal 2,"A puzzle game worthy of the name! Much longer than its predecessor, but that is hardly a bad thing given how genuinely entertaining and well-scripted everything is. On the flipside however, it is Portal. Your patience will be tested. Sanity, too.

",True,0,0,1439,1439,True,2026-05-29
620,Portal 2,Crazy story game including coop. I just LOVE this game. I strongly recommend you playing it because it is so overlooked by the players. 10/10,True,0,0,2216,2216,True,2026-05-29
620,Portal 2,"Portal two is a classic game that I honestly don't even need to do a review for. Everyone knows it, everyone has played it and if neither of those is true then I don't think a review by me would help anyway.

This game is way better than the first one. It is longer, has more mechanics and even more voice acting as well. The new set pieces and mechanics that come with them really help the game a lot. The gel, gravity beams and light walls make for interesting puzzles and I liked them quite a bit. We get a handful of new characters that are all good, even the starting AI voice that is only in the game for a short time. Of course Glados really shows off and Cave Johnson is so much fun. It was a good time all the way in no small part due to the great voice acting throughout.

I do recommend this game and even the first one as it is a nice starting point overall.
",True,0,0,322,322,False,2026-05-29
620,Portal 2,"This game is legend, Valve, big clap! So cinematic, humorous, but the best is the old factory's feeling, it makes the game truly unforgettable!",True,0,0,809,809,True,2026-05-29
620,Portal 2,"the game has a good story and a bunch of user made content so you wont have to buy a new game, its co-op game mode is really fun even with random people. the community is very kind",True,0,0,1730,365,True,2026-05-29
620,Portal 2,"game kept getting better and better and had 10/10 ending
",True,0,0,1037,1037,True,2026-05-29
620,Portal 2,"Amazing game. No comments, absolute masterpiece. This game made me love videogames again, and this might be one of the few games I will actually replay in my life time.",True,0,0,350,350,True,2026-05-29
620,Portal 2,"Good puzzle game, and the multiplayer campaign is also quite fun with friends. The puzzles truly have you thinking with portals.",True,0,0,684,643,True,2026-05-28
620,Portal 2,"Great sci-fi story, and characters. Especially my favorite moron core",True,0,0,7666,7316,True,2026-05-28
620,Portal 2,"this game had got to be the best game iv played in years

i mean when you beat the game and the turrets are playing this magnificent tune it just makes a grow man want to cry
",True,0,0,695,503,True,2026-05-28
620,Portal 2,Its a very good Puzzle game that is actually difficult at times without being impossible. I love this game and would forget everything just to play it again for the first time.,True,0,0,1095,1095,True,2026-05-28
620,Portal 2,"This the third time I am beating this game and each time I learn a better way to solve the puzzles in the game

also 10/10 story
Remember Cake is a Lie and Wheatly is the Dumbest moron ever created",True,0,0,550,180,True,2026-05-28
620,Portal 2,"Amazing game, an improvement on its predecessor if that was possible, with an awesome co-op campaign that has you and a friend really thinking with portals!",True,0,0,282,282,True,2026-05-28
620,Portal 2,Amazing experience I Highly Recommend it for anyone who wants something new and fresh,True,0,0,990,886,True,2026-05-28
620,Portal 2,I bought portal 1 and portal 2 on the same day i played portal 1 in one day it was alot calmer than this seventh layer of hell i actually havent been this mad at a game since i played CSGO for the first time i couldve played through portal 2 in one day but no i had to take actual breaks irl because this game made me so mad either way its a great game and great franchise i would recomend,True,0,0,505,505,True,2026-05-27
620,Portal 2,I got this game 10 years ago to play with my friend because it was the only game I could run on my computer. That computer crashed and I finally finished the story mode. I had a great time testing with Glados again!,True,0,0,1206,1206,True,2026-05-27
620,Portal 2,Must be one the most quintessential puzzle games out there for any type of gamer...yeah thats it...thats the review.,True,0,0,1057,983,True,2026-05-27
620,Portal 2,Just beat the game pretty good love the song tho you want your freedoom take it best line in the song love this game jonathon is good songwriter wheatleys funny,True,0,0,1089,879,True,2026-05-27
620,Portal 2,"This game feels like a fever dream, the final cut scene made me feel like i just woke up from a dream. Silly bots tho :3",True,0,0,1435,883,True,2026-05-27
620,Portal 2,amazing puzzle game! everything thats amazing about portal 1 but with more of it,True,0,0,384,384,True,2026-05-27
620,Portal 2,Me gusta mucho la parte en la que uno de los robots dice yo soy el portal dos y procede a portal dosear a todo el mundo. Este juego cambió mi forma de ver la tecnología en cuanto a lo erotico se refiere.,True,0,0,860,860,True,2026-05-26
620,Portal 2,"EVEN BETTER THAN THE FIRST GAME, though i highly reccomend to play the first game first",True,0,0,301,225,True,2026-05-26
620,Portal 2,"This game is a almost perfect blend of puzzles and story. I think it can be pretty difficult to add storytelling and puzzles at the same time but this game did a excellent job. I would HIGHLY recommend to play the first game first, but I cannot recommend this game enough. I can I just say that even in 2026 the graphics are still amazing?",True,0,0,2976,2752,True,2026-05-26
620,Portal 2,"Portal 2, is, in my opinion, the best video game ever created.

[h2] They did EVERYTHING right. [/h2]

Character design is fantastic. GLaDOS is a breath of fresh air in Female Character Design Hell™. Music is iconic for all the right reasons. Community is super nerdy. Puzzles were... um... not too difficult from my perspective, but overall super fun to play. Jokes are really funny. Portals are a very unique concept.",True,0,0,2575,2575,False,2026-05-25
620,Portal 2,If you like games with story and puzzles this is the game for you. It has great story and it's super fun.,True,0,0,972,774,True,2026-05-25
620,Portal 2,"Good game, works great on mac via crossover",True,0,0,617,617,True,2026-05-25
